content_type,profession,front,accepted_answers,count,source_paths,sample_ids
sentence_card,practical_nurse,complete the missing part of the sentence.,"muita toimenpiteeseen liittyviä leikkausinfektioita aiheuttavia tekijöitä ovat toimenpiteiden määrä, kesto ja kiireellisyys; kokemattomuus; vierasesineet kuten dreenit ja endoproteesit; alavatsan viilto, kudostrauman määrä, jäävän kuolleen tilan määrä, hemostaasin pitävyys ja kudoksen happeutuminen; sekä aseptiikan pettäminen, kuten käsineen rikkoutuminen ja huono ihon karvojen poisto ja desinfektio | desinfektio | desinfektio",20,/home/vitus/floently-finnish/apps/backend/materials/cards/published/professional/practical_nurse/phrases/b1_b2.json,card.sentence.practical_nurse.muita.toimenpiteeseen.liittyvia.leikkausinfektioita.aiheuttavia..1171 || card.sentence.practical_nurse.muita.toimenpiteeseen.liittyvia.leikkausinfektioita.aiheuttavia..1403 || card.sentence.practical_nurse.muita.toimenpiteeseen.liittyvia.leikkausinfektioita.aiheuttavia..5956 || card.sentence.practical_nurse.muita.toimenpiteeseen.liittyvia.leikkausinfektioita.aiheuttavia..6114 || card.sentence.practical_nurse.muita.toimenpiteeseen.liittyvia.leikkausinfektioita.aiheuttavia..6119
sentence_card,doctor,complete the missing part of the sentence.,"muita toimenpiteeseen liittyviä leikkausinfektioita aiheuttavia tekijöitä ovat toimenpiteiden määrä, kesto ja kiireellisyys; kokemattomuus; vierasesineet kuten dreenit ja endoproteesit; alavatsan viilto, kudostrauman määrä, jäävän kuolleen tilan määrä, hemostaasin pitävyys ja kudoksen happeutuminen; sekä aseptiikan pettäminen, kuten käsineen rikkoutuminen ja huono ihon karvojen poisto ja desinfektio | desinfektio | desinfektio",18,/home/vitus/floently-finnish/apps/backend/materials/cards/published/professional/doctor/phrases/b1_b2.json,card.sentence.doctor.muita.toimenpiteeseen.liittyvia.leikkausinfektioita.aiheuttavia..0794 || card.sentence.doctor.muita.toimenpiteeseen.liittyvia.leikkausinfektioita.aiheuttavia..10499 || card.sentence.doctor.muita.toimenpiteeseen.liittyvia.leikkausinfektioita.aiheuttavia..1964 || card.sentence.doctor.muita.toimenpiteeseen.liittyvia.leikkausinfektioita.aiheuttavia..1974 || card.sentence.doctor.muita.toimenpiteeseen.liittyvia.leikkausinfektioita.aiheuttavia..7257
sentence_card,practical_nurse,complete the missing part of the sentence.,"liian raskaan fyysisen aktiivisuuden on havaittu esimerkiksi vähentävän imusolujen eli lymfosyyttien määrää sekä aiheuttavan niiden toimintahäiriön, pienentävän t-solujen suhdetta ja vähentävän syljessä esiintyvän immunoglobuliini a:n määrää.[61] raskasta tai pitkäkestoista liikuntaa harrastavilla esiintyykin puolta enemmän ylähengitysteiden tulehduksia kuin niillä, jotka eivät harrasta liikuntaa[62]. | harrasta | harrasta",18,/home/vitus/floently-finnish/apps/backend/materials/cards/published/professional/practical_nurse/phrases/b1_b2.json,card.sentence.practical_nurse.liian.raskaan.fyysisen.aktiivisuuden.on.havaittu.esimerkiksi.vah.0662 || card.sentence.practical_nurse.liian.raskaan.fyysisen.aktiivisuuden.on.havaittu.esimerkiksi.vah.1464 || card.sentence.practical_nurse.liian.raskaan.fyysisen.aktiivisuuden.on.havaittu.esimerkiksi.vah.3601 || card.sentence.practical_nurse.liian.raskaan.fyysisen.aktiivisuuden.on.havaittu.esimerkiksi.vah.4651 || card.sentence.practical_nurse.liian.raskaan.fyysisen.aktiivisuuden.on.havaittu.esimerkiksi.vah.4967
sentence_card,practical_nurse,complete the missing part of the sentence.,"potilaaseen liittyvistä tekijöistä leikkausinfektion riskiä lisäävät muun muassa ikä, yleistila, suorituskyky, lihavuus ja aliravitsemus; sairaudet kuten infektiot, diabetes, munuaisten vajaatoiminta ja syövät; päihteet kuten tupakointi ja alkoholismi; sekä hoidot kuten sairaalahoitojaksot, sädehoito ja immunosuppressiiviset hoidot.[20] | immunosuppressiiviset | immunosuppressiiviset",17,/home/vitus/floently-finnish/apps/backend/materials/cards/published/professional/practical_nurse/phrases/b1_b2.json,card.sentence.practical_nurse.potilaaseen.liittyvista.tekijoista.leikkausinfektion.riskia.lisa.0476 || card.sentence.practical_nurse.potilaaseen.liittyvista.tekijoista.leikkausinfektion.riskia.lisa.0979 || card.sentence.practical_nurse.potilaaseen.liittyvista.tekijoista.leikkausinfektion.riskia.lisa.0984 || card.sentence.practical_nurse.potilaaseen.liittyvista.tekijoista.leikkausinfektion.riskia.lisa.1097 || card.sentence.practical_nurse.potilaaseen.liittyvista.tekijoista.leikkausinfektion.riskia.lisa.2365
sentence_card,nurse,complete the missing part of the sentence.,"kirurgiset toimenpiteet luokitellaan puhtaisiin (pl 1), puhtaisiin kontaminoituneisiin (pl 2), kontaminoituneisiin (pl3) ja likaisiin (pl4) riippuen siitä, avataanko kontaminoivia rakenteita, kuten maha-suolikanavaa, virtsateitä ja hengitysteitä, ja onko potilaalla toimenpiteen aikana leikkausalueen tai levinnyttä infektiota | infektiota | infektiota",16,/home/vitus/floently-finnish/apps/backend/materials/cards/published/professional/nurse/phrases/b1_b2.json,card.sentence.nurse.kirurgiset.toimenpiteet.luokitellaan.puhtaisiin.pl.1.puhtaisiin..1070 || card.sentence.nurse.kirurgiset.toimenpiteet.luokitellaan.puhtaisiin.pl.1.puhtaisiin..3443 || card.sentence.nurse.kirurgiset.toimenpiteet.luokitellaan.puhtaisiin.pl.1.puhtaisiin..3448 || card.sentence.nurse.kirurgiset.toimenpiteet.luokitellaan.puhtaisiin.pl.1.puhtaisiin..3456 || card.sentence.nurse.kirurgiset.toimenpiteet.luokitellaan.puhtaisiin.pl.1.puhtaisiin..3461
sentence_card,doctor,complete the missing part of the sentence.,"kirurgiset toimenpiteet luokitellaan puhtaisiin (pl 1), puhtaisiin kontaminoituneisiin (pl 2), kontaminoituneisiin (pl3) ja likaisiin (pl4) riippuen siitä, avataanko kontaminoivia rakenteita, kuten maha-suolikanavaa, virtsateitä ja hengitysteitä, ja onko potilaalla toimenpiteen aikana leikkausalueen tai levinnyttä infektiota | infektiota | infektiota",15,/home/vitus/floently-finnish/apps/backend/materials/cards/published/professional/doctor/phrases/b1_b2.json,card.sentence.doctor.kirurgiset.toimenpiteet.luokitellaan.puhtaisiin.pl.1.puhtaisiin..10652 || card.sentence.doctor.kirurgiset.toimenpiteet.luokitellaan.puhtaisiin.pl.1.puhtaisiin..10889 || card.sentence.doctor.kirurgiset.toimenpiteet.luokitellaan.puhtaisiin.pl.1.puhtaisiin..1902 || card.sentence.doctor.kirurgiset.toimenpiteet.luokitellaan.puhtaisiin.pl.1.puhtaisiin..3966 || card.sentence.doctor.kirurgiset.toimenpiteet.luokitellaan.puhtaisiin.pl.1.puhtaisiin..5577
sentence_card,doctor,complete the missing part of the sentence.,"lääketieteessä tehdään joskus ero sairauden ja sairauden aiheuttavan rakenteen tai toiminnon poikkeavuuden kanssa siten, että englanninkielisillä termeillä illness ja sickness viitataan itse sairauteen ja termillä disease sairauden taustalta löytyvään rakenteelliseen tai toiminnalliseen poikkeavuuteen, jota ilman eläin tai kasvi ei voisi koskaan sairastua kyseiseen sairauteen[2] | kyseiseen | kyseiseen",15,/home/vitus/floently-finnish/apps/backend/materials/cards/published/professional/doctor/phrases/b1_b2.json,card.sentence.doctor.laaketieteessa.tehdaan.joskus.ero.sairauden.ja.sairauden.aiheutt.0828 || card.sentence.doctor.laaketieteessa.tehdaan.joskus.ero.sairauden.ja.sairauden.aiheutt.0884 || card.sentence.doctor.laaketieteessa.tehdaan.joskus.ero.sairauden.ja.sairauden.aiheutt.10954 || card.sentence.doctor.laaketieteessa.tehdaan.joskus.ero.sairauden.ja.sairauden.aiheutt.1559 || card.sentence.doctor.laaketieteessa.tehdaan.joskus.ero.sairauden.ja.sairauden.aiheutt.4568
sentence_card,doctor,complete the missing part of the sentence.,"potilaaseen liittyvistä tekijöistä leikkausinfektion riskiä lisäävät muun muassa ikä, yleistila, suorituskyky, lihavuus ja aliravitsemus; sairaudet kuten infektiot, diabetes, munuaisten vajaatoiminta ja syövät; päihteet kuten tupakointi ja alkoholismi; sekä hoidot kuten sairaalahoitojaksot, sädehoito ja immunosuppressiiviset hoidot.[20] | immunosuppressiiviset | immunosuppressiiviset",15,/home/vitus/floently-finnish/apps/backend/materials/cards/published/professional/doctor/phrases/b1_b2.json,card.sentence.doctor.potilaaseen.liittyvista.tekijoista.leikkausinfektion.riskia.lisa.0485 || card.sentence.doctor.potilaaseen.liittyvista.tekijoista.leikkausinfektion.riskia.lisa.10083 || card.sentence.doctor.potilaaseen.liittyvista.tekijoista.leikkausinfektion.riskia.lisa.11366 || card.sentence.doctor.potilaaseen.liittyvista.tekijoista.leikkausinfektion.riskia.lisa.3111 || card.sentence.doctor.potilaaseen.liittyvista.tekijoista.leikkausinfektion.riskia.lisa.3116
sentence_card,doctor,complete the missing part of the sentence.,yleisemmin tunnettujen tulehdusvälittäjäaineiden kohonnut pitosuus veressä korreloi miehillä suuremman kuolleisuuden ja suuremman sydän- ja verisuonitautien esiintyvyyden kanssa.[55] matala-asteisen tulehduksen arviointiin voidaan käyttää myös herkän crp:n tasoa selvittävää laboratoriotutkimusta.[56] | selvittävää | selvittävää,15,/home/vitus/floently-finnish/apps/backend/materials/cards/published/professional/doctor/phrases/b1_b2.json,card.sentence.doctor.yleisemmin.tunnettujen.tulehdusvalittajaaineiden.kohonnut.pitosu.0061 || card.sentence.doctor.yleisemmin.tunnettujen.tulehdusvalittajaaineiden.kohonnut.pitosu.0756 || card.sentence.doctor.yleisemmin.tunnettujen.tulehdusvalittajaaineiden.kohonnut.pitosu.11505 || card.sentence.doctor.yleisemmin.tunnettujen.tulehdusvalittajaaineiden.kohonnut.pitosu.4765 || card.sentence.doctor.yleisemmin.tunnettujen.tulehdusvalittajaaineiden.kohonnut.pitosu.5284
sentence_card,doctor,complete the missing part of the sentence.,"myös tutkittavan oma raskaaksituloikä sekä 23-vuotiaana selvitetty koulutustaso, ammattiasema, aikuisiän mielenterveysongelmat ja päihteiden käyttö otettiin huomioon tuloksessa.[28] | huomioon | huomioon",14,/home/vitus/floently-finnish/apps/backend/materials/cards/published/professional/doctor/phrases/b1_b2.json,card.sentence.doctor.myos.tutkittavan.oma.raskaaksituloika.seka.23.vuotiaana.selvitet.0290 || card.sentence.doctor.myos.tutkittavan.oma.raskaaksituloika.seka.23.vuotiaana.selvitet.10033 || card.sentence.doctor.myos.tutkittavan.oma.raskaaksituloika.seka.23.vuotiaana.selvitet.1529 || card.sentence.doctor.myos.tutkittavan.oma.raskaaksituloika.seka.23.vuotiaana.selvitet.1703 || card.sentence.doctor.myos.tutkittavan.oma.raskaaksituloika.seka.23.vuotiaana.selvitet.4298
sentence_card,practical_nurse,complete the missing part of the sentence.,"käsityöläisenä pidettyä kirurgia arvostettiin vähemmän kuin pappiin verrattavana parantajana toiminutta yleislääkäriä, vaikka onnistuessaan kirurgi kykenikin hoitamaan potilaansa: rakkokiviä leikattiin jo hippokrateen aikana ja 1100-luvulla osattiin hoitaa kaihia pistämällä | pistämällä | pistämällä",14,/home/vitus/floently-finnish/apps/backend/materials/cards/published/professional/practical_nurse/phrases/b1_b2.json,card.sentence.practical_nurse.kasityolaisena.pidettya.kirurgia.arvostettiin.vahemman.kuin.papp.0003 || card.sentence.practical_nurse.kasityolaisena.pidettya.kirurgia.arvostettiin.vahemman.kuin.papp.5709 || card.sentence.practical_nurse.kasityolaisena.pidettya.kirurgia.arvostettiin.vahemman.kuin.papp.5714 || card.sentence.practical_nurse.kasityolaisena.pidettya.kirurgia.arvostettiin.vahemman.kuin.papp.5725 || card.sentence.practical_nurse.kasityolaisena.pidettya.kirurgia.arvostettiin.vahemman.kuin.papp.5730
sentence_card,doctor,complete the missing part of the sentence.,tutkimuksen aineisto perustuu vanhemmille tehtyyn kyselyyn nuorten adhd-oireista sekä kaksikymmentä vuotta kestäneeseen rekisteriseurantaan nuorten myöhemmistä psykiatrisista diagnooseista. | diagnooseista | diagnooseista,13,/home/vitus/floently-finnish/apps/backend/materials/cards/published/professional/doctor/phrases/b1_b2.json,card.sentence.doctor.tutkimuksen.aineisto.perustuu.vanhemmille.tehtyyn.kyselyyn.nuort.0305 || card.sentence.doctor.tutkimuksen.aineisto.perustuu.vanhemmille.tehtyyn.kyselyyn.nuort.2007 || card.sentence.doctor.tutkimuksen.aineisto.perustuu.vanhemmille.tehtyyn.kyselyyn.nuort.3992 || card.sentence.doctor.tutkimuksen.aineisto.perustuu.vanhemmille.tehtyyn.kyselyyn.nuort.5085 || card.sentence.doctor.tutkimuksen.aineisto.perustuu.vanhemmille.tehtyyn.kyselyyn.nuort.8905
sentence_card,nurse,complete the missing part of the sentence.,"suomessa kirurgisia erikoisaloja ovat yleiskirurgia, gastroenterologinen kirurgia, lastenkirurgia, ortopedia ja traumatologia, plastiikkakirurgia, suu- ja leukakirurgia, sydän- ja rintaelinkirurgia, urologia, verisuonikirurgia, käsikirurgia ja neurokirurgia | neurokirurgia | neurokirurgia",13,/home/vitus/floently-finnish/apps/backend/materials/cards/published/professional/nurse/phrases/b1_b2.json,card.sentence.nurse.suomessa.kirurgisia.erikoisaloja.ovat.yleiskirurgia.gastroentero.0514 || card.sentence.nurse.suomessa.kirurgisia.erikoisaloja.ovat.yleiskirurgia.gastroentero.5094 || card.sentence.nurse.suomessa.kirurgisia.erikoisaloja.ovat.yleiskirurgia.gastroentero.5099 || card.sentence.nurse.suomessa.kirurgisia.erikoisaloja.ovat.yleiskirurgia.gastroentero.5104 || card.sentence.nurse.suomessa.kirurgisia.erikoisaloja.ovat.yleiskirurgia.gastroentero.5109
sentence_card,practical_nurse,complete the missing part of the sentence.,"kirurgiset toimenpiteet luokitellaan puhtaisiin (pl 1), puhtaisiin kontaminoituneisiin (pl 2), kontaminoituneisiin (pl3) ja likaisiin (pl4) riippuen siitä, avataanko kontaminoivia rakenteita, kuten maha-suolikanavaa, virtsateitä ja hengitysteitä, ja onko potilaalla toimenpiteen aikana leikkausalueen tai levinnyttä infektiota | infektiota | infektiota",13,/home/vitus/floently-finnish/apps/backend/materials/cards/published/professional/practical_nurse/phrases/b1_b2.json,card.sentence.practical_nurse.kirurgiset.toimenpiteet.luokitellaan.puhtaisiin.pl.1.puhtaisiin..4605 || card.sentence.practical_nurse.kirurgiset.toimenpiteet.luokitellaan.puhtaisiin.pl.1.puhtaisiin..4610 || card.sentence.practical_nurse.kirurgiset.toimenpiteet.luokitellaan.puhtaisiin.pl.1.puhtaisiin..4618 || card.sentence.practical_nurse.kirurgiset.toimenpiteet.luokitellaan.puhtaisiin.pl.1.puhtaisiin..4623 || card.sentence.practical_nurse.kirurgiset.toimenpiteet.luokitellaan.puhtaisiin.pl.1.puhtaisiin..4628
sentence_card,doctor,complete the missing part of the sentence.,"jos tälle koko potille laitetaan yläraja, joka on sata euroa, ja josta yksityinen terveydenhuollon tarjoaja haluaa saada sen oman pottinsa… laboratoriokokeista saa tietyn summan, mutta miten loppusumma jyvitetään, niin ymmärrän huolen tietyllä tavalla. | tavalla | tavalla",12,/home/vitus/floently-finnish/apps/backend/materials/cards/published/professional/doctor/phrases/b1_b2.json,card.sentence.doctor.jos.talle.koko.potille.laitetaan.ylaraja.joka.on.sata.euroa.ja.j.0086 || card.sentence.doctor.jos.talle.koko.potille.laitetaan.ylaraja.joka.on.sata.euroa.ja.j.0277 || card.sentence.doctor.jos.talle.koko.potille.laitetaan.ylaraja.joka.on.sata.euroa.ja.j.1158 || card.sentence.doctor.jos.talle.koko.potille.laitetaan.ylaraja.joka.on.sata.euroa.ja.j.4778 || card.sentence.doctor.jos.talle.koko.potille.laitetaan.ylaraja.joka.on.sata.euroa.ja.j.8603
sentence_card,nurse,complete the missing part of the sentence.,"kyseinen termi otettiin käyttöön vuonna 1992, jolloin evidence-based medicine working group -niminen asiantuntijaryhmä suositteli, että lääkäreiden koulutuksen ja hoitovalintojen pitäisi perustua tieteelliseen tutkimusnäyttöön sen sijaan, että lääkärit luottaisivat vain omaan intuitioonsa, päättelyynsä tai kliiniseen kokemukseensa | kokemukseensa | kokemukseensa",12,/home/vitus/floently-finnish/apps/backend/materials/cards/published/professional/nurse/phrases/b1_b2.json,card.sentence.nurse.kyseinen.termi.otettiin.kayttoon.vuonna.1992.jolloin.evidence.ba.0051 || card.sentence.nurse.kyseinen.termi.otettiin.kayttoon.vuonna.1992.jolloin.evidence.ba.0299 || card.sentence.nurse.kyseinen.termi.otettiin.kayttoon.vuonna.1992.jolloin.evidence.ba.0615 || card.sentence.nurse.kyseinen.termi.otettiin.kayttoon.vuonna.1992.jolloin.evidence.ba.2884 || card.sentence.nurse.kyseinen.termi.otettiin.kayttoon.vuonna.1992.jolloin.evidence.ba.2889
sentence_card,practical_nurse,complete the missing part of the sentence.,"tulehdus voi johtua myös ateriasta, jolla on suuri glykeeminen kuorma.[6] lisäksi myös kudosvaurioihin kuten esimerkiksi urheiluun liittyvän lihaskuormituksen synnyttämiin lihasten mikrovaurioihin liittyy aina jonkinasteinen tulehdusreaktio | tulehdusreaktio | tulehdusreaktio",12,/home/vitus/floently-finnish/apps/backend/materials/cards/published/professional/practical_nurse/phrases/b1_b2.json,card.sentence.practical_nurse.tulehdus.voi.johtua.myos.ateriasta.jolla.on.suuri.glykeeminen.ku.0817 || card.sentence.practical_nurse.tulehdus.voi.johtua.myos.ateriasta.jolla.on.suuri.glykeeminen.ku.3651 || card.sentence.practical_nurse.tulehdus.voi.johtua.myos.ateriasta.jolla.on.suuri.glykeeminen.ku.5761 || card.sentence.practical_nurse.tulehdus.voi.johtua.myos.ateriasta.jolla.on.suuri.glykeeminen.ku.5766 || card.sentence.practical_nurse.tulehdus.voi.johtua.myos.ateriasta.jolla.on.suuri.glykeeminen.ku.5771
sentence_card,practical_nurse,complete the missing part of the sentence.,"usein kuulee väitettä, että talousoppien mukaan hunajaa valuu myös työmehiläisille – tosin vedellä jatkettuna: kartanon sijasta meille lankeaa velkainen asunto, lomaviikko kreikassa ja syksyllä kaksi päivää lasten kanssa puuhamaassa. | puuhamaassa | puuhamaassa",12,/home/vitus/floently-finnish/apps/backend/materials/cards/published/professional/practical_nurse/phrases/b1_b2.json,card.sentence.practical_nurse.usein.kuulee.vaitetta.etta.talousoppien.mukaan.hunajaa.valuu.myo.1015 || card.sentence.practical_nurse.usein.kuulee.vaitetta.etta.talousoppien.mukaan.hunajaa.valuu.myo.4142 || card.sentence.practical_nurse.usein.kuulee.vaitetta.etta.talousoppien.mukaan.hunajaa.valuu.myo.4147 || card.sentence.practical_nurse.usein.kuulee.vaitetta.etta.talousoppien.mukaan.hunajaa.valuu.myo.4152 || card.sentence.practical_nurse.usein.kuulee.vaitetta.etta.talousoppien.mukaan.hunajaa.valuu.myo.4160
sentence_card,doctor,complete the missing part of the sentence.,"kyseinen termi otettiin käyttöön vuonna 1992, jolloin evidence-based medicine working group -niminen asiantuntijaryhmä suositteli, että lääkäreiden koulutuksen ja hoitovalintojen pitäisi perustua tieteelliseen tutkimusnäyttöön sen sijaan, että lääkärit luottaisivat vain omaan intuitioonsa, päättelyynsä tai kliiniseen kokemukseensa | kokemukseensa | kokemukseensa",11,/home/vitus/floently-finnish/apps/backend/materials/cards/published/professional/doctor/phrases/b1_b2.json,card.sentence.doctor.kyseinen.termi.otettiin.kayttoon.vuonna.1992.jolloin.evidence.ba.0272 || card.sentence.doctor.kyseinen.termi.otettiin.kayttoon.vuonna.1992.jolloin.evidence.ba.0525 || card.sentence.doctor.kyseinen.termi.otettiin.kayttoon.vuonna.1992.jolloin.evidence.ba.10169 || card.sentence.doctor.kyseinen.termi.otettiin.kayttoon.vuonna.1992.jolloin.evidence.ba.1765 || card.sentence.doctor.kyseinen.termi.otettiin.kayttoon.vuonna.1992.jolloin.evidence.ba.1887
sentence_card,doctor,complete the missing part of the sentence.,"vuosittain suomessa todetaan yli sata uutta syöpätapausta, joissa sairauden tiedetään aiheutuneen jostain työssä ilmenevästä tekijästä.[44] esimerkiksi asbesti aiheuttaa noin 10 prosenttia todetuista keuhkosyöpätapauksista, radon 20 prosenttia ja tupakointi 70 prosenttia | prosenttia | prosenttia",11,/home/vitus/floently-finnish/apps/backend/materials/cards/published/professional/doctor/phrases/b1_b2.json,card.sentence.doctor.vuosittain.suomessa.todetaan.yli.sata.uutta.syopatapausta.joissa.1432 || card.sentence.doctor.vuosittain.suomessa.todetaan.yli.sata.uutta.syopatapausta.joissa.2122 || card.sentence.doctor.vuosittain.suomessa.todetaan.yli.sata.uutta.syopatapausta.joissa.3683 || card.sentence.doctor.vuosittain.suomessa.todetaan.yli.sata.uutta.syopatapausta.joissa.4911 || card.sentence.doctor.vuosittain.suomessa.todetaan.yli.sata.uutta.syopatapausta.joissa.5805
sentence_card,nurse,complete the missing part of the sentence.,"käsityöläisenä pidettyä kirurgia arvostettiin vähemmän kuin pappiin verrattavana parantajana toiminutta yleislääkäriä, vaikka onnistuessaan kirurgi kykenikin hoitamaan potilaansa: rakkokiviä leikattiin jo hippokrateen aikana ja 1100-luvulla osattiin hoitaa kaihia pistämällä | pistämällä | pistämällä",11,/home/vitus/floently-finnish/apps/backend/materials/cards/published/professional/nurse/phrases/b1_b2.json,card.sentence.nurse.kasityolaisena.pidettya.kirurgia.arvostettiin.vahemman.kuin.papp.4373 || card.sentence.nurse.kasityolaisena.pidettya.kirurgia.arvostettiin.vahemman.kuin.papp.4378 || card.sentence.nurse.kasityolaisena.pidettya.kirurgia.arvostettiin.vahemman.kuin.papp.4389 || card.sentence.nurse.kasityolaisena.pidettya.kirurgia.arvostettiin.vahemman.kuin.papp.4394 || card.sentence.nurse.kasityolaisena.pidettya.kirurgia.arvostettiin.vahemman.kuin.papp.4405
sentence_card,nurse,complete the missing part of the sentence.,"viime vuosikymmeninä tähystinkirurgia ja mini-invasiivinen kirurgia ovat vieneet tilaa perinteisiltä kirurgian muodoilta, joissa elimistön sisään mennään suurista viilloista ja toimenpiteet tehdään suorassa näköyhteydessä.[1] | suorassa | suorassa",11,/home/vitus/floently-finnish/apps/backend/materials/cards/published/professional/nurse/phrases/b1_b2.json,card.sentence.nurse.viime.vuosikymmenina.tahystinkirurgia.ja.mini.invasiivinen.kirur.0187 || card.sentence.nurse.viime.vuosikymmenina.tahystinkirurgia.ja.mini.invasiivinen.kirur.5269 || card.sentence.nurse.viime.vuosikymmenina.tahystinkirurgia.ja.mini.invasiivinen.kirur.5274 || card.sentence.nurse.viime.vuosikymmenina.tahystinkirurgia.ja.mini.invasiivinen.kirur.5279 || card.sentence.nurse.viime.vuosikymmenina.tahystinkirurgia.ja.mini.invasiivinen.kirur.5292
sentence_card,practical_nurse,complete the missing part of the sentence.,"jos tälle koko potille laitetaan yläraja, joka on sata euroa, ja josta yksityinen terveydenhuollon tarjoaja haluaa saada sen oman pottinsa… laboratoriokokeista saa tietyn summan, mutta miten loppusumma jyvitetään, niin ymmärrän huolen tietyllä tavalla. | tavalla | tavalla",11,/home/vitus/floently-finnish/apps/backend/materials/cards/published/professional/practical_nurse/phrases/b1_b2.json,card.sentence.practical_nurse.jos.talle.koko.potille.laitetaan.ylaraja.joka.on.sata.euroa.ja.j.0102 || card.sentence.practical_nurse.jos.talle.koko.potille.laitetaan.ylaraja.joka.on.sata.euroa.ja.j.0157 || card.sentence.practical_nurse.jos.talle.koko.potille.laitetaan.ylaraja.joka.on.sata.euroa.ja.j.7189 || card.sentence.practical_nurse.jos.talle.koko.potille.laitetaan.ylaraja.joka.on.sata.euroa.ja.j.7271 || card.sentence.practical_nurse.jos.talle.koko.potille.laitetaan.ylaraja.joka.on.sata.euroa.ja.j.7276
sentence_card,practical_nurse,complete the missing part of the sentence.,"suolaa, lakritsia ja alkoholia kannattaa vähentää ja syödä kuitua, vihanneksia, hedelmiä ja kasviksia sekä liikkua.[9] 3–6 desilitran kahviannos nostaa yläpainetta keskimäärin 8 yksikköä ja sen verenpainetta nostava vaikutus kestää kolmisen tuntia.[3] | kolmisen | kolmisen",11,/home/vitus/floently-finnish/apps/backend/materials/cards/published/professional/practical_nurse/phrases/b1_b2.json,card.sentence.practical_nurse.suolaa.lakritsia.ja.alkoholia.kannattaa.vahentaa.ja.syoda.kuitua.0041 || card.sentence.practical_nurse.suolaa.lakritsia.ja.alkoholia.kannattaa.vahentaa.ja.syoda.kuitua.1797 || card.sentence.practical_nurse.suolaa.lakritsia.ja.alkoholia.kannattaa.vahentaa.ja.syoda.kuitua.2446 || card.sentence.practical_nurse.suolaa.lakritsia.ja.alkoholia.kannattaa.vahentaa.ja.syoda.kuitua.3672 || card.sentence.practical_nurse.suolaa.lakritsia.ja.alkoholia.kannattaa.vahentaa.ja.syoda.kuitua.5128
sentence_card,practical_nurse,complete the missing part of the sentence.,"tuloksessa huomioitiin lapsuudenaikainen sairastelu, syntymäpaino, rintaruokinnan onnistuminen, äidin ikä ja raskaudenaikainen alkoholinkäyttö, vanhempien sosiaalinen asema ja ahtaat asuinolot | asuinolot | asuinolot",11,/home/vitus/floently-finnish/apps/backend/materials/cards/published/professional/practical_nurse/phrases/b1_b2.json,card.sentence.practical_nurse.tuloksessa.huomioitiin.lapsuudenaikainen.sairastelu.syntymapaino.2663 || card.sentence.practical_nurse.tuloksessa.huomioitiin.lapsuudenaikainen.sairastelu.syntymapaino.5377 || card.sentence.practical_nurse.tuloksessa.huomioitiin.lapsuudenaikainen.sairastelu.syntymapaino.7547 || card.sentence.practical_nurse.tuloksessa.huomioitiin.lapsuudenaikainen.sairastelu.syntymapaino.7552 || card.sentence.practical_nurse.tuloksessa.huomioitiin.lapsuudenaikainen.sairastelu.syntymapaino.7557
sentence_card,doctor,complete the missing part of the sentence.,"infektio eli tartunta tarkoittaa tautia aiheuttavan bakteerin, viruksen, sienen, loisen tai muun patogeenin[1] tunkeutumista isäntälajin elimistöön ulkoa käsin tai siirtymistä isännän elimistön osasta toiseen niin runsain mitoin, että se kykenee vaurioittamaan isännän tervettä kudosta | kudosta | kudosta",10,/home/vitus/floently-finnish/apps/backend/materials/cards/published/professional/doctor/phrases/b1_b2.json,card.sentence.doctor.infektio.eli.tartunta.tarkoittaa.tautia.aiheuttavan.bakteerin.vi.10265 || card.sentence.doctor.infektio.eli.tartunta.tarkoittaa.tautia.aiheuttavan.bakteerin.vi.11139 || card.sentence.doctor.infektio.eli.tartunta.tarkoittaa.tautia.aiheuttavan.bakteerin.vi.1959 || card.sentence.doctor.infektio.eli.tartunta.tarkoittaa.tautia.aiheuttavan.bakteerin.vi.5823 || card.sentence.doctor.infektio.eli.tartunta.tarkoittaa.tautia.aiheuttavan.bakteerin.vi.5831
sentence_card,doctor,complete the missing part of the sentence.,"käsityöläisenä pidettyä kirurgia arvostettiin vähemmän kuin pappiin verrattavana parantajana toiminutta yleislääkäriä, vaikka onnistuessaan kirurgi kykenikin hoitamaan potilaansa: rakkokiviä leikattiin jo hippokrateen aikana ja 1100-luvulla osattiin hoitaa kaihia pistämällä | pistämällä | pistämällä",10,/home/vitus/floently-finnish/apps/backend/materials/cards/published/professional/doctor/phrases/b1_b2.json,card.sentence.doctor.kasityolaisena.pidettya.kirurgia.arvostettiin.vahemman.kuin.papp.11018 || card.sentence.doctor.kasityolaisena.pidettya.kirurgia.arvostettiin.vahemman.kuin.papp.2041 || card.sentence.doctor.kasityolaisena.pidettya.kirurgia.arvostettiin.vahemman.kuin.papp.6771 || card.sentence.doctor.kasityolaisena.pidettya.kirurgia.arvostettiin.vahemman.kuin.papp.6776 || card.sentence.doctor.kasityolaisena.pidettya.kirurgia.arvostettiin.vahemman.kuin.papp.6787
sentence_card,doctor,complete the missing part of the sentence.,"korkea veren glukoosipitoisuus eli hyperglykemia on kuitenkin niille kaikille yhteinen oire ja se aiheuttaa muun muassa runsasjanoisuutta (polydipsiaa), runsasta virtsaamistarvetta (polyuriaa), kehonpainon laskua ja väsymystä | väsymystä | väsymystä",10,/home/vitus/floently-finnish/apps/backend/materials/cards/published/professional/doctor/phrases/b1_b2.json,card.sentence.doctor.korkea.veren.glukoosipitoisuus.eli.hyperglykemia.on.kuitenkin.ni.1058 || card.sentence.doctor.korkea.veren.glukoosipitoisuus.eli.hyperglykemia.on.kuitenkin.ni.10935 || card.sentence.doctor.korkea.veren.glukoosipitoisuus.eli.hyperglykemia.on.kuitenkin.ni.2002 || card.sentence.doctor.korkea.veren.glukoosipitoisuus.eli.hyperglykemia.on.kuitenkin.ni.2651 || card.sentence.doctor.korkea.veren.glukoosipitoisuus.eli.hyperglykemia.on.kuitenkin.ni.6275
sentence_card,doctor,complete the missing part of the sentence.,"tällöin puhutaan suvuittain kasautuvasta syöpäalttiudesta, joka on selvästi syöpäsyndroomaa yleisempi.[17] syövän perinnöllisyys voi johtua esimerkiksi siitä, että dna:n korjaukseen erikoistuneista geeneistä periytyvät suvussa virheelliset alleelit | alleelit | alleelit",10,/home/vitus/floently-finnish/apps/backend/materials/cards/published/professional/doctor/phrases/b1_b2.json,card.sentence.doctor.talloin.puhutaan.suvuittain.kasautuvasta.syopaalttiudesta.joka.o.6236 || card.sentence.doctor.talloin.puhutaan.suvuittain.kasautuvasta.syopaalttiudesta.joka.o.9128 || card.sentence.doctor.talloin.puhutaan.suvuittain.kasautuvasta.syopaalttiudesta.joka.o.9133 || card.sentence.doctor.talloin.puhutaan.suvuittain.kasautuvasta.syopaalttiudesta.joka.o.9138 || card.sentence.doctor.talloin.puhutaan.suvuittain.kasautuvasta.syopaalttiudesta.joka.o.9143
sentence_card,doctor,complete the missing part of the sentence.,tulehduksen sivuvaikutuksena syntyy myös ympäröivien kudosten vaurioita.[15] immuunijärjestelmän toiminnan sivutuotteena syntyy joskus yhtä paljon kudosvaurioita kuin mitä patogeenit ehtivät aiheuttaa.[16] elimistön tuottama tulehdusvaste saattaa jopa tappaa potilaan.[17] | tappaa | tappaa,10,/home/vitus/floently-finnish/apps/backend/materials/cards/published/professional/doctor/phrases/b1_b2.json,card.sentence.doctor.tulehduksen.sivuvaikutuksena.syntyy.myos.ymparoivien.kudosten.va.0991 || card.sentence.doctor.tulehduksen.sivuvaikutuksena.syntyy.myos.ymparoivien.kudosten.va.2307 || card.sentence.doctor.tulehduksen.sivuvaikutuksena.syntyy.myos.ymparoivien.kudosten.va.5531 || card.sentence.doctor.tulehduksen.sivuvaikutuksena.syntyy.myos.ymparoivien.kudosten.va.5546 || card.sentence.doctor.tulehduksen.sivuvaikutuksena.syntyy.myos.ymparoivien.kudosten.va.5557
sentence_card,nurse,complete the missing part of the sentence.,"jos tälle koko potille laitetaan yläraja, joka on sata euroa, ja josta yksityinen terveydenhuollon tarjoaja haluaa saada sen oman pottinsa… laboratoriokokeista saa tietyn summan, mutta miten loppusumma jyvitetään, niin ymmärrän huolen tietyllä tavalla. | tavalla | tavalla",10,/home/vitus/floently-finnish/apps/backend/materials/cards/published/professional/nurse/phrases/b1_b2.json,card.sentence.nurse.jos.talle.koko.potille.laitetaan.ylaraja.joka.on.sata.euroa.ja.j.0101 || card.sentence.nurse.jos.talle.koko.potille.laitetaan.ylaraja.joka.on.sata.euroa.ja.j.0674 || card.sentence.nurse.jos.talle.koko.potille.laitetaan.ylaraja.joka.on.sata.euroa.ja.j.3037 || card.sentence.nurse.jos.talle.koko.potille.laitetaan.ylaraja.joka.on.sata.euroa.ja.j.5639 || card.sentence.nurse.jos.talle.koko.potille.laitetaan.ylaraja.joka.on.sata.euroa.ja.j.5644
sentence_card,nurse,complete the missing part of the sentence.,"kirurgiaa opiskellaan paljolti ""mestarin kisällinä"" eli seuraamalla kokeneiden kirurgien leikkauksia ja tekemällä omaa leikkaustoimintaa kokeneemman valvonnassa, mutta myös laaja teoriaopetus on välttämätöntä. | välttämätöntä | välttämätöntä",10,/home/vitus/floently-finnish/apps/backend/materials/cards/published/professional/nurse/phrases/b1_b2.json,card.sentence.nurse.kirurgiaa.opiskellaan.paljolti.mestarin.kisallina.eli.seuraamall.1152 || card.sentence.nurse.kirurgiaa.opiskellaan.paljolti.mestarin.kisallina.eli.seuraamall.1209 || card.sentence.nurse.kirurgiaa.opiskellaan.paljolti.mestarin.kisallina.eli.seuraamall.4830 || card.sentence.nurse.kirurgiaa.opiskellaan.paljolti.mestarin.kisallina.eli.seuraamall.4835 || card.sentence.nurse.kirurgiaa.opiskellaan.paljolti.mestarin.kisallina.eli.seuraamall.4843
sentence_card,practical_nurse,complete the missing part of the sentence.,"eri toimenpidetyyppeihin kuuluvat muun muassa revisio, dekompressio, resektio, ablaatio, replantaatio, avanneleikkaus (ohutsuoliavanne, mahalaukkuavanne), debulking-kirurgia ja fiksaatio. | fiksaatio | fiksaatio",10,/home/vitus/floently-finnish/apps/backend/materials/cards/published/professional/practical_nurse/phrases/b1_b2.json,card.sentence.practical_nurse.eri.toimenpidetyyppeihin.kuuluvat.muun.muassa.revisio.dekompress.0290 || card.sentence.practical_nurse.eri.toimenpidetyyppeihin.kuuluvat.muun.muassa.revisio.dekompress.4413 || card.sentence.practical_nurse.eri.toimenpidetyyppeihin.kuuluvat.muun.muassa.revisio.dekompress.4418 || card.sentence.practical_nurse.eri.toimenpidetyyppeihin.kuuluvat.muun.muassa.revisio.dekompress.4423 || card.sentence.practical_nurse.eri.toimenpidetyyppeihin.kuuluvat.muun.muassa.revisio.dekompress.4428
sentence_card,practical_nurse,complete the missing part of the sentence.,"erityistä tyytymättömyyttä ammatinharjoittajien keskuudessa on herättänyt ainakin mehiläisessä, terveystalossa ja pihlajalinnassa viime vuosina käyttöön otetut palkkiomallit, joilla määritellään vakuutusyhtiöiden ja työterveyden potilaiden vastaanotoille vähimmäis- ja enimmäispalkkiot. | enimmäispalkkiot | enimmäispalkkiot",10,/home/vitus/floently-finnish/apps/backend/materials/cards/published/professional/practical_nurse/phrases/b1_b2.json,card.sentence.practical_nurse.erityista.tyytymattomyytta.ammatinharjoittajien.keskuudessa.on.h.0062 || card.sentence.practical_nurse.erityista.tyytymattomyytta.ammatinharjoittajien.keskuudessa.on.h.0067 || card.sentence.practical_nurse.erityista.tyytymattomyytta.ammatinharjoittajien.keskuudessa.on.h.0698 || card.sentence.practical_nurse.erityista.tyytymattomyytta.ammatinharjoittajien.keskuudessa.on.h.6209 || card.sentence.practical_nurse.erityista.tyytymattomyytta.ammatinharjoittajien.keskuudessa.on.h.6222
sentence_card,practical_nurse,complete the missing part of the sentence.,"terveyskirjastossa neuvotaan valmistamaan tuoremehusta juoma, johon lisätään hieman ruokasuolaa: appelsiinimehua laimennetaan samalla määrällä vettä, ja litraan tätä juomaa sekoitetaan puoli teelusikallista ruokasuolaa. | ruokasuolaa | ruokasuolaa",10,/home/vitus/floently-finnish/apps/backend/materials/cards/published/professional/practical_nurse/phrases/b1_b2.json,card.sentence.practical_nurse.terveyskirjastossa.neuvotaan.valmistamaan.tuoremehusta.juoma.joh.0112 || card.sentence.practical_nurse.terveyskirjastossa.neuvotaan.valmistamaan.tuoremehusta.juoma.joh.0122 || card.sentence.practical_nurse.terveyskirjastossa.neuvotaan.valmistamaan.tuoremehusta.juoma.joh.0527 || card.sentence.practical_nurse.terveyskirjastossa.neuvotaan.valmistamaan.tuoremehusta.juoma.joh.1161 || card.sentence.practical_nurse.terveyskirjastossa.neuvotaan.valmistamaan.tuoremehusta.juoma.joh.1340
sentence_card,doctor,complete the missing part of the sentence.,ihmisen verenkiertoon päätyvät bakteerit tai lipopolysakkaridin kaltaiset bakteeritoksiinit eli bakteerien tuottamat haitta-aineet aiheuttavat pieninä pitoisuuksina matala-asteisen tulehduksen ja suurina pitoisuuksina verenmyrkytyksen.[50] | pitoisuuksina | pitoisuuksina,9,/home/vitus/floently-finnish/apps/backend/materials/cards/published/professional/doctor/phrases/b1_b2.json,card.sentence.doctor.ihmisen.verenkiertoon.paatyvat.bakteerit.tai.lipopolysakkaridin..0394 || card.sentence.doctor.ihmisen.verenkiertoon.paatyvat.bakteerit.tai.lipopolysakkaridin..11028 || card.sentence.doctor.ihmisen.verenkiertoon.paatyvat.bakteerit.tai.lipopolysakkaridin..1752 || card.sentence.doctor.ihmisen.verenkiertoon.paatyvat.bakteerit.tai.lipopolysakkaridin..2020 || card.sentence.doctor.ihmisen.verenkiertoon.paatyvat.bakteerit.tai.lipopolysakkaridin..6445
sentence_card,doctor,complete the missing part of the sentence.,"malmin mukaan yhteys raskausdiabetekseen vaatii vielä lisää tutkimuksia, jotta syy-seuraussuhteet ja taustalla olevat biologiset mekanismit ymmärrettäsiin paremmin. | paremmin | paremmin",9,/home/vitus/floently-finnish/apps/backend/materials/cards/published/professional/doctor/phrases/b1_b2.json,card.sentence.doctor.malmin.mukaan.yhteys.raskausdiabetekseen.vaatii.viela.lisaa.tutk.0222 || card.sentence.doctor.malmin.mukaan.yhteys.raskausdiabetekseen.vaatii.viela.lisaa.tutk.0581 || card.sentence.doctor.malmin.mukaan.yhteys.raskausdiabetekseen.vaatii.viela.lisaa.tutk.0779 || card.sentence.doctor.malmin.mukaan.yhteys.raskausdiabetekseen.vaatii.viela.lisaa.tutk.1048 || card.sentence.doctor.malmin.mukaan.yhteys.raskausdiabetekseen.vaatii.viela.lisaa.tutk.5264
sentence_card,doctor,complete the missing part of the sentence.,"niitä ovat tietokonetomografia (tt) eli tietokoneella tehtävä kerroskuvaus, magneettikuvaus, pet-tutkimus eli positroniemissiotomografia, ultraäänitutkimus eli kaikututkimus, tähystys eli endoskopia, mammografia ja isotooppitutkimus.lähde? | mammografia | mammografia",9,/home/vitus/floently-finnish/apps/backend/materials/cards/published/professional/doctor/phrases/b1_b2.json,card.sentence.doctor.niita.ovat.tietokonetomografia.tt.eli.tietokoneella.tehtava.kerr.7152 || card.sentence.doctor.niita.ovat.tietokonetomografia.tt.eli.tietokoneella.tehtava.kerr.7157 || card.sentence.doctor.niita.ovat.tietokonetomografia.tt.eli.tietokoneella.tehtava.kerr.7162 || card.sentence.doctor.niita.ovat.tietokonetomografia.tt.eli.tietokoneella.tehtava.kerr.7167 || card.sentence.doctor.niita.ovat.tietokonetomografia.tt.eli.tietokoneella.tehtava.kerr.7178
sentence_card,doctor,complete the missing part of the sentence.,"tämä on länsimaissa vallitseva kehityssuunta, joka lisää lääkinnän ja lääketieteen toiminta-alaa yhteiskunnassa ja muuttaa terveyden edistämisen ja lääketieteelliset toimenpiteet ihmiselämän keskeiseksi asiaksi. | asiaksi | asiaksi",9,/home/vitus/floently-finnish/apps/backend/materials/cards/published/professional/doctor/phrases/b1_b2.json,card.sentence.doctor.tama.on.lansimaissa.vallitseva.kehityssuunta.joka.lisaa.laakinna.10417 || card.sentence.doctor.tama.on.lansimaissa.vallitseva.kehityssuunta.joka.lisaa.laakinna.1854 || card.sentence.doctor.tama.on.lansimaissa.vallitseva.kehityssuunta.joka.lisaa.laakinna.3087 || card.sentence.doctor.tama.on.lansimaissa.vallitseva.kehityssuunta.joka.lisaa.laakinna.4087 || card.sentence.doctor.tama.on.lansimaissa.vallitseva.kehityssuunta.joka.lisaa.laakinna.5193
sentence_card,doctor,complete the missing part of the sentence.,"viime vuosikymmeninä tähystinkirurgia ja mini-invasiivinen kirurgia ovat vieneet tilaa perinteisiltä kirurgian muodoilta, joissa elimistön sisään mennään suurista viilloista ja toimenpiteet tehdään suorassa näköyhteydessä.[1] | suorassa | suorassa",9,/home/vitus/floently-finnish/apps/backend/materials/cards/published/professional/doctor/phrases/b1_b2.json,card.sentence.doctor.viime.vuosikymmenina.tahystinkirurgia.ja.mini.invasiivinen.kirur.10910 || card.sentence.doctor.viime.vuosikymmenina.tahystinkirurgia.ja.mini.invasiivinen.kirur.7703 || card.sentence.doctor.viime.vuosikymmenina.tahystinkirurgia.ja.mini.invasiivinen.kirur.7963 || card.sentence.doctor.viime.vuosikymmenina.tahystinkirurgia.ja.mini.invasiivinen.kirur.7968 || card.sentence.doctor.viime.vuosikymmenina.tahystinkirurgia.ja.mini.invasiivinen.kirur.7973
sentence_card,nurse,complete the missing part of the sentence.,"latinaa ja yleissivistystä hankkivien lääkärien ja usein killoissa ja oppisopimuksilla harjoittelevien, joskus lukutaidottomienkin kirurgien välillä oli suuri ero | suuri | suuri",9,/home/vitus/floently-finnish/apps/backend/materials/cards/published/professional/nurse/phrases/b1_b2.json,card.sentence.nurse.latinaa.ja.yleissivistysta.hankkivien.laakarien.ja.usein.killois.1604 || card.sentence.nurse.latinaa.ja.yleissivistysta.hankkivien.laakarien.ja.usein.killois.1612 || card.sentence.nurse.latinaa.ja.yleissivistysta.hankkivien.laakarien.ja.usein.killois.1620 || card.sentence.nurse.latinaa.ja.yleissivistysta.hankkivien.laakarien.ja.usein.killois.1625 || card.sentence.nurse.latinaa.ja.yleissivistysta.hankkivien.laakarien.ja.usein.killois.2312
sentence_card,nurse,complete the missing part of the sentence.,naispotilaita hoidetaan esimerkiksi sydänkohtauksen jälkeen miehiä harvemmin tukkeutuneita suonia avaavilla hoitotoimilla ja aivoinfarktin läpikäyneille naisille tehdään miehiä harvemmin liuotushoitoja | liuotushoitoja | liuotushoitoja,9,/home/vitus/floently-finnish/apps/backend/materials/cards/published/professional/nurse/phrases/b1_b2.json,card.sentence.nurse.naispotilaita.hoidetaan.esimerkiksi.sydankohtauksen.jalkeen.mieh.1962 || card.sentence.nurse.naispotilaita.hoidetaan.esimerkiksi.sydankohtauksen.jalkeen.mieh.1972 || card.sentence.nurse.naispotilaita.hoidetaan.esimerkiksi.sydankohtauksen.jalkeen.mieh.1977 || card.sentence.nurse.naispotilaita.hoidetaan.esimerkiksi.sydankohtauksen.jalkeen.mieh.1985 || card.sentence.nurse.naispotilaita.hoidetaan.esimerkiksi.sydankohtauksen.jalkeen.mieh.3254
sentence_card,nurse,complete the missing part of the sentence.,"niitä ovat tietokonetomografia (tt) eli tietokoneella tehtävä kerroskuvaus, magneettikuvaus, pet-tutkimus eli positroniemissiotomografia, ultraäänitutkimus eli kaikututkimus, tähystys eli endoskopia, mammografia ja isotooppitutkimus.lähde? | mammografia | mammografia",9,/home/vitus/floently-finnish/apps/backend/materials/cards/published/professional/nurse/phrases/b1_b2.json,card.sentence.nurse.niita.ovat.tietokonetomografia.tt.eli.tietokoneella.tehtava.kerr.4591 || card.sentence.nurse.niita.ovat.tietokonetomografia.tt.eli.tietokoneella.tehtava.kerr.4596 || card.sentence.nurse.niita.ovat.tietokonetomografia.tt.eli.tietokoneella.tehtava.kerr.4601 || card.sentence.nurse.niita.ovat.tietokonetomografia.tt.eli.tietokoneella.tehtava.kerr.4606 || card.sentence.nurse.niita.ovat.tietokonetomografia.tt.eli.tietokoneella.tehtava.kerr.4617
sentence_card,practical_nurse,complete the missing part of the sentence.,"etenkin vatsan sisäisen rasvan suuri määrä aiheuttaa kyseisen tulehdusvasteen syntymistä.[71] etelä-kalifornian yliopiston tutkimuksessa on todettu, että jo parin kolmen päivän vesipaasto vahvistaa kehon immuunijärjestelmää taistelussa tulehduksia vastaan | vastaan | vastaan",9,/home/vitus/floently-finnish/apps/backend/materials/cards/published/professional/practical_nurse/phrases/b1_b2.json,card.sentence.practical_nurse.etenkin.vatsan.sisaisen.rasvan.suuri.maara.aiheuttaa.kyseisen.tu.0147 || card.sentence.practical_nurse.etenkin.vatsan.sisaisen.rasvan.suuri.maara.aiheuttaa.kyseisen.tu.1125 || card.sentence.practical_nurse.etenkin.vatsan.sisaisen.rasvan.suuri.maara.aiheuttaa.kyseisen.tu.1493 || card.sentence.practical_nurse.etenkin.vatsan.sisaisen.rasvan.suuri.maara.aiheuttaa.kyseisen.tu.3132 || card.sentence.practical_nurse.etenkin.vatsan.sisaisen.rasvan.suuri.maara.aiheuttaa.kyseisen.tu.3706
sentence_card,practical_nurse,complete the missing part of the sentence.,"lapin hyvinvointialueen (lapha) tarkoituksena oli myös saada äiti pois tyttärensä vaikutuspiiristä, jotta voidaan selvittää äidin oma suhtautuminen lääkehoitoon. | lääkehoitoon | lääkehoitoon",9,/home/vitus/floently-finnish/apps/backend/materials/cards/published/professional/practical_nurse/phrases/b1_b2.json,card.sentence.practical_nurse.lapin.hyvinvointialueen.lapha.tarkoituksena.oli.myos.saada.aiti..0077 || card.sentence.practical_nurse.lapin.hyvinvointialueen.lapha.tarkoituksena.oli.myos.saada.aiti..0657 || card.sentence.practical_nurse.lapin.hyvinvointialueen.lapha.tarkoituksena.oli.myos.saada.aiti..0766 || card.sentence.practical_nurse.lapin.hyvinvointialueen.lapha.tarkoituksena.oli.myos.saada.aiti..1498 || card.sentence.practical_nurse.lapin.hyvinvointialueen.lapha.tarkoituksena.oli.myos.saada.aiti..1661
sentence_card,practical_nurse,complete the missing part of the sentence.,metsähallitus seuraa nyt tautitilannetta aktiivisesti ja pyytää retkeilijöitä myös ilmoittamaan mahdollisesta vatsataudista luontoon.fi -palvelun palautesivulla | palautesivulla | palautesivulla,9,/home/vitus/floently-finnish/apps/backend/materials/cards/published/professional/practical_nurse/phrases/b1_b2.json,card.sentence.practical_nurse.metsahallitus.seuraa.nyt.tautitilannetta.aktiivisesti.ja.pyytaa..0385 || card.sentence.practical_nurse.metsahallitus.seuraa.nyt.tautitilannetta.aktiivisesti.ja.pyytaa..1151 || card.sentence.practical_nurse.metsahallitus.seuraa.nyt.tautitilannetta.aktiivisesti.ja.pyytaa..1444 || card.sentence.practical_nurse.metsahallitus.seuraa.nyt.tautitilannetta.aktiivisesti.ja.pyytaa..3055 || card.sentence.practical_nurse.metsahallitus.seuraa.nyt.tautitilannetta.aktiivisesti.ja.pyytaa..3063
sentence_card,practical_nurse,complete the missing part of the sentence.,"myös tutkittavan oma raskaaksituloikä sekä 23-vuotiaana selvitetty koulutustaso, ammattiasema, aikuisiän mielenterveysongelmat ja päihteiden käyttö otettiin huomioon tuloksessa.[28] | huomioon | huomioon",9,/home/vitus/floently-finnish/apps/backend/materials/cards/published/professional/practical_nurse/phrases/b1_b2.json,card.sentence.practical_nurse.myos.tutkittavan.oma.raskaaksituloika.seka.23.vuotiaana.selvitet.0724 || card.sentence.practical_nurse.myos.tutkittavan.oma.raskaaksituloika.seka.23.vuotiaana.selvitet.3420 || card.sentence.practical_nurse.myos.tutkittavan.oma.raskaaksituloika.seka.23.vuotiaana.selvitet.4201 || card.sentence.practical_nurse.myos.tutkittavan.oma.raskaaksituloika.seka.23.vuotiaana.selvitet.4206 || card.sentence.practical_nurse.myos.tutkittavan.oma.raskaaksituloika.seka.23.vuotiaana.selvitet.4216
sentence_card,doctor,complete the missing part of the sentence.,"diabetes mellitus (dm) on yleisnimi ryhmälle sokeriaineenvaihdunnan sairauksia, jotka aiheuttavat hyperglykemiaa eli veren glukoosipitoisuuden eli verensokerin liiallista nousua | nousua | nousua",8,/home/vitus/floently-finnish/apps/backend/materials/cards/published/professional/doctor/phrases/b1_b2.json,card.sentence.doctor.diabetes.mellitus.dm.on.yleisnimi.ryhmalle.sokeriaineenvaihdunna.1019 || card.sentence.doctor.diabetes.mellitus.dm.on.yleisnimi.ryhmalle.sokeriaineenvaihdunna.11178 || card.sentence.doctor.diabetes.mellitus.dm.on.yleisnimi.ryhmalle.sokeriaineenvaihdunna.2051 || card.sentence.doctor.diabetes.mellitus.dm.on.yleisnimi.ryhmalle.sokeriaineenvaihdunna.6922 || card.sentence.doctor.diabetes.mellitus.dm.on.yleisnimi.ryhmalle.sokeriaineenvaihdunna.6927
sentence_card,doctor,complete the missing part of the sentence.,"lääkäriliiton hallituksen puheenjohtaja niina koivuviita sanoo, että yhtenä huolenaiheena oli, että kokeilu houkuttelisi yhä useamman lääkärin vaihtamaan julkiselta sektorilta yksityiselle lääkäriasemalle. | lääkäriasemalle | lääkäriasemalle",8,/home/vitus/floently-finnish/apps/backend/materials/cards/published/professional/doctor/phrases/b1_b2.json,card.sentence.doctor.laakariliiton.hallituksen.puheenjohtaja.niina.koivuviita.sanoo.e.0369 || card.sentence.doctor.laakariliiton.hallituksen.puheenjohtaja.niina.koivuviita.sanoo.e.0442 || card.sentence.doctor.laakariliiton.hallituksen.puheenjohtaja.niina.koivuviita.sanoo.e.2395 || card.sentence.doctor.laakariliiton.hallituksen.puheenjohtaja.niina.koivuviita.sanoo.e.2400 || card.sentence.doctor.laakariliiton.hallituksen.puheenjohtaja.niina.koivuviita.sanoo.e.2411
sentence_card,doctor,complete the missing part of the sentence.,"lääketieteellistä tutkimusta tarvitaan muun muassa sen vuoksi, etteivät hoitoja antavat tahot kykene itse arvioimaan hoitojen tehoa esimerkiksi valikoitumisharhan vuoksi (engl | vuoksi | vuoksi",8,/home/vitus/floently-finnish/apps/backend/materials/cards/published/professional/doctor/phrases/b1_b2.json,card.sentence.doctor.laaketieteellista.tutkimusta.tarvitaan.muun.muassa.sen.vuoksi.et.0815 || card.sentence.doctor.laaketieteellista.tutkimusta.tarvitaan.muun.muassa.sen.vuoksi.et.11238 || card.sentence.doctor.laaketieteellista.tutkimusta.tarvitaan.muun.muassa.sen.vuoksi.et.1205 || card.sentence.doctor.laaketieteellista.tutkimusta.tarvitaan.muun.muassa.sen.vuoksi.et.2544 || card.sentence.doctor.laaketieteellista.tutkimusta.tarvitaan.muun.muassa.sen.vuoksi.et.2549
sentence_card,doctor,complete the missing part of the sentence.,"leikkausten aiheuttamiin ongelmiin kuuluvat muun muassa kontaminaatio, ommelsaumojen pettäminen[12] ja leikkausalueen infektiot, kuten pinnalliset haavainfektiot, syvät haavainfektiot, leikatun alueen infektiot[19] | alueen | alueen",8,/home/vitus/floently-finnish/apps/backend/materials/cards/published/professional/doctor/phrases/b1_b2.json,card.sentence.doctor.leikkausten.aiheuttamiin.ongelmiin.kuuluvat.muun.muassa.kontamin.10383 || card.sentence.doctor.leikkausten.aiheuttamiin.ongelmiin.kuuluvat.muun.muassa.kontamin.11339 || card.sentence.doctor.leikkausten.aiheuttamiin.ongelmiin.kuuluvat.muun.muassa.kontamin.1685 || card.sentence.doctor.leikkausten.aiheuttamiin.ongelmiin.kuuluvat.muun.muassa.kontamin.1690 || card.sentence.doctor.leikkausten.aiheuttamiin.ongelmiin.kuuluvat.muun.muassa.kontamin.3854
sentence_card,doctor,complete the missing part of the sentence.,"monissa leikkauksissa kerta-annos, yleensä kefuroksiimia, riittää hyödyn saamiseksi ja yli päivän kestävää annostelua ei suositella.[25] | annostelua | annostelua",8,/home/vitus/floently-finnish/apps/backend/materials/cards/published/professional/doctor/phrases/b1_b2.json,card.sentence.doctor.monissa.leikkauksissa.kerta.annos.yleensa.kefuroksiimia.riittaa..0412 || card.sentence.doctor.monissa.leikkauksissa.kerta.annos.yleensa.kefuroksiimia.riittaa..11325 || card.sentence.doctor.monissa.leikkauksissa.kerta.annos.yleensa.kefuroksiimia.riittaa..1448 || card.sentence.doctor.monissa.leikkauksissa.kerta.annos.yleensa.kefuroksiimia.riittaa..6340 || card.sentence.doctor.monissa.leikkauksissa.kerta.annos.yleensa.kefuroksiimia.riittaa..6345
sentence_card,doctor,complete the missing part of the sentence.,"tämä sairaus on usein autoimmuunisairaus, jossa keho tuhoaa haiman insuliinia tuottavia beetasoluja | beetasoluja | beetasoluja",8,/home/vitus/floently-finnish/apps/backend/materials/cards/published/professional/doctor/phrases/b1_b2.json,card.sentence.doctor.tama.sairaus.on.usein.autoimmuunisairaus.jossa.keho.tuhoaa.haima.0018 || card.sentence.doctor.tama.sairaus.on.usein.autoimmuunisairaus.jossa.keho.tuhoaa.haima.11134 || card.sentence.doctor.tama.sairaus.on.usein.autoimmuunisairaus.jossa.keho.tuhoaa.haima.1747 || card.sentence.doctor.tama.sairaus.on.usein.autoimmuunisairaus.jossa.keho.tuhoaa.haima.1992 || card.sentence.doctor.tama.sairaus.on.usein.autoimmuunisairaus.jossa.keho.tuhoaa.haima.1997
sentence_card,doctor,complete the missing part of the sentence.,"taulukko näyttää uusimman (2018) esc- ja esh-järjestöjen sekä uusimman (2020) käypä hoito -suosituksen vastaanottomittauksiin perustuvan verenpaineluokittelun.[13][14] yhdysvalloissa american heart association -järjestöllä oli samanlaisiin arvoihin perustuva taulukko,[15] kunnes vuonna 2017 se muutti verenpaineluokittelun arvoja niin, että suuremmalle osalle ihmisistä luokitellaan kohonnut verenpaine.[16][17] | kohonnut | kohonnut",8,/home/vitus/floently-finnish/apps/backend/materials/cards/published/professional/doctor/phrases/b1_b2.json,card.sentence.doctor.taulukko.nayttaa.uusimman.2018.esc.ja.esh.jarjestojen.seka.uusim.0617 || card.sentence.doctor.taulukko.nayttaa.uusimman.2018.esc.ja.esh.jarjestojen.seka.uusim.8773 || card.sentence.doctor.taulukko.nayttaa.uusimman.2018.esc.ja.esh.jarjestojen.seka.uusim.8789 || card.sentence.doctor.taulukko.nayttaa.uusimman.2018.esc.ja.esh.jarjestojen.seka.uusim.8794 || card.sentence.doctor.taulukko.nayttaa.uusimman.2018.esc.ja.esh.jarjestojen.seka.uusim.8802
sentence_card,doctor,complete the missing part of the sentence.,"ylen haastattelemat henkilöt kertovat, että lääkäriasemat ovat yksipuolisesti muuttaneet sopimusten ehtoja ammatinharjoittajille huonompaan suuntaan. | suuntaan | suuntaan",8,/home/vitus/floently-finnish/apps/backend/materials/cards/published/professional/doctor/phrases/b1_b2.json,card.sentence.doctor.ylen.haastattelemat.henkilot.kertovat.etta.laakariasemat.ovat.yk.0635 || card.sentence.doctor.ylen.haastattelemat.henkilot.kertovat.etta.laakariasemat.ovat.yk.0650 || card.sentence.doctor.ylen.haastattelemat.henkilot.kertovat.etta.laakariasemat.ovat.yk.0915 || card.sentence.doctor.ylen.haastattelemat.henkilot.kertovat.etta.laakariasemat.ovat.yk.0978 || card.sentence.doctor.ylen.haastattelemat.henkilot.kertovat.etta.laakariasemat.ovat.yk.3746
sentence_card,nurse,complete the missing part of the sentence.,"eri toimenpidetyyppeihin kuuluvat muun muassa revisio, dekompressio, resektio, ablaatio, replantaatio, avanneleikkaus (ohutsuoliavanne, mahalaukkuavanne), debulking-kirurgia ja fiksaatio. | fiksaatio | fiksaatio",8,/home/vitus/floently-finnish/apps/backend/materials/cards/published/professional/nurse/phrases/b1_b2.json,card.sentence.nurse.eri.toimenpidetyyppeihin.kuuluvat.muun.muassa.revisio.dekompress.3283 || card.sentence.nurse.eri.toimenpidetyyppeihin.kuuluvat.muun.muassa.revisio.dekompress.3288 || card.sentence.nurse.eri.toimenpidetyyppeihin.kuuluvat.muun.muassa.revisio.dekompress.3293 || card.sentence.nurse.eri.toimenpidetyyppeihin.kuuluvat.muun.muassa.revisio.dekompress.3298 || card.sentence.nurse.eri.toimenpidetyyppeihin.kuuluvat.muun.muassa.revisio.dekompress.3303
sentence_card,nurse,complete the missing part of the sentence.,"jos lääkäri käyttää näyttöön perustumatonta hoitoa, jolla ei ole vakiintuneen lääketieteellisen hoidon asemaa, kyseessä on kokeellinen hoito | hoito | hoito",8,/home/vitus/floently-finnish/apps/backend/materials/cards/published/professional/nurse/phrases/b1_b2.json,card.sentence.nurse.jos.laakari.kayttaa.nayttoon.perustumatonta.hoitoa.jolla.ei.ole..0777 || card.sentence.nurse.jos.laakari.kayttaa.nayttoon.perustumatonta.hoitoa.jolla.ei.ole..1050 || card.sentence.nurse.jos.laakari.kayttaa.nayttoon.perustumatonta.hoitoa.jolla.ei.ole..2470 || card.sentence.nurse.jos.laakari.kayttaa.nayttoon.perustumatonta.hoitoa.jolla.ei.ole..4271 || card.sentence.nurse.jos.laakari.kayttaa.nayttoon.perustumatonta.hoitoa.jolla.ei.ole..5315
sentence_card,nurse,complete the missing part of the sentence.,"lääketieteellinen diagnoosi on lääketieteelliseen tietoon perustuva käsitys terveysongelman, sairauden tai tautitilan syistä ja pohjana lääketieteeseen pohjaavalle hoidolle | hoidolle | hoidolle",8,/home/vitus/floently-finnish/apps/backend/materials/cards/published/professional/nurse/phrases/b1_b2.json,card.sentence.nurse.laaketieteellinen.diagnoosi.on.laaketieteelliseen.tietoon.perust.0235 || card.sentence.nurse.laaketieteellinen.diagnoosi.on.laaketieteelliseen.tietoon.perust.1055 || card.sentence.nurse.laaketieteellinen.diagnoosi.on.laaketieteelliseen.tietoon.perust.3520 || card.sentence.nurse.laaketieteellinen.diagnoosi.on.laaketieteelliseen.tietoon.perust.3525 || card.sentence.nurse.laaketieteellinen.diagnoosi.on.laaketieteelliseen.tietoon.perust.3530
sentence_card,nurse,complete the missing part of the sentence.,metsähallitus seuraa nyt tautitilannetta aktiivisesti ja pyytää retkeilijöitä myös ilmoittamaan mahdollisesta vatsataudista luontoon.fi -palvelun palautesivulla | palautesivulla | palautesivulla,8,/home/vitus/floently-finnish/apps/backend/materials/cards/published/professional/nurse/phrases/b1_b2.json,card.sentence.nurse.metsahallitus.seuraa.nyt.tautitilannetta.aktiivisesti.ja.pyytaa..0893 || card.sentence.nurse.metsahallitus.seuraa.nyt.tautitilannetta.aktiivisesti.ja.pyytaa..1460 || card.sentence.nurse.metsahallitus.seuraa.nyt.tautitilannetta.aktiivisesti.ja.pyytaa..2335 || card.sentence.nurse.metsahallitus.seuraa.nyt.tautitilannetta.aktiivisesti.ja.pyytaa..2340 || card.sentence.nurse.metsahallitus.seuraa.nyt.tautitilannetta.aktiivisesti.ja.pyytaa..2348
sentence_card,nurse,complete the missing part of the sentence.,"myös tutkittavan oma raskaaksituloikä sekä 23-vuotiaana selvitetty koulutustaso, ammattiasema, aikuisiän mielenterveysongelmat ja päihteiden käyttö otettiin huomioon tuloksessa.[28] | huomioon | huomioon",8,/home/vitus/floently-finnish/apps/backend/materials/cards/published/professional/nurse/phrases/b1_b2.json,card.sentence.nurse.myos.tutkittavan.oma.raskaaksituloika.seka.23.vuotiaana.selvitet.0901 || card.sentence.nurse.myos.tutkittavan.oma.raskaaksituloika.seka.23.vuotiaana.selvitet.1010 || card.sentence.nurse.myos.tutkittavan.oma.raskaaksituloika.seka.23.vuotiaana.selvitet.3107 || card.sentence.nurse.myos.tutkittavan.oma.raskaaksituloika.seka.23.vuotiaana.selvitet.3112 || card.sentence.nurse.myos.tutkittavan.oma.raskaaksituloika.seka.23.vuotiaana.selvitet.3120
sentence_card,practical_nurse,complete the missing part of the sentence.,"bakteeri ei kuitenkaan välttämättä aiheuta kantajalleen oireita, mutta taudinkantajan kurkusta leviävät, bakteereita sisältävät pisarat voivat tartuttaa läheisessä sosiaalisessa kontaktissa muita henkilöitä. | henkilöitä | henkilöitä",8,/home/vitus/floently-finnish/apps/backend/materials/cards/published/professional/practical_nurse/phrases/b1_b2.json,card.sentence.practical_nurse.bakteeri.ei.kuitenkaan.valttamatta.aiheuta.kantajalleen.oireita..0275 || card.sentence.practical_nurse.bakteeri.ei.kuitenkaan.valttamatta.aiheuta.kantajalleen.oireita..3909 || card.sentence.practical_nurse.bakteeri.ei.kuitenkaan.valttamatta.aiheuta.kantajalleen.oireita..3914 || card.sentence.practical_nurse.bakteeri.ei.kuitenkaan.valttamatta.aiheuta.kantajalleen.oireita..3919 || card.sentence.practical_nurse.bakteeri.ei.kuitenkaan.valttamatta.aiheuta.kantajalleen.oireita..3932
sentence_card,practical_nurse,complete the missing part of the sentence.,"hoidon riskejä ovat myös hoitovirheet, esimerkiksi leikkausvälineiden jääminen potilaan sisään | sisään | sisään",8,/home/vitus/floently-finnish/apps/backend/materials/cards/published/professional/practical_nurse/phrases/b1_b2.json,card.sentence.practical_nurse.hoidon.riskeja.ovat.myos.hoitovirheet.esimerkiksi.leikkausvaline.2797 || card.sentence.practical_nurse.hoidon.riskeja.ovat.myos.hoitovirheet.esimerkiksi.leikkausvaline.2802 || card.sentence.practical_nurse.hoidon.riskeja.ovat.myos.hoitovirheet.esimerkiksi.leikkausvaline.2807 || card.sentence.practical_nurse.hoidon.riskeja.ovat.myos.hoitovirheet.esimerkiksi.leikkausvaline.4563 || card.sentence.practical_nurse.hoidon.riskeja.ovat.myos.hoitovirheet.esimerkiksi.leikkausvaline.4803
sentence_card,practical_nurse,complete the missing part of the sentence.,"laajassa merkityksessä lääketiede sisältää myös näihin päämääriin tähtäävät käytännön toimet kuten lääkinnän ja operatiivisen hoidon.[1] lääketieteessä pyritään ymmärtämään, kehittämään ja soveltamaan tapoja, joilla ihmisen tai eläimen terveyttä voidaan vaalia ja parantaa | parantaa | parantaa",8,/home/vitus/floently-finnish/apps/backend/materials/cards/published/professional/practical_nurse/phrases/b1_b2.json,card.sentence.practical_nurse.laajassa.merkityksessa.laaketiede.sisaltaa.myos.naihin.paamaarii.0142 || card.sentence.practical_nurse.laajassa.merkityksessa.laaketiede.sisaltaa.myos.naihin.paamaarii.0591 || card.sentence.practical_nurse.laajassa.merkityksessa.laaketiede.sisaltaa.myos.naihin.paamaarii.0629 || card.sentence.practical_nurse.laajassa.merkityksessa.laaketiede.sisaltaa.myos.naihin.paamaarii.1102 || card.sentence.practical_nurse.laajassa.merkityksessa.laaketiede.sisaltaa.myos.naihin.paamaarii.1120
sentence_card,practical_nurse,complete the missing part of the sentence.,liikunnan liian vähäinen määrä sekä myös määrältään tai kuormitukseltaan liiallinen fyysinen aktiivisuus heikentävät tulehdustauteja ehkäisevää immuunipuolustusta | immuunipuolustusta | immuunipuolustusta,8,/home/vitus/floently-finnish/apps/backend/materials/cards/published/professional/practical_nurse/phrases/b1_b2.json,card.sentence.practical_nurse.liikunnan.liian.vahainen.maara.seka.myos.maaraltaan.tai.kuormitu.0859 || card.sentence.practical_nurse.liikunnan.liian.vahainen.maara.seka.myos.maaraltaan.tai.kuormitu.1759 || card.sentence.practical_nurse.liikunnan.liian.vahainen.maara.seka.myos.maaraltaan.tai.kuormitu.1764 || card.sentence.practical_nurse.liikunnan.liian.vahainen.maara.seka.myos.maaraltaan.tai.kuormitu.1769 || card.sentence.practical_nurse.liikunnan.liian.vahainen.maara.seka.myos.maaraltaan.tai.kuormitu.1774
sentence_card,practical_nurse,complete the missing part of the sentence.,"– me olemme tällä hallituskaudella nähneet, että kun ihmisten sosiaaliturvaa heikennetään, oma varautuminen kasvaa ja se hyydyttää yksityistä kulutusta aika nopeasti. | nopeasti | nopeasti",8,/home/vitus/floently-finnish/apps/backend/materials/cards/published/professional/practical_nurse/phrases/b1_b2.json,card.sentence.practical_nurse.me.olemme.talla.hallituskaudella.nahneet.etta.kun.ihmisten.sosia.0501 || card.sentence.practical_nurse.me.olemme.talla.hallituskaudella.nahneet.etta.kun.ihmisten.sosia.4776 || card.sentence.practical_nurse.me.olemme.talla.hallituskaudella.nahneet.etta.kun.ihmisten.sosia.5323 || card.sentence.practical_nurse.me.olemme.talla.hallituskaudella.nahneet.etta.kun.ihmisten.sosia.5331 || card.sentence.practical_nurse.me.olemme.talla.hallituskaudella.nahneet.etta.kun.ihmisten.sosia.5336
sentence_card,practical_nurse,complete the missing part of the sentence.,naispotilaita hoidetaan esimerkiksi sydänkohtauksen jälkeen miehiä harvemmin tukkeutuneita suonia avaavilla hoitotoimilla ja aivoinfarktin läpikäyneille naisille tehdään miehiä harvemmin liuotushoitoja | liuotushoitoja | liuotushoitoja,8,/home/vitus/floently-finnish/apps/backend/materials/cards/published/professional/practical_nurse/phrases/b1_b2.json,card.sentence.practical_nurse.naispotilaita.hoidetaan.esimerkiksi.sydankohtauksen.jalkeen.mieh.2504 || card.sentence.practical_nurse.naispotilaita.hoidetaan.esimerkiksi.sydankohtauksen.jalkeen.mieh.2509 || card.sentence.practical_nurse.naispotilaita.hoidetaan.esimerkiksi.sydankohtauksen.jalkeen.mieh.2514 || card.sentence.practical_nurse.naispotilaita.hoidetaan.esimerkiksi.sydankohtauksen.jalkeen.mieh.2519 || card.sentence.practical_nurse.naispotilaita.hoidetaan.esimerkiksi.sydankohtauksen.jalkeen.mieh.2527
sentence_card,practical_nurse,complete the missing part of the sentence.,"päivän jokainen ateria tuottaa niin sanottua länsimaalaista ravintoa nauttiville ihmisille matala-asteisen tulehdusvasteen, joka kestää yhteensä jopa 18 tuntia vuorokaudessa | vuorokaudessa | vuorokaudessa",8,/home/vitus/floently-finnish/apps/backend/materials/cards/published/professional/practical_nurse/phrases/b1_b2.json,card.sentence.practical_nurse.paivan.jokainen.ateria.tuottaa.niin.sanottua.lansimaalaista.ravi.0303 || card.sentence.practical_nurse.paivan.jokainen.ateria.tuottaa.niin.sanottua.lansimaalaista.ravi.0688 || card.sentence.practical_nurse.paivan.jokainen.ateria.tuottaa.niin.sanottua.lansimaalaista.ravi.1285 || card.sentence.practical_nurse.paivan.jokainen.ateria.tuottaa.niin.sanottua.lansimaalaista.ravi.1374 || card.sentence.practical_nurse.paivan.jokainen.ateria.tuottaa.niin.sanottua.lansimaalaista.ravi.3656
sentence_card,practical_nurse,complete the missing part of the sentence.,"tämä on länsimaissa vallitseva kehityssuunta, joka lisää lääkinnän ja lääketieteen toiminta-alaa yhteiskunnassa ja muuttaa terveyden edistämisen ja lääketieteelliset toimenpiteet ihmiselämän keskeiseksi asiaksi. | asiaksi | asiaksi",8,/home/vitus/floently-finnish/apps/backend/materials/cards/published/professional/practical_nurse/phrases/b1_b2.json,card.sentence.practical_nurse.tama.on.lansimaissa.vallitseva.kehityssuunta.joka.lisaa.laakinna.1395 || card.sentence.practical_nurse.tama.on.lansimaissa.vallitseva.kehityssuunta.joka.lisaa.laakinna.4315 || card.sentence.practical_nurse.tama.on.lansimaissa.vallitseva.kehityssuunta.joka.lisaa.laakinna.4320 || card.sentence.practical_nurse.tama.on.lansimaissa.vallitseva.kehityssuunta.joka.lisaa.laakinna.4325 || card.sentence.practical_nurse.tama.on.lansimaissa.vallitseva.kehityssuunta.joka.lisaa.laakinna.4333
sentence_card,practical_nurse,complete the missing part of the sentence.,"tammikuuta meri-lapin ympäristöterveysvalvonta lähetti kiinteistöille kirjeen, jossa niitä opastettiin sopimaan naapurikiinteistöjen kanssa loukutuksista. | loukutuksista | loukutuksista",8,/home/vitus/floently-finnish/apps/backend/materials/cards/published/professional/practical_nurse/phrases/b1_b2.json,card.sentence.practical_nurse.tammikuuta.meri.lapin.ymparistoterveysvalvonta.lahetti.kiinteist.0227 || card.sentence.practical_nurse.tammikuuta.meri.lapin.ymparistoterveysvalvonta.lahetti.kiinteist.6412 || card.sentence.practical_nurse.tammikuuta.meri.lapin.ymparistoterveysvalvonta.lahetti.kiinteist.6506 || card.sentence.practical_nurse.tammikuuta.meri.lapin.ymparistoterveysvalvonta.lahetti.kiinteist.6517 || card.sentence.practical_nurse.tammikuuta.meri.lapin.ymparistoterveysvalvonta.lahetti.kiinteist.6522
sentence_card,doctor,complete the missing part of the sentence.,esimerkkinä eräitä nivelreuman erotusdiagnooseja ovat nivelrikko ja reaktiivinen niveltulehdus. | niveltulehdus | niveltulehdus,7,/home/vitus/floently-finnish/apps/backend/materials/cards/published/professional/doctor/phrases/b1_b2.json,card.sentence.doctor.esimerkkina.eraita.nivelreuman.erotusdiagnooseja.ovat.nivelrikko.0925 || card.sentence.doctor.esimerkkina.eraita.nivelreuman.erotusdiagnooseja.ovat.nivelrikko.1311 || card.sentence.doctor.esimerkkina.eraita.nivelreuman.erotusdiagnooseja.ovat.nivelrikko.2364 || card.sentence.doctor.esimerkkina.eraita.nivelreuman.erotusdiagnooseja.ovat.nivelrikko.4243 || card.sentence.doctor.esimerkkina.eraita.nivelreuman.erotusdiagnooseja.ovat.nivelrikko.8346
sentence_card,doctor,complete the missing part of the sentence.,"isossa-britanniassa hoitosuositukset laaditaan puolestaan terveydenhuoltoviranomaisen asettamissa riippumattomissa komiteoissa, joiden jäseninä on sekä ammattilaisten että potilaiden edustajia | edustajia | edustajia",7,/home/vitus/floently-finnish/apps/backend/materials/cards/published/professional/doctor/phrases/b1_b2.json,card.sentence.doctor.isossa.britanniassa.hoitosuositukset.laaditaan.puolestaan.tervey.0973 || card.sentence.doctor.isossa.britanniassa.hoitosuositukset.laaditaan.puolestaan.tervey.11195 || card.sentence.doctor.isossa.britanniassa.hoitosuositukset.laaditaan.puolestaan.tervey.5922 || card.sentence.doctor.isossa.britanniassa.hoitosuositukset.laaditaan.puolestaan.tervey.5927 || card.sentence.doctor.isossa.britanniassa.hoitosuositukset.laaditaan.puolestaan.tervey.5932
sentence_card,doctor,complete the missing part of the sentence.,matala-asteisen tulehduksen aikaansaama immuunijärjestelmän aktivaatio laskee kipukynnystä etenkin naisilla | naisilla | naisilla,7,/home/vitus/floently-finnish/apps/backend/materials/cards/published/professional/doctor/phrases/b1_b2.json,card.sentence.doctor.matala.asteisen.tulehduksen.aikaansaama.immuunijarjestelman.akti.0645 || card.sentence.doctor.matala.asteisen.tulehduksen.aikaansaama.immuunijarjestelman.akti.10533 || card.sentence.doctor.matala.asteisen.tulehduksen.aikaansaama.immuunijarjestelman.akti.3889 || card.sentence.doctor.matala.asteisen.tulehduksen.aikaansaama.immuunijarjestelman.akti.3894 || card.sentence.doctor.matala.asteisen.tulehduksen.aikaansaama.immuunijarjestelman.akti.3899
sentence_card,doctor,complete the missing part of the sentence.,metsähallitus seuraa nyt tautitilannetta aktiivisesti ja pyytää retkeilijöitä myös ilmoittamaan mahdollisesta vatsataudista luontoon.fi -palvelun palautesivulla | palautesivulla | palautesivulla,7,/home/vitus/floently-finnish/apps/backend/materials/cards/published/professional/doctor/phrases/b1_b2.json,card.sentence.doctor.metsahallitus.seuraa.nyt.tautitilannetta.aktiivisesti.ja.pyytaa..0320 || card.sentence.doctor.metsahallitus.seuraa.nyt.tautitilannetta.aktiivisesti.ja.pyytaa..1235 || card.sentence.doctor.metsahallitus.seuraa.nyt.tautitilannetta.aktiivisesti.ja.pyytaa..1610 || card.sentence.doctor.metsahallitus.seuraa.nyt.tautitilannetta.aktiivisesti.ja.pyytaa..3712 || card.sentence.doctor.metsahallitus.seuraa.nyt.tautitilannetta.aktiivisesti.ja.pyytaa..3717
sentence_card,doctor,complete the missing part of the sentence.,"näiden keskiarvon perusteella diagnosoidaan kohonnut verenpaine.[9] jos potilaalla epäillään olevan kohonnut verenpaine, tehdään mittaukset lääkärin tai terveydenhoitajan luona useana eri päivänä lyhyehkön ajanjakson sisällä | sisällä | sisällä",7,/home/vitus/floently-finnish/apps/backend/materials/cards/published/professional/doctor/phrases/b1_b2.json,card.sentence.doctor.naiden.keskiarvon.perusteella.diagnosoidaan.kohonnut.verenpaine..0761 || card.sentence.doctor.naiden.keskiarvon.perusteella.diagnosoidaan.kohonnut.verenpaine..0999 || card.sentence.doctor.naiden.keskiarvon.perusteella.diagnosoidaan.kohonnut.verenpaine..1080 || card.sentence.doctor.naiden.keskiarvon.perusteella.diagnosoidaan.kohonnut.verenpaine..11423 || card.sentence.doctor.naiden.keskiarvon.perusteella.diagnosoidaan.kohonnut.verenpaine..6047
sentence_card,doctor,complete the missing part of the sentence.,"neurogeeninen tulehdus aiheuttaa kudosturvotusta, kudoksen heikentynyttä hapensaantia ja tulehdusvälittäjäaineiden aiheuttamia kudosvauriota | kudosvauriota | kudosvauriota",7,/home/vitus/floently-finnish/apps/backend/materials/cards/published/professional/doctor/phrases/b1_b2.json,card.sentence.doctor.neurogeeninen.tulehdus.aiheuttaa.kudosturvotusta.kudoksen.heiken.11023 || card.sentence.doctor.neurogeeninen.tulehdus.aiheuttaa.kudosturvotusta.kudoksen.heiken.1648 || card.sentence.doctor.neurogeeninen.tulehdus.aiheuttaa.kudosturvotusta.kudoksen.heiken.3824 || card.sentence.doctor.neurogeeninen.tulehdus.aiheuttaa.kudosturvotusta.kudoksen.heiken.3829 || card.sentence.doctor.neurogeeninen.tulehdus.aiheuttaa.kudosturvotusta.kudoksen.heiken.3834
sentence_card,doctor,complete the missing part of the sentence.,"taskilan mukaan pakkotoimien puolelle ei voida mennä, jos potilas pystyy selkeästi ilmaisemaan oman kantansa ja perustelemaan sen järkevällä tavalla – ellei sitten ole kyse tilapäisen sairaudentilan aiheuttamasta ongelmasta henkilön ajattelussa. | ajattelussa | ajattelussa",7,/home/vitus/floently-finnish/apps/backend/materials/cards/published/professional/doctor/phrases/b1_b2.json,card.sentence.doctor.taskilan.mukaan.pakkotoimien.puolelle.ei.voida.menna.jos.potilas.0407 || card.sentence.doctor.taskilan.mukaan.pakkotoimien.puolelle.ei.voida.menna.jos.potilas.1729 || card.sentence.doctor.taskilan.mukaan.pakkotoimien.puolelle.ei.voida.menna.jos.potilas.6088 || card.sentence.doctor.taskilan.mukaan.pakkotoimien.puolelle.ei.voida.menna.jos.potilas.6096 || card.sentence.doctor.taskilan.mukaan.pakkotoimien.puolelle.ei.voida.menna.jos.potilas.6104
sentence_card,doctor,complete the missing part of the sentence.,tieteellisten tutkimusten tuloksiin perustuvaa lääketiedettä nimitetään näyttöön perustuvaksi lääketieteeksi (evidence based medicine) | based | based,7,/home/vitus/floently-finnish/apps/backend/materials/cards/published/professional/doctor/phrases/b1_b2.json,card.sentence.doctor.tieteellisten.tutkimusten.tuloksiin.perustuvaa.laaketiedetta.nim.0046 || card.sentence.doctor.tieteellisten.tutkimusten.tuloksiin.perustuvaa.laaketiedetta.nim.10013 || card.sentence.doctor.tieteellisten.tutkimusten.tuloksiin.perustuvaa.laaketiedetta.nim.10291 || card.sentence.doctor.tieteellisten.tutkimusten.tuloksiin.perustuvaa.laaketiedetta.nim.11218 || card.sentence.doctor.tieteellisten.tutkimusten.tuloksiin.perustuvaa.laaketiedetta.nim.3185
sentence_card,doctor,complete the missing part of the sentence.,"yle aamussa vieraillut kelan asiantuntijalääkäri pia pajunen kuitenkin huomauttaa, että lihavuus on elintapasairaus, jota pitäisi hoitaa pitkäaikaisella elintapamuutoksella | elintapamuutoksella | elintapamuutoksella",7,/home/vitus/floently-finnish/apps/backend/materials/cards/published/professional/doctor/phrases/b1_b2.json,card.sentence.doctor.yle.aamussa.vieraillut.kelan.asiantuntijalaakari.pia.pajunen.kui.0353 || card.sentence.doctor.yle.aamussa.vieraillut.kelan.asiantuntijalaakari.pia.pajunen.kui.1396 || card.sentence.doctor.yle.aamussa.vieraillut.kelan.asiantuntijalaakari.pia.pajunen.kui.8318 || card.sentence.doctor.yle.aamussa.vieraillut.kelan.asiantuntijalaakari.pia.pajunen.kui.8326 || card.sentence.doctor.yle.aamussa.vieraillut.kelan.asiantuntijalaakari.pia.pajunen.kui.8331
sentence_card,nurse,complete the missing part of the sentence.,"erityistä tyytymättömyyttä ammatinharjoittajien keskuudessa on herättänyt ainakin mehiläisessä, terveystalossa ja pihlajalinnassa viime vuosina käyttöön otetut palkkiomallit, joilla määritellään vakuutusyhtiöiden ja työterveyden potilaiden vastaanotoille vähimmäis- ja enimmäispalkkiot. | enimmäispalkkiot | enimmäispalkkiot",7,/home/vitus/floently-finnish/apps/backend/materials/cards/published/professional/nurse/phrases/b1_b2.json,card.sentence.nurse.erityista.tyytymattomyytta.ammatinharjoittajien.keskuudessa.on.h.0440 || card.sentence.nurse.erityista.tyytymattomyytta.ammatinharjoittajien.keskuudessa.on.h.0669 || card.sentence.nurse.erityista.tyytymattomyytta.ammatinharjoittajien.keskuudessa.on.h.1187 || card.sentence.nurse.erityista.tyytymattomyytta.ammatinharjoittajien.keskuudessa.on.h.4673 || card.sentence.nurse.erityista.tyytymattomyytta.ammatinharjoittajien.keskuudessa.on.h.4686
sentence_card,nurse,complete the missing part of the sentence.,"erotusdiagnoosi on käsite, jota käytetään tiettyä tautia haettaessa sisältäen ne vaihtoehdot, jotka voisivat myös samantapaisella oireistolla tulla kyseeseen | kyseeseen | kyseeseen",7,/home/vitus/floently-finnish/apps/backend/materials/cards/published/professional/nurse/phrases/b1_b2.json,card.sentence.nurse.erotusdiagnoosi.on.kasite.jota.kaytetaan.tiettya.tautia.haettaes.0888 || card.sentence.nurse.erotusdiagnoosi.on.kasite.jota.kaytetaan.tiettya.tautia.haettaes.2549 || card.sentence.nurse.erotusdiagnoosi.on.kasite.jota.kaytetaan.tiettya.tautia.haettaes.2554 || card.sentence.nurse.erotusdiagnoosi.on.kasite.jota.kaytetaan.tiettya.tautia.haettaes.2559 || card.sentence.nurse.erotusdiagnoosi.on.kasite.jota.kaytetaan.tiettya.tautia.haettaes.2567
sentence_card,nurse,complete the missing part of the sentence.,"isossa-britanniassa hoitosuositukset laaditaan puolestaan terveydenhuoltoviranomaisen asettamissa riippumattomissa komiteoissa, joiden jäseninä on sekä ammattilaisten että potilaiden edustajia | edustajia | edustajia",7,/home/vitus/floently-finnish/apps/backend/materials/cards/published/professional/nurse/phrases/b1_b2.json,card.sentence.nurse.isossa.britanniassa.hoitosuositukset.laaditaan.puolestaan.tervey.0445 || card.sentence.nurse.isossa.britanniassa.hoitosuositukset.laaditaan.puolestaan.tervey.3779 || card.sentence.nurse.isossa.britanniassa.hoitosuositukset.laaditaan.puolestaan.tervey.3784 || card.sentence.nurse.isossa.britanniassa.hoitosuositukset.laaditaan.puolestaan.tervey.3789 || card.sentence.nurse.isossa.britanniassa.hoitosuositukset.laaditaan.puolestaan.tervey.3794
sentence_card,nurse,complete the missing part of the sentence.,"kirurginen toimenpide on ihon, limakalvon, muun epiteelin tai kehon luonnollisen aukon kautta tehtävä kehonsisäinen mekaaninen interventio, jolla pyritään korjaamaan tai estämään kudosvaurio[2]. | estämään | estämään",7,/home/vitus/floently-finnish/apps/backend/materials/cards/published/professional/nurse/phrases/b1_b2.json,card.sentence.nurse.kirurginen.toimenpide.on.ihon.limakalvon.muun.epiteelin.tai.keho.0256 || card.sentence.nurse.kirurginen.toimenpide.on.ihon.limakalvon.muun.epiteelin.tai.keho.3548 || card.sentence.nurse.kirurginen.toimenpide.on.ihon.limakalvon.muun.epiteelin.tai.keho.3553 || card.sentence.nurse.kirurginen.toimenpide.on.ihon.limakalvon.muun.epiteelin.tai.keho.3564 || card.sentence.nurse.kirurginen.toimenpide.on.ihon.limakalvon.muun.epiteelin.tai.keho.3569
sentence_card,nurse,complete the missing part of the sentence.,"koska mittaustilanne saatetaan kokea niin jännittävänä, että se nostaa verenpainetta, suositellaan yhä useammin kotimittauksia | kotimittauksia | kotimittauksia",7,/home/vitus/floently-finnish/apps/backend/materials/cards/published/professional/nurse/phrases/b1_b2.json,card.sentence.nurse.koska.mittaustilanne.saatetaan.kokea.niin.jannittavana.etta.se.n.0164 || card.sentence.nurse.koska.mittaustilanne.saatetaan.kokea.niin.jannittavana.etta.se.n.0643 || card.sentence.nurse.koska.mittaustilanne.saatetaan.kokea.niin.jannittavana.etta.se.n.1798 || card.sentence.nurse.koska.mittaustilanne.saatetaan.kokea.niin.jannittavana.etta.se.n.4701 || card.sentence.nurse.koska.mittaustilanne.saatetaan.kokea.niin.jannittavana.etta.se.n.4706
sentence_card,nurse,complete the missing part of the sentence.,"lääketieteellistä tutkimusta tarvitaan muun muassa sen vuoksi, etteivät hoitoja antavat tahot kykene itse arvioimaan hoitojen tehoa esimerkiksi valikoitumisharhan vuoksi (engl | vuoksi | vuoksi",7,/home/vitus/floently-finnish/apps/backend/materials/cards/published/professional/nurse/phrases/b1_b2.json,card.sentence.nurse.laaketieteellista.tutkimusta.tarvitaan.muun.muassa.sen.vuoksi.et.0722 || card.sentence.nurse.laaketieteellista.tutkimusta.tarvitaan.muun.muassa.sen.vuoksi.et.1537 || card.sentence.nurse.laaketieteellista.tutkimusta.tarvitaan.muun.muassa.sen.vuoksi.et.1542 || card.sentence.nurse.laaketieteellista.tutkimusta.tarvitaan.muun.muassa.sen.vuoksi.et.1547 || card.sentence.nurse.laaketieteellista.tutkimusta.tarvitaan.muun.muassa.sen.vuoksi.et.1552
sentence_card,nurse,complete the missing part of the sentence.,"lapin hyvinvointialueen (lapha) tarkoituksena oli myös saada äiti pois tyttärensä vaikutuspiiristä, jotta voidaan selvittää äidin oma suhtautuminen lääkehoitoon. | lääkehoitoon | lääkehoitoon",7,/home/vitus/floently-finnish/apps/backend/materials/cards/published/professional/nurse/phrases/b1_b2.json,card.sentence.nurse.lapin.hyvinvointialueen.lapha.tarkoituksena.oli.myos.saada.aiti..1162 || card.sentence.nurse.lapin.hyvinvointialueen.lapha.tarkoituksena.oli.myos.saada.aiti..1635 || card.sentence.nurse.lapin.hyvinvointialueen.lapha.tarkoituksena.oli.myos.saada.aiti..4020 || card.sentence.nurse.lapin.hyvinvointialueen.lapha.tarkoituksena.oli.myos.saada.aiti..4028 || card.sentence.nurse.lapin.hyvinvointialueen.lapha.tarkoituksena.oli.myos.saada.aiti..4033
sentence_card,nurse,complete the missing part of the sentence.,"monissa leikkauksissa kerta-annos, yleensä kefuroksiimia, riittää hyödyn saamiseksi ja yli päivän kestävää annostelua ei suositella.[25] | annostelua | annostelua",7,/home/vitus/floently-finnish/apps/backend/materials/cards/published/professional/nurse/phrases/b1_b2.json,card.sentence.nurse.monissa.leikkauksissa.kerta.annos.yleensa.kefuroksiimia.riittaa..0477 || card.sentence.nurse.monissa.leikkauksissa.kerta.annos.yleensa.kefuroksiimia.riittaa..0587 || card.sentence.nurse.monissa.leikkauksissa.kerta.annos.yleensa.kefuroksiimia.riittaa..0633 || card.sentence.nurse.monissa.leikkauksissa.kerta.annos.yleensa.kefuroksiimia.riittaa..4094 || card.sentence.nurse.monissa.leikkauksissa.kerta.annos.yleensa.kefuroksiimia.riittaa..4099
sentence_card,nurse,complete the missing part of the sentence.,"myös siksi, että tämä on aidosti uusi tapa kokeilla yksityisen sektorin ja kela-rahoituksen hyödyntämistä järjestelmän kehittämisessä, terveystalon viestinnästä kommentoidaan. | kommentoidaan | kommentoidaan",7,/home/vitus/floently-finnish/apps/backend/materials/cards/published/professional/nurse/phrases/b1_b2.json,card.sentence.nurse.myos.siksi.etta.tama.on.aidosti.uusi.tapa.kokeilla.yksityisen.se.0930 || card.sentence.nurse.myos.siksi.etta.tama.on.aidosti.uusi.tapa.kokeilla.yksityisen.se.2755 || card.sentence.nurse.myos.siksi.etta.tama.on.aidosti.uusi.tapa.kokeilla.yksityisen.se.2763 || card.sentence.nurse.myos.siksi.etta.tama.on.aidosti.uusi.tapa.kokeilla.yksityisen.se.2768 || card.sentence.nurse.myos.siksi.etta.tama.on.aidosti.uusi.tapa.kokeilla.yksityisen.se.2779
sentence_card,nurse,complete the missing part of the sentence.,"näiden keskiarvon perusteella diagnosoidaan kohonnut verenpaine.[9] jos potilaalla epäillään olevan kohonnut verenpaine, tehdään mittaukset lääkärin tai terveydenhoitajan luona useana eri päivänä lyhyehkön ajanjakson sisällä | sisällä | sisällä",7,/home/vitus/floently-finnish/apps/backend/materials/cards/published/professional/nurse/phrases/b1_b2.json,card.sentence.nurse.naiden.keskiarvon.perusteella.diagnosoidaan.kohonnut.verenpaine..3894 || card.sentence.nurse.naiden.keskiarvon.perusteella.diagnosoidaan.kohonnut.verenpaine..3902 || card.sentence.nurse.naiden.keskiarvon.perusteella.diagnosoidaan.kohonnut.verenpaine..3910 || card.sentence.nurse.naiden.keskiarvon.perusteella.diagnosoidaan.kohonnut.verenpaine..6289 || card.sentence.nurse.naiden.keskiarvon.perusteella.diagnosoidaan.kohonnut.verenpaine..6695
sentence_card,nurse,complete the missing part of the sentence.,"potilaan oikeuksien kunnioitusta on korostanut myös korkein oikeus päätöksessään tapauksesta, jossa nainen pakotettiin syömään lääkkeitä tahdonvastaisessa psykiatrisessa hoidossa. | hoidossa | hoidossa",7,/home/vitus/floently-finnish/apps/backend/materials/cards/published/professional/nurse/phrases/b1_b2.json,card.sentence.nurse.potilaan.oikeuksien.kunnioitusta.on.korostanut.myos.korkein.oike.0066 || card.sentence.nurse.potilaan.oikeuksien.kunnioitusta.on.korostanut.myos.korkein.oike.0417 || card.sentence.nurse.potilaan.oikeuksien.kunnioitusta.on.korostanut.myos.korkein.oike.1129 || card.sentence.nurse.potilaan.oikeuksien.kunnioitusta.on.korostanut.myos.korkein.oike.3856 || card.sentence.nurse.potilaan.oikeuksien.kunnioitusta.on.korostanut.myos.korkein.oike.3861
sentence_card,nurse,complete the missing part of the sentence.,"silloin sitä varten annetut hoitotoimenpiteet ja lääkkeet eivät välttämättä poista oireiden aiheuttajaa, ja vakavampia mahdollisesti hengenvaarallisiakin seurauksia voi tulla. | tulla | tulla",7,/home/vitus/floently-finnish/apps/backend/materials/cards/published/professional/nurse/phrases/b1_b2.json,card.sentence.nurse.silloin.sita.varten.annetut.hoitotoimenpiteet.ja.laakkeet.eivat..0091 || card.sentence.nurse.silloin.sita.varten.annetut.hoitotoimenpiteet.ja.laakkeet.eivat..0562 || card.sentence.nurse.silloin.sita.varten.annetut.hoitotoimenpiteet.ja.laakkeet.eivat..1293 || card.sentence.nurse.silloin.sita.varten.annetut.hoitotoimenpiteet.ja.laakkeet.eivat..1298 || card.sentence.nurse.silloin.sita.varten.annetut.hoitotoimenpiteet.ja.laakkeet.eivat..1306
sentence_card,nurse,complete the missing part of the sentence.,"verisuoni, linssi, nivel, läppä), keskushermostosuntti, ehkäisyvälineet ja fiksaatiovälineet (esim | fiksaatiovälineet | fiksaatiovälineet",7,/home/vitus/floently-finnish/apps/backend/materials/cards/published/professional/nurse/phrases/b1_b2.json,card.sentence.nurse.verisuoni.linssi.nivel.lappa.keskushermostosuntti.ehkaisyvalinee.1967 || card.sentence.nurse.verisuoni.linssi.nivel.lappa.keskushermostosuntti.ehkaisyvalinee.3323 || card.sentence.nurse.verisuoni.linssi.nivel.lappa.keskushermostosuntti.ehkaisyvalinee.3409 || card.sentence.nurse.verisuoni.linssi.nivel.lappa.keskushermostosuntti.ehkaisyvalinee.5390 || card.sentence.nurse.verisuoni.linssi.nivel.lappa.keskushermostosuntti.ehkaisyvalinee.5395
sentence_card,nurse,complete the missing part of the sentence.,"yle aamussa vieraillut kelan asiantuntijalääkäri pia pajunen kuitenkin huomauttaa, että lihavuus on elintapasairaus, jota pitäisi hoitaa pitkäaikaisella elintapamuutoksella | elintapamuutoksella | elintapamuutoksella",7,/home/vitus/floently-finnish/apps/backend/materials/cards/published/professional/nurse/phrases/b1_b2.json,card.sentence.nurse.yle.aamussa.vieraillut.kelan.asiantuntijalaakari.pia.pajunen.kui.0081 || card.sentence.nurse.yle.aamussa.vieraillut.kelan.asiantuntijalaakari.pia.pajunen.kui.1037 || card.sentence.nurse.yle.aamussa.vieraillut.kelan.asiantuntijalaakari.pia.pajunen.kui.5457 || card.sentence.nurse.yle.aamussa.vieraillut.kelan.asiantuntijalaakari.pia.pajunen.kui.5465 || card.sentence.nurse.yle.aamussa.vieraillut.kelan.asiantuntijalaakari.pia.pajunen.kui.5470
sentence_card,practical_nurse,complete the missing part of the sentence.,"eri syövät tyypillisesti muodostavat etäpesäkkeitä eli metastasoivat tiettyihin elimiin, joista tavallisimmat ovat maksa, keuhkot, lisämunuaiset, aivot ja luusto.lähde? | aivot | aivot",7,/home/vitus/floently-finnish/apps/backend/materials/cards/published/professional/practical_nurse/phrases/b1_b2.json,card.sentence.practical_nurse.eri.syovat.tyypillisesti.muodostavat.etapesakkeita.eli.metastaso.0888 || card.sentence.practical_nurse.eri.syovat.tyypillisesti.muodostavat.etapesakkeita.eli.metastaso.1883 || card.sentence.practical_nurse.eri.syovat.tyypillisesti.muodostavat.etapesakkeita.eli.metastaso.1888 || card.sentence.practical_nurse.eri.syovat.tyypillisesti.muodostavat.etapesakkeita.eli.metastaso.1893 || card.sentence.practical_nurse.eri.syovat.tyypillisesti.muodostavat.etapesakkeita.eli.metastaso.5909
sentence_card,practical_nurse,complete the missing part of the sentence.,fyysisen aktiivisuuden lisääminen vähentää systolista verenpainetta keskimäärin 11 yksikköä ja neljän kilon laihtuminen neljä yksikköä | yksikköä | yksikköä,7,/home/vitus/floently-finnish/apps/backend/materials/cards/published/professional/practical_nurse/phrases/b1_b2.json,card.sentence.practical_nurse.fyysisen.aktiivisuuden.lisaaminen.vahentaa.systolista.verenpaine.0408 || card.sentence.practical_nurse.fyysisen.aktiivisuuden.lisaaminen.vahentaa.systolista.verenpaine.1184 || card.sentence.practical_nurse.fyysisen.aktiivisuuden.lisaaminen.vahentaa.systolista.verenpaine.1189 || card.sentence.practical_nurse.fyysisen.aktiivisuuden.lisaaminen.vahentaa.systolista.verenpaine.3175 || card.sentence.practical_nurse.fyysisen.aktiivisuuden.lisaaminen.vahentaa.systolista.verenpaine.3186
sentence_card,practical_nurse,complete the missing part of the sentence.,"kasvikset, marjat, kala ja moni muu tulehdusta vähentävä ruoka voi lisäksi auttaa ylipainoisia laihtumaan, millä myös on usein tulehdusta vähentävää vaikutusta.[52][76] | vähentävää | vähentävää",7,/home/vitus/floently-finnish/apps/backend/materials/cards/published/professional/practical_nurse/phrases/b1_b2.json,card.sentence.practical_nurse.kasvikset.marjat.kala.ja.moni.muu.tulehdusta.vahentava.ruoka.voi.0606 || card.sentence.practical_nurse.kasvikset.marjat.kala.ja.moni.muu.tulehdusta.vahentava.ruoka.voi.6732 || card.sentence.practical_nurse.kasvikset.marjat.kala.ja.moni.muu.tulehdusta.vahentava.ruoka.voi.7109 || card.sentence.practical_nurse.kasvikset.marjat.kala.ja.moni.muu.tulehdusta.vahentava.ruoka.voi.7114 || card.sentence.practical_nurse.kasvikset.marjat.kala.ja.moni.muu.tulehdusta.vahentava.ruoka.voi.7124
sentence_card,practical_nurse,complete the missing part of the sentence.,"lääkäriliiton hallituksen puheenjohtaja niina koivuviita sanoo, että yhtenä huolenaiheena oli, että kokeilu houkuttelisi yhä useamman lääkärin vaihtamaan julkiselta sektorilta yksityiselle lääkäriasemalle. | lääkäriasemalle | lääkäriasemalle",7,/home/vitus/floently-finnish/apps/backend/materials/cards/published/professional/practical_nurse/phrases/b1_b2.json,card.sentence.practical_nurse.laakariliiton.hallituksen.puheenjohtaja.niina.koivuviita.sanoo.e.1052 || card.sentence.practical_nurse.laakariliiton.hallituksen.puheenjohtaja.niina.koivuviita.sanoo.e.1927 || card.sentence.practical_nurse.laakariliiton.hallituksen.puheenjohtaja.niina.koivuviita.sanoo.e.1932 || card.sentence.practical_nurse.laakariliiton.hallituksen.puheenjohtaja.niina.koivuviita.sanoo.e.1940 || card.sentence.practical_nurse.laakariliiton.hallituksen.puheenjohtaja.niina.koivuviita.sanoo.e.1945
sentence_card,practical_nurse,complete the missing part of the sentence.,"monet suomalaiset altistuvat kodeissaan ja työssään radonille, puupölylle, bentseenille ja passiiviselle tupakoinnille | tupakoinnille | tupakoinnille",7,/home/vitus/floently-finnish/apps/backend/materials/cards/published/professional/practical_nurse/phrases/b1_b2.json,card.sentence.practical_nurse.monet.suomalaiset.altistuvat.kodeissaan.ja.tyossaan.radonille.pu.0849 || card.sentence.practical_nurse.monet.suomalaiset.altistuvat.kodeissaan.ja.tyossaan.radonille.pu.4934 || card.sentence.practical_nurse.monet.suomalaiset.altistuvat.kodeissaan.ja.tyossaan.radonille.pu.4939 || card.sentence.practical_nurse.monet.suomalaiset.altistuvat.kodeissaan.ja.tyossaan.radonille.pu.4944 || card.sentence.practical_nurse.monet.suomalaiset.altistuvat.kodeissaan.ja.tyossaan.radonille.pu.4949
sentence_card,practical_nurse,complete the missing part of the sentence.,myös pitkäkestoinen refluksitauti ja lihavuus lisäävät ruokatorven adenokarsinoomien vaaraa | vaaraa | vaaraa,7,/home/vitus/floently-finnish/apps/backend/materials/cards/published/professional/practical_nurse/phrases/b1_b2.json,card.sentence.practical_nurse.myos.pitkakestoinen.refluksitauti.ja.lihavuus.lisaavat.ruokatorv.0237 || card.sentence.practical_nurse.myos.pitkakestoinen.refluksitauti.ja.lihavuus.lisaavat.ruokatorv.0963 || card.sentence.practical_nurse.myos.pitkakestoinen.refluksitauti.ja.lihavuus.lisaavat.ruokatorv.1459 || card.sentence.practical_nurse.myos.pitkakestoinen.refluksitauti.ja.lihavuus.lisaavat.ruokatorv.6109 || card.sentence.practical_nurse.myos.pitkakestoinen.refluksitauti.ja.lihavuus.lisaavat.ruokatorv.6302
sentence_card,practical_nurse,complete the missing part of the sentence.,"noin 60 iittalan päiväkodin lasta ja aikuista sai syödäkseen osittain raakaa broileria sisältänyttä broilerinuudelivuokaa viime viikon keskiviikkona, uutisoi ilta-sanomat maanantaina. | maanantaina | maanantaina",7,/home/vitus/floently-finnish/apps/backend/materials/cards/published/professional/practical_nurse/phrases/b1_b2.json,card.sentence.practical_nurse.noin.60.iittalan.paivakodin.lasta.ja.aikuista.sai.syodakseen.osi.1072 || card.sentence.practical_nurse.noin.60.iittalan.paivakodin.lasta.ja.aikuista.sai.syodakseen.osi.1199 || card.sentence.practical_nurse.noin.60.iittalan.paivakodin.lasta.ja.aikuista.sai.syodakseen.osi.3209 || card.sentence.practical_nurse.noin.60.iittalan.paivakodin.lasta.ja.aikuista.sai.syodakseen.osi.3214 || card.sentence.practical_nurse.noin.60.iittalan.paivakodin.lasta.ja.aikuista.sai.syodakseen.osi.3222
sentence_card,practical_nurse,complete the missing part of the sentence.,"– oireina ovat erittäin kova päänsärky, korkea kuume, jatkuva niistäminen ja kova yskä, jossa lima ei kunnolla irtoa | irtoa | irtoa",7,/home/vitus/floently-finnish/apps/backend/materials/cards/published/professional/practical_nurse/phrases/b1_b2.json,card.sentence.practical_nurse.oireina.ovat.erittain.kova.paansarky.korkea.kuume.jatkuva.niista.0596 || card.sentence.practical_nurse.oireina.ovat.erittain.kova.paansarky.korkea.kuume.jatkuva.niista.4378 || card.sentence.practical_nurse.oireina.ovat.erittain.kova.paansarky.korkea.kuume.jatkuva.niista.4383 || card.sentence.practical_nurse.oireina.ovat.erittain.kova.paansarky.korkea.kuume.jatkuva.niista.4388 || card.sentence.practical_nurse.oireina.ovat.erittain.kova.paansarky.korkea.kuume.jatkuva.niista.4393
sentence_card,practical_nurse,complete the missing part of the sentence.,"paastoaminen puolestaan vähentää tulehdustilaa, millä on esimerkiksi ruoansulatuselimistön sekä sydän- ja verisuonielimistön terveyttä edistävää vaikutusta. | vaikutusta | vaikutusta",7,/home/vitus/floently-finnish/apps/backend/materials/cards/published/professional/practical_nurse/phrases/b1_b2.json,card.sentence.practical_nurse.paastoaminen.puolestaan.vahentaa.tulehdustilaa.milla.on.esimerki.0683 || card.sentence.practical_nurse.paastoaminen.puolestaan.vahentaa.tulehdustilaa.milla.on.esimerki.6806 || card.sentence.practical_nurse.paastoaminen.puolestaan.vahentaa.tulehdustilaa.milla.on.esimerki.6811 || card.sentence.practical_nurse.paastoaminen.puolestaan.vahentaa.tulehdustilaa.milla.on.esimerki.6816 || card.sentence.practical_nurse.paastoaminen.puolestaan.vahentaa.tulehdustilaa.milla.on.esimerki.6824
sentence_card,practical_nurse,complete the missing part of the sentence.,"• pihoilta on siivottava mahdolliset romu- ja lehtikasat sekä kaikki mahdollinen ravinnoksi kelpaava, esimerkiksi omenasato. | omenasato | omenasato",7,/home/vitus/floently-finnish/apps/backend/materials/cards/published/professional/practical_nurse/phrases/b1_b2.json,card.sentence.practical_nurse.pihoilta.on.siivottava.mahdolliset.romu.ja.lehtikasat.seka.kaikk.0127 || card.sentence.practical_nurse.pihoilta.on.siivottava.mahdolliset.romu.ja.lehtikasat.seka.kaikk.2010 || card.sentence.practical_nurse.pihoilta.on.siivottava.mahdolliset.romu.ja.lehtikasat.seka.kaikk.2015 || card.sentence.practical_nurse.pihoilta.on.siivottava.mahdolliset.romu.ja.lehtikasat.seka.kaikk.2020 || card.sentence.practical_nurse.pihoilta.on.siivottava.mahdolliset.romu.ja.lehtikasat.seka.kaikk.2030
sentence_card,practical_nurse,complete the missing part of the sentence.,"potilaan oikeuksien kunnioitusta on korostanut myös korkein oikeus päätöksessään tapauksesta, jossa nainen pakotettiin syömään lääkkeitä tahdonvastaisessa psykiatrisessa hoidossa. | hoidossa | hoidossa",7,/home/vitus/floently-finnish/apps/backend/materials/cards/published/professional/practical_nurse/phrases/b1_b2.json,card.sentence.practical_nurse.potilaan.oikeuksien.kunnioitusta.on.korostanut.myos.korkein.oike.0046 || card.sentence.practical_nurse.potilaan.oikeuksien.kunnioitusta.on.korostanut.myos.korkein.oike.0532 || card.sentence.practical_nurse.potilaan.oikeuksien.kunnioitusta.on.korostanut.myos.korkein.oike.5039 || card.sentence.practical_nurse.potilaan.oikeuksien.kunnioitusta.on.korostanut.myos.korkein.oike.5044 || card.sentence.practical_nurse.potilaan.oikeuksien.kunnioitusta.on.korostanut.myos.korkein.oike.5049
sentence_card,practical_nurse,complete the missing part of the sentence.,"suomessa selvitetään ensimmäistä kertaa, vähentääkö vyöruusurokote muistisairauksia iäkkäillä | iäkkäillä | iäkkäillä",7,/home/vitus/floently-finnish/apps/backend/materials/cards/published/professional/practical_nurse/phrases/b1_b2.json,card.sentence.practical_nurse.suomessa.selvitetaan.ensimmaista.kertaa.vahentaako.vyoruusurokot.0192 || card.sentence.practical_nurse.suomessa.selvitetaan.ensimmaista.kertaa.vahentaako.vyoruusurokot.2469 || card.sentence.practical_nurse.suomessa.selvitetaan.ensimmaista.kertaa.vahentaako.vyoruusurokot.4211 || card.sentence.practical_nurse.suomessa.selvitetaan.ensimmaista.kertaa.vahentaako.vyoruusurokot.5672 || card.sentence.practical_nurse.suomessa.selvitetaan.ensimmaista.kertaa.vahentaako.vyoruusurokot.5680
sentence_card,practical_nurse,complete the missing part of the sentence.,termiä sickness voitaisiin käyttää sairauteen liittyvien yhteiskunnallisten toimien kuten sairausloman kaltaisten sosiaalietuuksien yhteydessä.[2] | sosiaalietuuksien | sosiaalietuuksien,7,/home/vitus/floently-finnish/apps/backend/materials/cards/published/professional/practical_nurse/phrases/b1_b2.json,card.sentence.practical_nurse.termia.sickness.voitaisiin.kayttaa.sairauteen.liittyvien.yhteisk.0092 || card.sentence.practical_nurse.termia.sickness.voitaisiin.kayttaa.sairauteen.liittyvien.yhteisk.2926 || card.sentence.practical_nurse.termia.sickness.voitaisiin.kayttaa.sairauteen.liittyvien.yhteisk.2931 || card.sentence.practical_nurse.termia.sickness.voitaisiin.kayttaa.sairauteen.liittyvien.yhteisk.2936 || card.sentence.practical_nurse.termia.sickness.voitaisiin.kayttaa.sairauteen.liittyvien.yhteisk.2941
sentence_card,practical_nurse,complete the missing part of the sentence.,"yle aamussa vieraillut kelan asiantuntijalääkäri pia pajunen kuitenkin huomauttaa, että lihavuus on elintapasairaus, jota pitäisi hoitaa pitkäaikaisella elintapamuutoksella | elintapamuutoksella | elintapamuutoksella",7,/home/vitus/floently-finnish/apps/backend/materials/cards/published/professional/practical_nurse/phrases/b1_b2.json,card.sentence.practical_nurse.yle.aamussa.vieraillut.kelan.asiantuntijalaakari.pia.pajunen.kui.6976 || card.sentence.practical_nurse.yle.aamussa.vieraillut.kelan.asiantuntijalaakari.pia.pajunen.kui.6984 || card.sentence.practical_nurse.yle.aamussa.vieraillut.kelan.asiantuntijalaakari.pia.pajunen.kui.6989 || card.sentence.practical_nurse.yle.aamussa.vieraillut.kelan.asiantuntijalaakari.pia.pajunen.kui.6994 || card.sentence.practical_nurse.yle.aamussa.vieraillut.kelan.asiantuntijalaakari.pia.pajunen.kui.6999
sentence_card,doctor,complete the missing part of the sentence.,"1700-luvulla kirurgian ja lääketieteen oppialat alkoivat yhdistyä, kun kirurgian harjoittaminen siirtyi välskäreiltä lääkäreiden hoitoon | hoitoon | hoitoon",6,/home/vitus/floently-finnish/apps/backend/materials/cards/published/professional/doctor/phrases/b1_b2.json,card.sentence.doctor.1700.luvulla.kirurgian.ja.laaketieteen.oppialat.alkoivat.yhdisty.0013 || card.sentence.doctor.1700.luvulla.kirurgian.ja.laaketieteen.oppialat.alkoivat.yhdisty.0285 || card.sentence.doctor.1700.luvulla.kirurgian.ja.laaketieteen.oppialat.alkoivat.yhdisty.0713 || card.sentence.doctor.1700.luvulla.kirurgian.ja.laaketieteen.oppialat.alkoivat.yhdisty.1897 || card.sentence.doctor.1700.luvulla.kirurgian.ja.laaketieteen.oppialat.alkoivat.yhdisty.6552
sentence_card,doctor,complete the missing part of the sentence.,"asiantarkastajina sarjassa ovat toimineet lihastautiliitto, luustoliitto, sydänliitto, aivoliitto, lääkäriliitto, ibd ja muut suolistosairaudet ry sekä astma- ja allergia-asiantuntija | sekä | sekä",6,/home/vitus/floently-finnish/apps/backend/materials/cards/published/professional/doctor/phrases/b1_b2.json,card.sentence.doctor.asiantarkastajina.sarjassa.ovat.toimineet.lihastautiliitto.luust.1200 || card.sentence.doctor.asiantarkastajina.sarjassa.ovat.toimineet.lihastautiliitto.luust.1544 || card.sentence.doctor.asiantarkastajina.sarjassa.ovat.toimineet.lihastautiliitto.luust.6732 || card.sentence.doctor.asiantarkastajina.sarjassa.ovat.toimineet.lihastautiliitto.luust.6737 || card.sentence.doctor.asiantarkastajina.sarjassa.ovat.toimineet.lihastautiliitto.luust.9092
sentence_card,doctor,complete the missing part of the sentence.,"bakteerin aiheuttaman aivokalvontulehduksen tyypillisiä oireita ovat korkea kuume, kova päänsärky, niskajäykkyys, tajunnan häiriöt ja sekavuus | sekavuus | sekavuus",6,/home/vitus/floently-finnish/apps/backend/materials/cards/published/professional/doctor/phrases/b1_b2.json,card.sentence.doctor.bakteerin.aiheuttaman.aivokalvontulehduksen.tyypillisia.oireita..0475 || card.sentence.doctor.bakteerin.aiheuttaman.aivokalvontulehduksen.tyypillisia.oireita..3220 || card.sentence.doctor.bakteerin.aiheuttaman.aivokalvontulehduksen.tyypillisia.oireita..3225 || card.sentence.doctor.bakteerin.aiheuttaman.aivokalvontulehduksen.tyypillisia.oireita..3230 || card.sentence.doctor.bakteerin.aiheuttaman.aivokalvontulehduksen.tyypillisia.oireita..3839
sentence_card,doctor,complete the missing part of the sentence.,"elina hanhivaaran äidin tilanne kulminoituukin pitkälti siihen, onko hänellä oikeus kieltäytyä turhina pitämistään lääkkeistä | lääkkeistä | lääkkeistä",6,/home/vitus/floently-finnish/apps/backend/materials/cards/published/professional/doctor/phrases/b1_b2.json,card.sentence.doctor.elina.hanhivaaran.aidin.tilanne.kulminoituukin.pitkalti.siihen.o.1004 || card.sentence.doctor.elina.hanhivaaran.aidin.tilanne.kulminoituukin.pitkalti.siihen.o.1802 || card.sentence.doctor.elina.hanhivaaran.aidin.tilanne.kulminoituukin.pitkalti.siihen.o.4704 || card.sentence.doctor.elina.hanhivaaran.aidin.tilanne.kulminoituukin.pitkalti.siihen.o.4709 || card.sentence.doctor.elina.hanhivaaran.aidin.tilanne.kulminoituukin.pitkalti.siihen.o.4714
sentence_card,doctor,complete the missing part of the sentence.,"erotusdiagnoosi on käsite, jota käytetään tiettyä tautia haettaessa sisältäen ne vaihtoehdot, jotka voisivat myös samantapaisella oireistolla tulla kyseeseen | kyseeseen | kyseeseen",6,/home/vitus/floently-finnish/apps/backend/materials/cards/published/professional/doctor/phrases/b1_b2.json,card.sentence.doctor.erotusdiagnoosi.on.kasite.jota.kaytetaan.tiettya.tautia.haettaes.0091 || card.sentence.doctor.erotusdiagnoosi.on.kasite.jota.kaytetaan.tiettya.tautia.haettaes.10549 || card.sentence.doctor.erotusdiagnoosi.on.kasite.jota.kaytetaan.tiettya.tautia.haettaes.11108 || card.sentence.doctor.erotusdiagnoosi.on.kasite.jota.kaytetaan.tiettya.tautia.haettaes.4118 || card.sentence.doctor.erotusdiagnoosi.on.kasite.jota.kaytetaan.tiettya.tautia.haettaes.4123
sentence_card,doctor,complete the missing part of the sentence.,"heille kehitetään parhaillaan testimenetelmää, joka tunnistaa yli-sissalan geenivirheen 98 prosentin varmuudella. | varmuudella | varmuudella",6,/home/vitus/floently-finnish/apps/backend/materials/cards/published/professional/doctor/phrases/b1_b2.json,card.sentence.doctor.heille.kehitetaan.parhaillaan.testimenetelmaa.joka.tunnistaa.yli.1615 || card.sentence.doctor.heille.kehitetaan.parhaillaan.testimenetelmaa.joka.tunnistaa.yli.6664 || card.sentence.doctor.heille.kehitetaan.parhaillaan.testimenetelmaa.joka.tunnistaa.yli.8136 || card.sentence.doctor.heille.kehitetaan.parhaillaan.testimenetelmaa.joka.tunnistaa.yli.8141 || card.sentence.doctor.heille.kehitetaan.parhaillaan.testimenetelmaa.joka.tunnistaa.yli.9445
sentence_card,doctor,complete the missing part of the sentence.,"heistaro korostaa, että kokeneiden lääkärikollegojen neuvot ja tuki opiskelijalle ovat silloin tärkeitä. | tärkeitä | tärkeitä",6,/home/vitus/floently-finnish/apps/backend/materials/cards/published/professional/doctor/phrases/b1_b2.json,card.sentence.doctor.heistaro.korostaa.etta.kokeneiden.laakarikollegojen.neuvot.ja.tu.1987 || card.sentence.doctor.heistaro.korostaa.etta.kokeneiden.laakarikollegojen.neuvot.ja.tu.7794 || card.sentence.doctor.heistaro.korostaa.etta.kokeneiden.laakarikollegojen.neuvot.ja.tu.7799 || card.sentence.doctor.heistaro.korostaa.etta.kokeneiden.laakarikollegojen.neuvot.ja.tu.7804 || card.sentence.doctor.heistaro.korostaa.etta.kokeneiden.laakarikollegojen.neuvot.ja.tu.7809
sentence_card,doctor,complete the missing part of the sentence.,hoitolinjaa valittaessa tulee pohtia ovatko kirurgisella toimenpiteellä saavutetut tulokset suuremmat kuin toimenpiteeseen liittyvät riskit | riskit | riskit,6,/home/vitus/floently-finnish/apps/backend/materials/cards/published/professional/doctor/phrases/b1_b2.json,card.sentence.doctor.hoitolinjaa.valittaessa.tulee.pohtia.ovatko.kirurgisella.toimenp.10746 || card.sentence.doctor.hoitolinjaa.valittaessa.tulee.pohtia.ovatko.kirurgisella.toimenp.1672 || card.sentence.doctor.hoitolinjaa.valittaessa.tulee.pohtia.ovatko.kirurgisella.toimenp.3912 || card.sentence.doctor.hoitolinjaa.valittaessa.tulee.pohtia.ovatko.kirurgisella.toimenp.3917 || card.sentence.doctor.hoitolinjaa.valittaessa.tulee.pohtia.ovatko.kirurgisella.toimenp.3922
sentence_card,doctor,complete the missing part of the sentence.,"jarullin vastaa professorin kritiikkiin sanomalla, että jos mediluxin kaltaisia suhteellisen edullisia matalan kynnyksen palveluja ei olisi, monet lihavuudesta kärsivät jäisivät kokonaan hoitamatta. | hoitamatta | hoitamatta",6,/home/vitus/floently-finnish/apps/backend/materials/cards/published/professional/doctor/phrases/b1_b2.json,card.sentence.doctor.jarullin.vastaa.professorin.kritiikkiin.sanomalla.etta.jos.medil.10431 || card.sentence.doctor.jarullin.vastaa.professorin.kritiikkiin.sanomalla.etta.jos.medil.1620 || card.sentence.doctor.jarullin.vastaa.professorin.kritiikkiin.sanomalla.etta.jos.medil.7025 || card.sentence.doctor.jarullin.vastaa.professorin.kritiikkiin.sanomalla.etta.jos.medil.7041 || card.sentence.doctor.jarullin.vastaa.professorin.kritiikkiin.sanomalla.etta.jos.medil.7046
sentence_card,doctor,complete the missing part of the sentence.,kirurgisten operaatioiden vaikutusten tutkiminen lääketieteen korkeimpien standardien mukaisesti on ongelmallista | ongelmallista | ongelmallista,6,/home/vitus/floently-finnish/apps/backend/materials/cards/published/professional/doctor/phrases/b1_b2.json,card.sentence.doctor.kirurgisten.operaatioiden.vaikutusten.tutkiminen.laaketieteen.ko.0535 || card.sentence.doctor.kirurgisten.operaatioiden.vaikutusten.tutkiminen.laaketieteen.ko.2711 || card.sentence.doctor.kirurgisten.operaatioiden.vaikutusten.tutkiminen.laaketieteen.ko.2716 || card.sentence.doctor.kirurgisten.operaatioiden.vaikutusten.tutkiminen.laaketieteen.ko.2721 || card.sentence.doctor.kirurgisten.operaatioiden.vaikutusten.tutkiminen.laaketieteen.ko.2726
sentence_card,doctor,complete the missing part of the sentence.,"kuten terveystalo, myös yrittäjänä toimiva ammatinharjoittaja on joutunut viime aikoina kohtaamaan muuttuneen markkinatilanteen ja kustannuspaineen, terveystalon viestinnästä todetaan. | todetaan | todetaan",6,/home/vitus/floently-finnish/apps/backend/materials/cards/published/professional/doctor/phrases/b1_b2.json,card.sentence.doctor.kuten.terveystalo.myos.yrittajana.toimiva.ammatinharjoittaja.on..0343 || card.sentence.doctor.kuten.terveystalo.myos.yrittajana.toimiva.ammatinharjoittaja.on..1820 || card.sentence.doctor.kuten.terveystalo.myos.yrittajana.toimiva.ammatinharjoittaja.on..2879 || card.sentence.doctor.kuten.terveystalo.myos.yrittajana.toimiva.ammatinharjoittaja.on..8887 || card.sentence.doctor.kuten.terveystalo.myos.yrittajana.toimiva.ammatinharjoittaja.on..8895
sentence_card,doctor,complete the missing part of the sentence.,kyseinen ilmiö saattaa johtaa epäspesifeihin eli määrittämättömiksi jääviin kroonisiin kiputiloihin.[47] | kroonisiin | kroonisiin,6,/home/vitus/floently-finnish/apps/backend/materials/cards/published/professional/doctor/phrases/b1_b2.json,card.sentence.doctor.kyseinen.ilmio.saattaa.johtaa.epaspesifeihin.eli.maarittamattomi.11039 || card.sentence.doctor.kyseinen.ilmio.saattaa.johtaa.epaspesifeihin.eli.maarittamattomi.1638 || card.sentence.doctor.kyseinen.ilmio.saattaa.johtaa.epaspesifeihin.eli.maarittamattomi.2895 || card.sentence.doctor.kyseinen.ilmio.saattaa.johtaa.epaspesifeihin.eli.maarittamattomi.2900 || card.sentence.doctor.kyseinen.ilmio.saattaa.johtaa.epaspesifeihin.eli.maarittamattomi.2905
sentence_card,doctor,complete the missing part of the sentence.,"laajassa merkityksessä lääketiede sisältää myös näihin päämääriin tähtäävät käytännön toimet kuten lääkinnän ja operatiivisen hoidon.[1] lääketieteessä pyritään ymmärtämään, kehittämään ja soveltamaan tapoja, joilla ihmisen tai eläimen terveyttä voidaan vaalia ja parantaa | parantaa | parantaa",6,/home/vitus/floently-finnish/apps/backend/materials/cards/published/professional/doctor/phrases/b1_b2.json,card.sentence.doctor.laajassa.merkityksessa.laaketiede.sisaltaa.myos.naihin.paamaarii.1594 || card.sentence.doctor.laajassa.merkityksessa.laaketiede.sisaltaa.myos.naihin.paamaarii.3541 || card.sentence.doctor.laajassa.merkityksessa.laaketiede.sisaltaa.myos.naihin.paamaarii.3552 || card.sentence.doctor.laajassa.merkityksessa.laaketiede.sisaltaa.myos.naihin.paamaarii.3557 || card.sentence.doctor.laajassa.merkityksessa.laaketiede.sisaltaa.myos.naihin.paamaarii.3562
sentence_card,doctor,complete the missing part of the sentence.,"lääkäri voi kirjoittaa laihdutuslääkereseptin chatissa, puhelimessa tai videovastaanotolla hyvinkin nopeasti. | nopeasti | nopeasti",6,/home/vitus/floently-finnish/apps/backend/materials/cards/published/professional/doctor/phrases/b1_b2.json,card.sentence.doctor.laakari.voi.kirjoittaa.laihdutuslaakereseptin.chatissa.puhelimes.0467 || card.sentence.doctor.laakari.voi.kirjoittaa.laihdutuslaakereseptin.chatissa.puhelimes.3082 || card.sentence.doctor.laakari.voi.kirjoittaa.laihdutuslaakereseptin.chatissa.puhelimes.4356 || card.sentence.doctor.laakari.voi.kirjoittaa.laihdutuslaakereseptin.chatissa.puhelimes.4364 || card.sentence.doctor.laakari.voi.kirjoittaa.laihdutuslaakereseptin.chatissa.puhelimes.6677
sentence_card,doctor,complete the missing part of the sentence.,"latinaa ja yleissivistystä hankkivien lääkärien ja usein killoissa ja oppisopimuksilla harjoittelevien, joskus lukutaidottomienkin kirurgien välillä oli suuri ero | suuri | suuri",6,/home/vitus/floently-finnish/apps/backend/materials/cards/published/professional/doctor/phrases/b1_b2.json,card.sentence.doctor.latinaa.ja.yleissivistysta.hankkivien.laakarien.ja.usein.killois.0838 || card.sentence.doctor.latinaa.ja.yleissivistysta.hankkivien.laakarien.ja.usein.killois.11320 || card.sentence.doctor.latinaa.ja.yleissivistysta.hankkivien.laakarien.ja.usein.killois.2690 || card.sentence.doctor.latinaa.ja.yleissivistysta.hankkivien.laakarien.ja.usein.killois.2698 || card.sentence.doctor.latinaa.ja.yleissivistysta.hankkivien.laakarien.ja.usein.killois.2706
sentence_card,doctor,complete the missing part of the sentence.,"miehillä noin 127/79 mmhg ja naisilla noin 122/77 mmhg, vaikkakin nämä keskiarvot peittävät niistä eriävät melko suuret alueelliset kehityssuuntaukset.[1] vuonna 2017 tehdyn finterveys-tutkimuksen mukaan kaikkien 30 vuotta täyttäneiden suomalaisten miesten verenpaineen keskiarvo oli | keskiarvo | keskiarvo",6,/home/vitus/floently-finnish/apps/backend/materials/cards/published/professional/doctor/phrases/b1_b2.json,card.sentence.doctor.miehilla.noin.127.79.mmhg.ja.naisilla.noin.122.77.mmhg.vaikkakin.10525 || card.sentence.doctor.miehilla.noin.127.79.mmhg.ja.naisilla.noin.122.77.mmhg.vaikkakin.11261 || card.sentence.doctor.miehilla.noin.127.79.mmhg.ja.naisilla.noin.122.77.mmhg.vaikkakin.2955 || card.sentence.doctor.miehilla.noin.127.79.mmhg.ja.naisilla.noin.122.77.mmhg.vaikkakin.3611 || card.sentence.doctor.miehilla.noin.127.79.mmhg.ja.naisilla.noin.122.77.mmhg.vaikkakin.5198
sentence_card,doctor,complete the missing part of the sentence.,mody-oireyhtymät kattavat maailmanlaajuisesti arviolta noin 3–5 prosenttia kaikista 10–30-vuotiailla ilmenevistä diabeteksen eri muodoista | muodoista | muodoista,6,/home/vitus/floently-finnish/apps/backend/materials/cards/published/professional/doctor/phrases/b1_b2.json,card.sentence.doctor.mody.oireyhtymat.kattavat.maailmanlaajuisesti.arviolta.noin.35.p.1286 || card.sentence.doctor.mody.oireyhtymat.kattavat.maailmanlaajuisesti.arviolta.noin.35.p.4661 || card.sentence.doctor.mody.oireyhtymat.kattavat.maailmanlaajuisesti.arviolta.noin.35.p.4666 || card.sentence.doctor.mody.oireyhtymat.kattavat.maailmanlaajuisesti.arviolta.noin.35.p.7672 || card.sentence.doctor.mody.oireyhtymat.kattavat.maailmanlaajuisesti.arviolta.noin.35.p.7725
sentence_card,doctor,complete the missing part of the sentence.,myös pitkäkestoinen refluksitauti ja lihavuus lisäävät ruokatorven adenokarsinoomien vaaraa | vaaraa | vaaraa,6,/home/vitus/floently-finnish/apps/backend/materials/cards/published/professional/doctor/phrases/b1_b2.json,card.sentence.doctor.myos.pitkakestoinen.refluksitauti.ja.lihavuus.lisaavat.ruokatorv.10221 || card.sentence.doctor.myos.pitkakestoinen.refluksitauti.ja.lihavuus.lisaavat.ruokatorv.1105 || card.sentence.doctor.myos.pitkakestoinen.refluksitauti.ja.lihavuus.lisaavat.ruokatorv.4092 || card.sentence.doctor.myos.pitkakestoinen.refluksitauti.ja.lihavuus.lisaavat.ruokatorv.7371 || card.sentence.doctor.myos.pitkakestoinen.refluksitauti.ja.lihavuus.lisaavat.ruokatorv.7376
sentence_card,doctor,complete the missing part of the sentence.,"pietiläisen mukaan markkinarakoa on, koska esimerkiksi terveyskeskuksista lääkkeiden saaminen voi olla vaikeampaa. | vaikeampaa | vaikeampaa",6,/home/vitus/floently-finnish/apps/backend/materials/cards/published/professional/doctor/phrases/b1_b2.json,card.sentence.doctor.pietilaisen.mukaan.markkinarakoa.on.koska.esimerkiksi.terveyskes.0374 || card.sentence.doctor.pietilaisen.mukaan.markkinarakoa.on.koska.esimerkiksi.terveyskes.0723 || card.sentence.doctor.pietilaisen.mukaan.markkinarakoa.on.koska.esimerkiksi.terveyskes.1539 || card.sentence.doctor.pietilaisen.mukaan.markkinarakoa.on.koska.esimerkiksi.terveyskes.2369 || card.sentence.doctor.pietilaisen.mukaan.markkinarakoa.on.koska.esimerkiksi.terveyskes.3531
sentence_card,doctor,complete the missing part of the sentence.,ravitsemusterapeutti reijo laatikaisen mukaan tulehduksesta kertovaa korkeaa crp-arvoa voi pienentää ruokavaliomuutoksin jopa kolmanneksella | kolmanneksella | kolmanneksella,6,/home/vitus/floently-finnish/apps/backend/materials/cards/published/professional/doctor/phrases/b1_b2.json,card.sentence.doctor.ravitsemusterapeutti.reijo.laatikaisen.mukaan.tulehduksesta.kert.0338 || card.sentence.doctor.ravitsemusterapeutti.reijo.laatikaisen.mukaan.tulehduksesta.kert.10391 || card.sentence.doctor.ravitsemusterapeutti.reijo.laatikaisen.mukaan.tulehduksesta.kert.11170 || card.sentence.doctor.ravitsemusterapeutti.reijo.laatikaisen.mukaan.tulehduksesta.kert.3270 || card.sentence.doctor.ravitsemusterapeutti.reijo.laatikaisen.mukaan.tulehduksesta.kert.4433
sentence_card,doctor,complete the missing part of the sentence.,"reikä, tukos, kudostuho, kasvain, tulehdus, poisto ja siirto | siirto | siirto",6,/home/vitus/floently-finnish/apps/backend/materials/cards/published/professional/doctor/phrases/b1_b2.json,card.sentence.doctor.reika.tukos.kudostuho.kasvain.tulehdus.poisto.ja.siirto.0586 || card.sentence.doctor.reika.tukos.kudostuho.kasvain.tulehdus.poisto.ja.siirto.2074 || card.sentence.doctor.reika.tukos.kudostuho.kasvain.tulehdus.poisto.ja.siirto.5331 || card.sentence.doctor.reika.tukos.kudostuho.kasvain.tulehdus.poisto.ja.siirto.7429 || card.sentence.doctor.reika.tukos.kudostuho.kasvain.tulehdus.poisto.ja.siirto.7437
sentence_card,doctor,complete the missing part of the sentence.,"ruumiinavaukset, mikroskopian kehittyminen, bakteerien löytäminen ja kemian kehittyminen mahdollistivat lääketieteen nopean kehityksen | kehityksen | kehityksen",6,/home/vitus/floently-finnish/apps/backend/materials/cards/published/professional/doctor/phrases/b1_b2.json,card.sentence.doctor.ruumiinavaukset.mikroskopian.kehittyminen.bakteerien.loytaminen..10687 || card.sentence.doctor.ruumiinavaukset.mikroskopian.kehittyminen.bakteerien.loytaminen..11010 || card.sentence.doctor.ruumiinavaukset.mikroskopian.kehittyminen.bakteerien.loytaminen..1276 || card.sentence.doctor.ruumiinavaukset.mikroskopian.kehittyminen.bakteerien.loytaminen..1404 || card.sentence.doctor.ruumiinavaukset.mikroskopian.kehittyminen.bakteerien.loytaminen..3069
sentence_card,doctor,complete the missing part of the sentence.,"samalla on kuitenkin tarpeen seurata tarkasti sekä raskauden kulkua että vastasyntyneen vointia, kertoo tiedotteessa tutkimuksen pääkirjoittaja, turun yliopiston lastenpsykiatrian tutkimuskeskuksen dosentti, heli malm. | malm | malm",6,/home/vitus/floently-finnish/apps/backend/materials/cards/published/professional/doctor/phrases/b1_b2.json,card.sentence.doctor.samalla.on.kuitenkin.tarpeen.seurata.tarkasti.seka.raskauden.kul.0920 || card.sentence.doctor.samalla.on.kuitenkin.tarpeen.seurata.tarkasti.seka.raskauden.kul.5477 || card.sentence.doctor.samalla.on.kuitenkin.tarpeen.seurata.tarkasti.seka.raskauden.kul.5482 || card.sentence.doctor.samalla.on.kuitenkin.tarpeen.seurata.tarkasti.seka.raskauden.kul.5492 || card.sentence.doctor.samalla.on.kuitenkin.tarpeen.seurata.tarkasti.seka.raskauden.kul.5497
sentence_card,doctor,complete the missing part of the sentence.,se tarkoittaa ”päästää läpi” tai pikemminkin ”suppiloa” ja viittaa diabeteksen aiheuttamaan tihentyneeseen virtsaamistarpeeseen | virtsaamistarpeeseen | virtsaamistarpeeseen,6,/home/vitus/floently-finnish/apps/backend/materials/cards/published/professional/doctor/phrases/b1_b2.json,card.sentence.doctor.se.tarkoittaa.paastaa.lapi.tai.pikemminkin.suppiloa.ja.viittaa.d.3288 || card.sentence.doctor.se.tarkoittaa.paastaa.lapi.tai.pikemminkin.suppiloa.ja.viittaa.d.3293 || card.sentence.doctor.se.tarkoittaa.paastaa.lapi.tai.pikemminkin.suppiloa.ja.viittaa.d.3298 || card.sentence.doctor.se.tarkoittaa.paastaa.lapi.tai.pikemminkin.suppiloa.ja.viittaa.d.3306 || card.sentence.doctor.se.tarkoittaa.paastaa.lapi.tai.pikemminkin.suppiloa.ja.viittaa.d.8240
sentence_card,doctor,complete the missing part of the sentence.,se voi vaikeuttaa lääkäreiden työllistämistä varsinkin kun hyvinvointialueilla on jo nyt taloudellisesti tiukkaa. | tiukkaa | tiukkaa,6,/home/vitus/floently-finnish/apps/backend/materials/cards/published/professional/doctor/phrases/b1_b2.json,card.sentence.doctor.se.voi.vaikeuttaa.laakareiden.tyollistamista.varsinkin.kun.hyvin.1133 || card.sentence.doctor.se.voi.vaikeuttaa.laakareiden.tyollistamista.varsinkin.kun.hyvin.4015 || card.sentence.doctor.se.voi.vaikeuttaa.laakareiden.tyollistamista.varsinkin.kun.hyvin.4020 || card.sentence.doctor.se.voi.vaikeuttaa.laakareiden.tyollistamista.varsinkin.kun.hyvin.4025 || card.sentence.doctor.se.voi.vaikeuttaa.laakareiden.tyollistamista.varsinkin.kun.hyvin.4030
sentence_card,doctor,complete the missing part of the sentence.,sen ilmeneminen myös kertoo äidin suuremmasta todennäköisyydestä sairastua tulevaisuudessa tyypin 2 diabetekseen tai tiettyihin sydän- ja verisuonitauteihin | verisuonitauteihin | verisuonitauteihin,6,/home/vitus/floently-finnish/apps/backend/materials/cards/published/professional/doctor/phrases/b1_b2.json,card.sentence.doctor.sen.ilmeneminen.myos.kertoo.aidin.suuremmasta.todennakoisyydesta.0953 || card.sentence.doctor.sen.ilmeneminen.myos.kertoo.aidin.suuremmasta.todennakoisyydesta.10183 || card.sentence.doctor.sen.ilmeneminen.myos.kertoo.aidin.suuremmasta.todennakoisyydesta.6468 || card.sentence.doctor.sen.ilmeneminen.myos.kertoo.aidin.suuremmasta.todennakoisyydesta.6473 || card.sentence.doctor.sen.ilmeneminen.myos.kertoo.aidin.suuremmasta.todennakoisyydesta.6478
sentence_card,doctor,complete the missing part of the sentence.,"suomessa selvitetään ensimmäistä kertaa, vähentääkö vyöruusurokote muistisairauksia iäkkäillä | iäkkäillä | iäkkäillä",6,/home/vitus/floently-finnish/apps/backend/materials/cards/published/professional/doctor/phrases/b1_b2.json,card.sentence.doctor.suomessa.selvitetaan.ensimmaista.kertaa.vahentaako.vyoruusurokot.3275 || card.sentence.doctor.suomessa.selvitetaan.ensimmaista.kertaa.vahentaako.vyoruusurokot.5036 || card.sentence.doctor.suomessa.selvitetaan.ensimmaista.kertaa.vahentaako.vyoruusurokot.6742 || card.sentence.doctor.suomessa.selvitetaan.ensimmaista.kertaa.vahentaako.vyoruusurokot.6747 || card.sentence.doctor.suomessa.selvitetaan.ensimmaista.kertaa.vahentaako.vyoruusurokot.6752
sentence_card,doctor,complete the missing part of the sentence.,syöpätautien yleistyminen ja hoidolla saavutetun elinajan pidentymisen seurauksena palliatiivisen hoidon merkitys kasvaa.[21] | merkitys | merkitys,6,/home/vitus/floently-finnish/apps/backend/materials/cards/published/professional/doctor/phrases/b1_b2.json,card.sentence.doctor.syopatautien.yleistyminen.ja.hoidolla.saavutetun.elinajan.pident.0799 || card.sentence.doctor.syopatautien.yleistyminen.ja.hoidolla.saavutetun.elinajan.pident.2266 || card.sentence.doctor.syopatautien.yleistyminen.ja.hoidolla.saavutetun.elinajan.pident.2271 || card.sentence.doctor.syopatautien.yleistyminen.ja.hoidolla.saavutetun.elinajan.pident.2279 || card.sentence.doctor.syopatautien.yleistyminen.ja.hoidolla.saavutetun.elinajan.pident.2284
sentence_card,doctor,complete the missing part of the sentence.,"tämä pelko ei näytä laajassa mittakaavassa käyneen toteen, vaikka markkinoille onkin kokeilun kannustamana ilmestynyt uusia pieniä lääkäriyrityksiä. | lääkäriyrityksiä | lääkäriyrityksiä",6,/home/vitus/floently-finnish/apps/backend/materials/cards/published/professional/doctor/phrases/b1_b2.json,card.sentence.doctor.tama.pelko.ei.nayta.laajassa.mittakaavassa.kayneen.toteen.vaikka.0640 || card.sentence.doctor.tama.pelko.ei.nayta.laajassa.mittakaavassa.kayneen.toteen.vaikka.2859 || card.sentence.doctor.tama.pelko.ei.nayta.laajassa.mittakaavassa.kayneen.toteen.vaikka.2864 || card.sentence.doctor.tama.pelko.ei.nayta.laajassa.mittakaavassa.kayneen.toteen.vaikka.2869 || card.sentence.doctor.tama.pelko.ei.nayta.laajassa.mittakaavassa.kayneen.toteen.vaikka.2874
sentence_card,doctor,complete the missing part of the sentence.,vaikutukset ulottuivat muun muassa tulehdussairauksien ja luukadon ja ikääntymisen merkkien vähenemiseen sekä kognitiivisten kykyjen paranemiseen | paranemiseen | paranemiseen,6,/home/vitus/floently-finnish/apps/backend/materials/cards/published/professional/doctor/phrases/b1_b2.json,card.sentence.doctor.vaikutukset.ulottuivat.muun.muassa.tulehdussairauksien.ja.luukad.10491 || card.sentence.doctor.vaikutukset.ulottuivat.muun.muassa.tulehdussairauksien.ja.luukad.1291 || card.sentence.doctor.vaikutukset.ulottuivat.muun.muassa.tulehdussairauksien.ja.luukad.1628 || card.sentence.doctor.vaikutukset.ulottuivat.muun.muassa.tulehdussairauksien.ja.luukad.1633 || card.sentence.doctor.vaikutukset.ulottuivat.muun.muassa.tulehdussairauksien.ja.luukad.3759
sentence_card,doctor,complete the missing part of the sentence.,"verisuoni, linssi, nivel, läppä), keskushermostosuntti, ehkäisyvälineet ja fiksaatiovälineet (esim | fiksaatiovälineet | fiksaatiovälineet",6,/home/vitus/floently-finnish/apps/backend/materials/cards/published/professional/doctor/phrases/b1_b2.json,card.sentence.doctor.verisuoni.linssi.nivel.lappa.keskushermostosuntti.ehkaisyvalinee.0728 || card.sentence.doctor.verisuoni.linssi.nivel.lappa.keskushermostosuntti.ehkaisyvalinee.11460 || card.sentence.doctor.verisuoni.linssi.nivel.lappa.keskushermostosuntti.ehkaisyvalinee.8149 || card.sentence.doctor.verisuoni.linssi.nivel.lappa.keskushermostosuntti.ehkaisyvalinee.8154 || card.sentence.doctor.verisuoni.linssi.nivel.lappa.keskushermostosuntti.ehkaisyvalinee.8159
sentence_card,nurse,complete the missing part of the sentence.,"erityisesti lääketieteessä keskitytään ihmisen anatomiaan, fysiologiaan ja biokemiaan sekä patologiaan ja mikrobiologiaan. | mikrobiologiaan | mikrobiologiaan",6,/home/vitus/floently-finnish/apps/backend/materials/cards/published/professional/nurse/phrases/b1_b2.json,card.sentence.nurse.erityisesti.laaketieteessa.keskitytaan.ihmisen.anatomiaan.fysiol.2226 || card.sentence.nurse.erityisesti.laaketieteessa.keskitytaan.ihmisen.anatomiaan.fysiol.2843 || card.sentence.nurse.erityisesti.laaketieteessa.keskitytaan.ihmisen.anatomiaan.fysiol.4489 || card.sentence.nurse.erityisesti.laaketieteessa.keskitytaan.ihmisen.anatomiaan.fysiol.4494 || card.sentence.nurse.erityisesti.laaketieteessa.keskitytaan.ihmisen.anatomiaan.fysiol.4499
sentence_card,nurse,complete the missing part of the sentence.,hoitolinjaa valittaessa tulee pohtia ovatko kirurgisella toimenpiteellä saavutetut tulokset suuremmat kuin toimenpiteeseen liittyvät riskit | riskit | riskit,6,/home/vitus/floently-finnish/apps/backend/materials/cards/published/professional/nurse/phrases/b1_b2.json,card.sentence.nurse.hoitolinjaa.valittaessa.tulee.pohtia.ovatko.kirurgisella.toimenp.0873 || card.sentence.nurse.hoitolinjaa.valittaessa.tulee.pohtia.ovatko.kirurgisella.toimenp.0878 || card.sentence.nurse.hoitolinjaa.valittaessa.tulee.pohtia.ovatko.kirurgisella.toimenp.2424 || card.sentence.nurse.hoitolinjaa.valittaessa.tulee.pohtia.ovatko.kirurgisella.toimenp.2429 || card.sentence.nurse.hoitolinjaa.valittaessa.tulee.pohtia.ovatko.kirurgisella.toimenp.2434
sentence_card,nurse,complete the missing part of the sentence.,"kasvojen tunnistusta käytetään laajasti esimerkiksi valvontakameroissa, lentokentillä ja mobiililaitteiden kirjautumisessa | kirjautumisessa | kirjautumisessa",6,/home/vitus/floently-finnish/apps/backend/materials/cards/published/professional/nurse/phrases/b1_b2.json,card.sentence.nurse.kasvojen.tunnistusta.kaytetaan.laajasti.esimerkiksi.valvontakame.0984 || card.sentence.nurse.kasvojen.tunnistusta.kaytetaan.laajasti.esimerkiksi.valvontakame.2445 || card.sentence.nurse.kasvojen.tunnistusta.kaytetaan.laajasti.esimerkiksi.valvontakame.2450 || card.sentence.nurse.kasvojen.tunnistusta.kaytetaan.laajasti.esimerkiksi.valvontakame.2455 || card.sentence.nurse.kasvojen.tunnistusta.kaytetaan.laajasti.esimerkiksi.valvontakame.2460
sentence_card,nurse,complete the missing part of the sentence.,"laajassa merkityksessä lääketiede sisältää myös näihin päämääriin tähtäävät käytännön toimet kuten lääkinnän ja operatiivisen hoidon.[1] lääketieteessä pyritään ymmärtämään, kehittämään ja soveltamaan tapoja, joilla ihmisen tai eläimen terveyttä voidaan vaalia ja parantaa | parantaa | parantaa",6,/home/vitus/floently-finnish/apps/backend/materials/cards/published/professional/nurse/phrases/b1_b2.json,card.sentence.nurse.laajassa.merkityksessa.laaketiede.sisaltaa.myos.naihin.paamaarii.0207 || card.sentence.nurse.laajassa.merkityksessa.laaketiede.sisaltaa.myos.naihin.paamaarii.0625 || card.sentence.nurse.laajassa.merkityksessa.laaketiede.sisaltaa.myos.naihin.paamaarii.0835 || card.sentence.nurse.laajassa.merkityksessa.laaketiede.sisaltaa.myos.naihin.paamaarii.2221 || card.sentence.nurse.laajassa.merkityksessa.laaketiede.sisaltaa.myos.naihin.paamaarii.2234
sentence_card,nurse,complete the missing part of the sentence.,"lääkäriliiton hallituksen puheenjohtaja niina koivuviita sanoo, että yhtenä huolenaiheena oli, että kokeilu houkuttelisi yhä useamman lääkärin vaihtamaan julkiselta sektorilta yksityiselle lääkäriasemalle. | lääkäriasemalle | lääkäriasemalle",6,/home/vitus/floently-finnish/apps/backend/materials/cards/published/professional/nurse/phrases/b1_b2.json,card.sentence.nurse.laakariliiton.hallituksen.puheenjohtaja.niina.koivuviita.sanoo.e.1465 || card.sentence.nurse.laakariliiton.hallituksen.puheenjohtaja.niina.koivuviita.sanoo.e.1470 || card.sentence.nurse.laakariliiton.hallituksen.puheenjohtaja.niina.koivuviita.sanoo.e.1481 || card.sentence.nurse.laakariliiton.hallituksen.puheenjohtaja.niina.koivuviita.sanoo.e.1486 || card.sentence.nurse.laakariliiton.hallituksen.puheenjohtaja.niina.koivuviita.sanoo.e.1496
sentence_card,nurse,complete the missing part of the sentence.,"mutta voiko potilas luottaa siihen, että lääkäri on taidoiltaan yhtä pätevä kuin suomalaisessa yliopistossa oppinsa saanut? | saanut | saanut",6,/home/vitus/floently-finnish/apps/backend/materials/cards/published/professional/nurse/phrases/b1_b2.json,card.sentence.nurse.mutta.voiko.potilas.luottaa.siihen.etta.laakari.on.taidoiltaan.y.0202 || card.sentence.nurse.mutta.voiko.potilas.luottaa.siihen.etta.laakari.on.taidoiltaan.y.0790 || card.sentence.nurse.mutta.voiko.potilas.luottaa.siihen.etta.laakari.on.taidoiltaan.y.2016 || card.sentence.nurse.mutta.voiko.potilas.luottaa.siihen.etta.laakari.on.taidoiltaan.y.2021 || card.sentence.nurse.mutta.voiko.potilas.luottaa.siihen.etta.laakari.on.taidoiltaan.y.2026
sentence_card,nurse,complete the missing part of the sentence.,niittyvuopiolle on ollut tärkeää olla avoin kokemistaan hoidoista ja taudin kuvasta | kuvasta | kuvasta,6,/home/vitus/floently-finnish/apps/backend/materials/cards/published/professional/nurse/phrases/b1_b2.json,card.sentence.nurse.niittyvuopiolle.on.ollut.tarkeaa.olla.avoin.kokemistaan.hoidoist.0225 || card.sentence.nurse.niittyvuopiolle.on.ollut.tarkeaa.olla.avoin.kokemistaan.hoidoist.0352 || card.sentence.nurse.niittyvuopiolle.on.ollut.tarkeaa.olla.avoin.kokemistaan.hoidoist.3756 || card.sentence.nurse.niittyvuopiolle.on.ollut.tarkeaa.olla.avoin.kokemistaan.hoidoist.3761 || card.sentence.nurse.niittyvuopiolle.on.ollut.tarkeaa.olla.avoin.kokemistaan.hoidoist.3766
sentence_card,nurse,complete the missing part of the sentence.,"samalla on kuitenkin tarpeen seurata tarkasti sekä raskauden kulkua että vastasyntyneen vointia, kertoo tiedotteessa tutkimuksen pääkirjoittaja, turun yliopiston lastenpsykiatrian tutkimuskeskuksen dosentti, heli malm. | malm | malm",6,/home/vitus/floently-finnish/apps/backend/materials/cards/published/professional/nurse/phrases/b1_b2.json,card.sentence.nurse.samalla.on.kuitenkin.tarpeen.seurata.tarkasti.seka.raskauden.kul.0863 || card.sentence.nurse.samalla.on.kuitenkin.tarpeen.seurata.tarkasti.seka.raskauden.kul.3376 || card.sentence.nurse.samalla.on.kuitenkin.tarpeen.seurata.tarkasti.seka.raskauden.kul.3381 || card.sentence.nurse.samalla.on.kuitenkin.tarpeen.seurata.tarkasti.seka.raskauden.kul.3386 || card.sentence.nurse.samalla.on.kuitenkin.tarpeen.seurata.tarkasti.seka.raskauden.kul.3394
sentence_card,nurse,complete the missing part of the sentence.,"taskilan mukaan pakkotoimien puolelle ei voida mennä, jos potilas pystyy selkeästi ilmaisemaan oman kantansa ja perustelemaan sen järkevällä tavalla – ellei sitten ole kyse tilapäisen sairaudentilan aiheuttamasta ongelmasta henkilön ajattelussa. | ajattelussa | ajattelussa",6,/home/vitus/floently-finnish/apps/backend/materials/cards/published/professional/nurse/phrases/b1_b2.json,card.sentence.nurse.taskilan.mukaan.pakkotoimien.puolelle.ei.voida.menna.jos.potilas.3948 || card.sentence.nurse.taskilan.mukaan.pakkotoimien.puolelle.ei.voida.menna.jos.potilas.3953 || card.sentence.nurse.taskilan.mukaan.pakkotoimien.puolelle.ei.voida.menna.jos.potilas.3961 || card.sentence.nurse.taskilan.mukaan.pakkotoimien.puolelle.ei.voida.menna.jos.potilas.3969 || card.sentence.nurse.taskilan.mukaan.pakkotoimien.puolelle.ei.voida.menna.jos.potilas.3974
sentence_card,nurse,complete the missing part of the sentence.,"vasta 1700-luvulla katsottiin tarpeelliseksi, että lääkärienkin oli perehdyttävä kirurgian alkeisiin. | alkeisiin | alkeisiin",6,/home/vitus/floently-finnish/apps/backend/materials/cards/published/professional/nurse/phrases/b1_b2.json,card.sentence.nurse.vasta.1700.luvulla.katsottiin.tarpeelliseksi.etta.laakarienkin.o.0648 || card.sentence.nurse.vasta.1700.luvulla.katsottiin.tarpeelliseksi.etta.laakarienkin.o.2639 || card.sentence.nurse.vasta.1700.luvulla.katsottiin.tarpeelliseksi.etta.laakarienkin.o.2815 || card.sentence.nurse.vasta.1700.luvulla.katsottiin.tarpeelliseksi.etta.laakarienkin.o.2820 || card.sentence.nurse.vasta.1700.luvulla.katsottiin.tarpeelliseksi.etta.laakarienkin.o.2825
sentence_card,nurse,complete the missing part of the sentence.,"vuodesta 1997 alkaen käyttöön on tullut useita syövän immuunihoitoja (myös nimellä io-hoito, immuno-onkologinen hoito ja syövän immunoterapia), joissa valjastetaan potilaan oma keho taistelemaan syöpää vastaan | vastaan | vastaan",6,/home/vitus/floently-finnish/apps/backend/materials/cards/published/professional/nurse/phrases/b1_b2.json,card.sentence.nurse.vuodesta.1997.alkaen.kayttoon.on.tullut.useita.syovan.immuunihoi.0868 || card.sentence.nurse.vuodesta.1997.alkaen.kayttoon.on.tullut.useita.syovan.immuunihoi.3664 || card.sentence.nurse.vuodesta.1997.alkaen.kayttoon.on.tullut.useita.syovan.immuunihoi.3669 || card.sentence.nurse.vuodesta.1997.alkaen.kayttoon.on.tullut.useita.syovan.immuunihoi.3674 || card.sentence.nurse.vuodesta.1997.alkaen.kayttoon.on.tullut.useita.syovan.immuunihoi.3679
sentence_card,nurse,complete the missing part of the sentence.,ylen tietojen mukaan lääkärille jää valinnanvapauskokeilusta käteen näitäkin alhaisempi tai korkeintaan lähes yhtä alhainen palkkio. | palkkio | palkkio,6,/home/vitus/floently-finnish/apps/backend/materials/cards/published/professional/nurse/phrases/b1_b2.json,card.sentence.nurse.ylen.tietojen.mukaan.laakarille.jaa.valinnanvapauskokeilusta.kat.0337 || card.sentence.nurse.ylen.tietojen.mukaan.laakarille.jaa.valinnanvapauskokeilusta.kat.1124 || card.sentence.nurse.ylen.tietojen.mukaan.laakarille.jaa.valinnanvapauskokeilusta.kat.1242 || card.sentence.nurse.ylen.tietojen.mukaan.laakarille.jaa.valinnanvapauskokeilusta.kat.5616 || card.sentence.nurse.ylen.tietojen.mukaan.laakarille.jaa.valinnanvapauskokeilusta.kat.5621
sentence_card,practical_nurse,complete the missing part of the sentence.,"ajattelen, että kun jätteiden kerääminen on alkanut kohentua, eikä jätekatoksissa ja jäteasemien ympärillä ole enää roskia, niin ruokakin alkaa loppua ja rotat häviävät, hän sanoo. | sanoo | sanoo",6,/home/vitus/floently-finnish/apps/backend/materials/cards/published/professional/practical_nurse/phrases/b1_b2.json,card.sentence.practical_nurse.ajattelen.etta.kun.jatteiden.keraaminen.on.alkanut.kohentua.eika.0418 || card.sentence.practical_nurse.ajattelen.etta.kun.jatteiden.keraaminen.on.alkanut.kohentua.eika.1364 || card.sentence.practical_nurse.ajattelen.etta.kun.jatteiden.keraaminen.on.alkanut.kohentua.eika.4073 || card.sentence.practical_nurse.ajattelen.etta.kun.jatteiden.keraaminen.on.alkanut.kohentua.eika.4078 || card.sentence.practical_nurse.ajattelen.etta.kun.jatteiden.keraaminen.on.alkanut.kohentua.eika.4083
sentence_card,practical_nurse,complete the missing part of the sentence.,"– alkuraskaus on sikiön kehityksen kannalta erityisen herkkää aikaa, joten jo raskautta suunnittelevat tarvitsevat käytännönläheistä tietoa ja ohjausta kofeiinia sisältävien elintarvikkeiden maltillisesta käytöstä, kukkonen toteaa tiedotteessa. | tiedotteessa | tiedotteessa",6,/home/vitus/floently-finnish/apps/backend/materials/cards/published/professional/practical_nurse/phrases/b1_b2.json,card.sentence.practical_nurse.alkuraskaus.on.sikion.kehityksen.kannalta.erityisen.herkkaa.aika.0771 || card.sentence.practical_nurse.alkuraskaus.on.sikion.kehityksen.kannalta.erityisen.herkkaa.aika.0807 || card.sentence.practical_nurse.alkuraskaus.on.sikion.kehityksen.kannalta.erityisen.herkkaa.aika.1511 || card.sentence.practical_nurse.alkuraskaus.on.sikion.kehityksen.kannalta.erityisen.herkkaa.aika.5367 || card.sentence.practical_nurse.alkuraskaus.on.sikion.kehityksen.kannalta.erityisen.herkkaa.aika.5391
sentence_card,practical_nurse,complete the missing part of the sentence.,"– avattiin ovi, ja sisään tuli kaksi poliisia, kolme ensihoitajaa ja kaksi sosiaalityöntekijää | sosiaalityöntekijää | sosiaalityöntekijää",6,/home/vitus/floently-finnish/apps/backend/materials/cards/published/professional/practical_nurse/phrases/b1_b2.json,card.sentence.practical_nurse.avattiin.ovi.ja.sisaan.tuli.kaksi.poliisia.kolme.ensihoitajaa.ja.2635 || card.sentence.practical_nurse.avattiin.ovi.ja.sisaan.tuli.kaksi.poliisia.kolme.ensihoitajaa.ja.4808 || card.sentence.practical_nurse.avattiin.ovi.ja.sisaan.tuli.kaksi.poliisia.kolme.ensihoitajaa.ja.4813 || card.sentence.practical_nurse.avattiin.ovi.ja.sisaan.tuli.kaksi.poliisia.kolme.ensihoitajaa.ja.4818 || card.sentence.practical_nurse.avattiin.ovi.ja.sisaan.tuli.kaksi.poliisia.kolme.ensihoitajaa.ja.5856
sentence_card,practical_nurse,complete the missing part of the sentence.,ensin pyydettäisin pitämään ruokapäiväkirjaa ja kannustettaisiin laihduttamaan ”perinteisin menetelmin”. | laihduttamaan | laihduttamaan,6,/home/vitus/floently-finnish/apps/backend/materials/cards/published/professional/practical_nurse/phrases/b1_b2.json,card.sentence.practical_nurse.ensin.pyydettaisin.pitamaan.ruokapaivakirjaa.ja.kannustettaisiin.3314 || card.sentence.practical_nurse.ensin.pyydettaisin.pitamaan.ruokapaivakirjaa.ja.kannustettaisiin.3322 || card.sentence.practical_nurse.ensin.pyydettaisin.pitamaan.ruokapaivakirjaa.ja.kannustettaisiin.3327 || card.sentence.practical_nurse.ensin.pyydettaisin.pitamaan.ruokapaivakirjaa.ja.kannustettaisiin.3332 || card.sentence.practical_nurse.ensin.pyydettaisin.pitamaan.ruokapaivakirjaa.ja.kannustettaisiin.6599
sentence_card,practical_nurse,complete the missing part of the sentence.,"hämeenlinnan terveysvalvonnan terveystarkastaja sanna tuomi kertoo sähköpostitse, että raa’assa lihassa voi esiintyä ruokamyrkytyksiä aiheuttavaa salmonellaa ja kampylobakteereita. | kampylobakteereita | kampylobakteereita",6,/home/vitus/floently-finnish/apps/backend/materials/cards/published/professional/practical_nurse/phrases/b1_b2.json,card.sentence.practical_nurse.hameenlinnan.terveysvalvonnan.terveystarkastaja.sanna.tuomi.kert.0362 || card.sentence.practical_nurse.hameenlinnan.terveysvalvonnan.terveystarkastaja.sanna.tuomi.kert.3350 || card.sentence.practical_nurse.hameenlinnan.terveysvalvonnan.terveystarkastaja.sanna.tuomi.kert.3355 || card.sentence.practical_nurse.hameenlinnan.terveysvalvonnan.terveystarkastaja.sanna.tuomi.kert.3373 || card.sentence.practical_nurse.hameenlinnan.terveysvalvonnan.terveystarkastaja.sanna.tuomi.kert.3378
sentence_card,practical_nurse,complete the missing part of the sentence.,"isännöitsijä eeva heikkinen kertoo, että hän sai taloyhtiöistä ilmoituksia piha-alueilla ja roskakatoksissa nähdyistä rotista. | rotista | rotista",6,/home/vitus/floently-finnish/apps/backend/materials/cards/published/professional/practical_nurse/phrases/b1_b2.json,card.sentence.practical_nurse.isannoitsija.eeva.heikkinen.kertoo.etta.han.sai.taloyhtioista.il.1503 || card.sentence.practical_nurse.isannoitsija.eeva.heikkinen.kertoo.etta.han.sai.taloyhtioista.il.2413 || card.sentence.practical_nurse.isannoitsija.eeva.heikkinen.kertoo.etta.han.sai.taloyhtioista.il.2421 || card.sentence.practical_nurse.isannoitsija.eeva.heikkinen.kertoo.etta.han.sai.taloyhtioista.il.2426 || card.sentence.practical_nurse.isannoitsija.eeva.heikkinen.kertoo.etta.han.sai.taloyhtioista.il.2431
sentence_card,practical_nurse,complete the missing part of the sentence.,"isossa-britanniassa hoitosuositukset laaditaan puolestaan terveydenhuoltoviranomaisen asettamissa riippumattomissa komiteoissa, joiden jäseninä on sekä ammattilaisten että potilaiden edustajia | edustajia | edustajia",6,/home/vitus/floently-finnish/apps/backend/materials/cards/published/professional/practical_nurse/phrases/b1_b2.json,card.sentence.practical_nurse.isossa.britanniassa.hoitosuositukset.laaditaan.puolestaan.tervey.1449 || card.sentence.practical_nurse.isossa.britanniassa.hoitosuositukset.laaditaan.puolestaan.tervey.4898 || card.sentence.practical_nurse.isossa.britanniassa.hoitosuositukset.laaditaan.puolestaan.tervey.4903 || card.sentence.practical_nurse.isossa.britanniassa.hoitosuositukset.laaditaan.puolestaan.tervey.4908 || card.sentence.practical_nurse.isossa.britanniassa.hoitosuositukset.laaditaan.puolestaan.tervey.4913
sentence_card,practical_nurse,complete the missing part of the sentence.,"järjestelmien ihmisenkaltaisuuden on havaittu parantavan käyttökokemusta, sanotaan yhdysvaltain kansallisen lääketieteellisen kirjaston sivuilla olevassa tutkimuksessa. | tutkimuksessa | tutkimuksessa",6,/home/vitus/floently-finnish/apps/backend/materials/cards/published/professional/practical_nurse/phrases/b1_b2.json,card.sentence.practical_nurse.jarjestelmien.ihmisenkaltaisuuden.on.havaittu.parantavan.kayttok.1042 || card.sentence.practical_nurse.jarjestelmien.ihmisenkaltaisuuden.on.havaittu.parantavan.kayttok.5870 || card.sentence.practical_nurse.jarjestelmien.ihmisenkaltaisuuden.on.havaittu.parantavan.kayttok.5880 || card.sentence.practical_nurse.jarjestelmien.ihmisenkaltaisuuden.on.havaittu.parantavan.kayttok.7746 || card.sentence.practical_nurse.jarjestelmien.ihmisenkaltaisuuden.on.havaittu.parantavan.kayttok.9145
sentence_card,practical_nurse,complete the missing part of the sentence.,"julkinen keskustelu, mielipiteet, kulttuuriset normit ja taloudelliset intressit vaikuttavat siihen, mitä kulloinkin pidetään sairautena | sairautena | sairautena",6,/home/vitus/floently-finnish/apps/backend/materials/cards/published/professional/practical_nurse/phrases/b1_b2.json,card.sentence.practical_nurse.julkinen.keskustelu.mielipiteet.kulttuuriset.normit.ja.taloudell.1237 || card.sentence.practical_nurse.julkinen.keskustelu.mielipiteet.kulttuuriset.normit.ja.taloudell.4489 || card.sentence.practical_nurse.julkinen.keskustelu.mielipiteet.kulttuuriset.normit.ja.taloudell.4500 || card.sentence.practical_nurse.julkinen.keskustelu.mielipiteet.kulttuuriset.normit.ja.taloudell.4505 || card.sentence.practical_nurse.julkinen.keskustelu.mielipiteet.kulttuuriset.normit.ja.taloudell.4510
sentence_card,practical_nurse,complete the missing part of the sentence.,"– kirjanpidon vakiinnuttua me voisimme sen perusteella säätää luontohaittaveron tukemaan valtiontaloutta, kotiaho ehdottaa. | ehdottaa | ehdottaa",6,/home/vitus/floently-finnish/apps/backend/materials/cards/published/professional/practical_nurse/phrases/b1_b2.json,card.sentence.practical_nurse.kirjanpidon.vakiinnuttua.me.voisimme.sen.perusteella.saataa.luon.0709 || card.sentence.practical_nurse.kirjanpidon.vakiinnuttua.me.voisimme.sen.perusteella.saataa.luon.3776 || card.sentence.practical_nurse.kirjanpidon.vakiinnuttua.me.voisimme.sen.perusteella.saataa.luon.7669 || card.sentence.practical_nurse.kirjanpidon.vakiinnuttua.me.voisimme.sen.perusteella.saataa.luon.7679 || card.sentence.practical_nurse.kirjanpidon.vakiinnuttua.me.voisimme.sen.perusteella.saataa.luon.7684
sentence_card,practical_nurse,complete the missing part of the sentence.,"kuten terveystalo, myös yrittäjänä toimiva ammatinharjoittaja on joutunut viime aikoina kohtaamaan muuttuneen markkinatilanteen ja kustannuspaineen, terveystalon viestinnästä todetaan. | todetaan | todetaan",6,/home/vitus/floently-finnish/apps/backend/materials/cards/published/professional/practical_nurse/phrases/b1_b2.json,card.sentence.practical_nurse.kuten.terveystalo.myos.yrittajana.toimiva.ammatinharjoittaja.on..0232 || card.sentence.practical_nurse.kuten.terveystalo.myos.yrittajana.toimiva.ammatinharjoittaja.on..0403 || card.sentence.practical_nurse.kuten.terveystalo.myos.yrittajana.toimiva.ammatinharjoittaja.on..0481 || card.sentence.practical_nurse.kuten.terveystalo.myos.yrittajana.toimiva.ammatinharjoittaja.on..1356 || card.sentence.practical_nurse.kuten.terveystalo.myos.yrittajana.toimiva.ammatinharjoittaja.on..7503
sentence_card,practical_nurse,complete the missing part of the sentence.,"kyseisen tutkimuksen mukaan elimistö näyttäisi pääsevän paaston tai valvotun niukan dieetin avulla eroon immuunijärjestelmän vahingoittuneista tai vanhentuneista osista, joka johtaisi immuunijärjestelmän uusiutumiseen.[72] | immuunijärjestelmän | immuunijärjestelmän",6,/home/vitus/floently-finnish/apps/backend/materials/cards/published/professional/practical_nurse/phrases/b1_b2.json,card.sentence.practical_nurse.kyseisen.tutkimuksen.mukaan.elimisto.nayttaisi.paasevan.paaston..0670 || card.sentence.practical_nurse.kyseisen.tutkimuksen.mukaan.elimisto.nayttaisi.paasevan.paaston..1327 || card.sentence.practical_nurse.kyseisen.tutkimuksen.mukaan.elimisto.nayttaisi.paasevan.paaston..3771 || card.sentence.practical_nurse.kyseisen.tutkimuksen.mukaan.elimisto.nayttaisi.paasevan.paaston..3781 || card.sentence.practical_nurse.kyseisen.tutkimuksen.mukaan.elimisto.nayttaisi.paasevan.paaston..3786
sentence_card,practical_nurse,complete the missing part of the sentence.,lääketieteen sukupuolivinouma tulee esiin sekä tappavien että toimintakykyä heikentävien sairauksien kohdalla | kohdalla | kohdalla,6,/home/vitus/floently-finnish/apps/backend/materials/cards/published/professional/practical_nurse/phrases/b1_b2.json,card.sentence.practical_nurse.laaketieteen.sukupuolivinouma.tulee.esiin.seka.tappavien.etta.to.1648 || card.sentence.practical_nurse.laaketieteen.sukupuolivinouma.tulee.esiin.seka.tappavien.etta.to.4597 || card.sentence.practical_nurse.laaketieteen.sukupuolivinouma.tulee.esiin.seka.tappavien.etta.to.6035 || card.sentence.practical_nurse.laaketieteen.sukupuolivinouma.tulee.esiin.seka.tappavien.etta.to.6043 || card.sentence.practical_nurse.laaketieteen.sukupuolivinouma.tulee.esiin.seka.tappavien.etta.to.6048
sentence_card,practical_nurse,complete the missing part of the sentence.,"monissa leikkauksissa kerta-annos, yleensä kefuroksiimia, riittää hyödyn saamiseksi ja yli päivän kestävää annostelua ei suositella.[25] | annostelua | annostelua",6,/home/vitus/floently-finnish/apps/backend/materials/cards/published/professional/practical_nurse/phrases/b1_b2.json,card.sentence.practical_nurse.monissa.leikkauksissa.kerta.annos.yleensa.kefuroksiimia.riittaa..1311 || card.sentence.practical_nurse.monissa.leikkauksissa.kerta.annos.yleensa.kefuroksiimia.riittaa..1529 || card.sentence.practical_nurse.monissa.leikkauksissa.kerta.annos.yleensa.kefuroksiimia.riittaa..5295 || card.sentence.practical_nurse.monissa.leikkauksissa.kerta.annos.yleensa.kefuroksiimia.riittaa..5300 || card.sentence.practical_nurse.monissa.leikkauksissa.kerta.annos.yleensa.kefuroksiimia.riittaa..5308
sentence_card,practical_nurse,complete the missing part of the sentence.,"näiden keskiarvon perusteella diagnosoidaan kohonnut verenpaine.[9] jos potilaalla epäillään olevan kohonnut verenpaine, tehdään mittaukset lääkärin tai terveydenhoitajan luona useana eri päivänä lyhyehkön ajanjakson sisällä | sisällä | sisällä",6,/home/vitus/floently-finnish/apps/backend/materials/cards/published/professional/practical_nurse/phrases/b1_b2.json,card.sentence.practical_nurse.naiden.keskiarvon.perusteella.diagnosoidaan.kohonnut.verenpaine..1348 || card.sentence.practical_nurse.naiden.keskiarvon.perusteella.diagnosoidaan.kohonnut.verenpaine..5084 || card.sentence.practical_nurse.naiden.keskiarvon.perusteella.diagnosoidaan.kohonnut.verenpaine..5092 || card.sentence.practical_nurse.naiden.keskiarvon.perusteella.diagnosoidaan.kohonnut.verenpaine..5100 || card.sentence.practical_nurse.naiden.keskiarvon.perusteella.diagnosoidaan.kohonnut.verenpaine..8541
sentence_card,practical_nurse,complete the missing part of the sentence.,naisten oireiden vähättely ja niiden väärä tulkinta johtaakin usein siihen etteivät naiset saa diagnoosia ja hoitoa tai ne viivästyvät tarpeettomasti | tarpeettomasti | tarpeettomasti,6,/home/vitus/floently-finnish/apps/backend/materials/cards/published/professional/practical_nurse/phrases/b1_b2.json,card.sentence.practical_nurse.naisten.oireiden.vahattely.ja.niiden.vaara.tulkinta.johtaakin.us.1335 || card.sentence.practical_nurse.naisten.oireiden.vahattely.ja.niiden.vaara.tulkinta.johtaakin.us.3832 || card.sentence.practical_nurse.naisten.oireiden.vahattely.ja.niiden.vaara.tulkinta.johtaakin.us.3837 || card.sentence.practical_nurse.naisten.oireiden.vahattely.ja.niiden.vaara.tulkinta.johtaakin.us.3842 || card.sentence.practical_nurse.naisten.oireiden.vahattely.ja.niiden.vaara.tulkinta.johtaakin.us.3847
sentence_card,practical_nurse,complete the missing part of the sentence.,"pihlajalinnan lääketieteellinen johtaja sari riihijärvi kirjoittaa sähköpostitse, että heille on tärkeää olla mukana parantamassa hoitoon pääsyä. | pääsyä | pääsyä",6,/home/vitus/floently-finnish/apps/backend/materials/cards/published/professional/practical_nurse/phrases/b1_b2.json,card.sentence.practical_nurse.pihlajalinnan.laaketieteellinen.johtaja.sari.riihijarvi.kirjoitt.0342 || card.sentence.practical_nurse.pihlajalinnan.laaketieteellinen.johtaja.sari.riihijarvi.kirjoitt.0347 || card.sentence.practical_nurse.pihlajalinnan.laaketieteellinen.johtaja.sari.riihijarvi.kirjoitt.0920 || card.sentence.practical_nurse.pihlajalinnan.laaketieteellinen.johtaja.sari.riihijarvi.kirjoitt.2072 || card.sentence.practical_nurse.pihlajalinnan.laaketieteellinen.johtaja.sari.riihijarvi.kirjoitt.2077
sentence_card,practical_nurse,complete the missing part of the sentence.,"sairauksia, niiden hoitoa ja ehkäisyä laajana kokonaisuutena tutkii lääketiede, joka koostuu useista lääketieteen erikoisaloista. | erikoisaloista | erikoisaloista",6,/home/vitus/floently-finnish/apps/backend/materials/cards/published/professional/practical_nurse/phrases/b1_b2.json,card.sentence.practical_nurse.sairauksia.niiden.hoitoa.ja.ehkaisya.laajana.kokonaisuutena.tutk.0614 || card.sentence.practical_nurse.sairauksia.niiden.hoitoa.ja.ehkaisya.laajana.kokonaisuutena.tutk.1619 || card.sentence.practical_nurse.sairauksia.niiden.hoitoa.ja.ehkaisya.laajana.kokonaisuutena.tutk.5110 || card.sentence.practical_nurse.sairauksia.niiden.hoitoa.ja.ehkaisya.laajana.kokonaisuutena.tutk.5115 || card.sentence.practical_nurse.sairauksia.niiden.hoitoa.ja.ehkaisya.laajana.kokonaisuutena.tutk.5123
sentence_card,practical_nurse,complete the missing part of the sentence.,se voi vaikeuttaa lääkäreiden työllistämistä varsinkin kun hyvinvointialueilla on jo nyt taloudellisesti tiukkaa. | tiukkaa | tiukkaa,6,/home/vitus/floently-finnish/apps/backend/materials/cards/published/professional/practical_nurse/phrases/b1_b2.json,card.sentence.practical_nurse.se.voi.vaikeuttaa.laakareiden.tyollistamista.varsinkin.kun.hyvin.2691 || card.sentence.practical_nurse.se.voi.vaikeuttaa.laakareiden.tyollistamista.varsinkin.kun.hyvin.3247 || card.sentence.practical_nurse.se.voi.vaikeuttaa.laakareiden.tyollistamista.varsinkin.kun.hyvin.3252 || card.sentence.practical_nurse.se.voi.vaikeuttaa.laakareiden.tyollistamista.varsinkin.kun.hyvin.3257 || card.sentence.practical_nurse.se.voi.vaikeuttaa.laakareiden.tyollistamista.varsinkin.kun.hyvin.3262
sentence_card,practical_nurse,complete the missing part of the sentence.,"tarkoitus on kääntää kaivinkoneella juuripaakut maata myöten etenkin asuinalueiden lähellä sijaitsevissa kohteissa sekä sellaisilla alueilla, missä liikutaan päivittäin. | päivittäin | päivittäin",6,/home/vitus/floently-finnish/apps/backend/materials/cards/published/professional/practical_nurse/phrases/b1_b2.json,card.sentence.practical_nurse.tarkoitus.on.kaantaa.kaivinkoneella.juuripaakut.maata.myoten.ete.0878 || card.sentence.practical_nurse.tarkoitus.on.kaantaa.kaivinkoneella.juuripaakut.maata.myoten.ete.1810 || card.sentence.practical_nurse.tarkoitus.on.kaantaa.kaivinkoneella.juuripaakut.maata.myoten.ete.1815 || card.sentence.practical_nurse.tarkoitus.on.kaantaa.kaivinkoneella.juuripaakut.maata.myoten.ete.1823 || card.sentence.practical_nurse.tarkoitus.on.kaantaa.kaivinkoneella.juuripaakut.maata.myoten.ete.1828
sentence_card,practical_nurse,complete the missing part of the sentence.,"taskilan mukaan pakkotoimien puolelle ei voida mennä, jos potilas pystyy selkeästi ilmaisemaan oman kantansa ja perustelemaan sen järkevällä tavalla – ellei sitten ole kyse tilapäisen sairaudentilan aiheuttamasta ongelmasta henkilön ajattelussa. | ajattelussa | ajattelussa",6,/home/vitus/floently-finnish/apps/backend/materials/cards/published/professional/practical_nurse/phrases/b1_b2.json,card.sentence.practical_nurse.taskilan.mukaan.pakkotoimien.puolelle.ei.voida.menna.jos.potilas.1429 || card.sentence.practical_nurse.taskilan.mukaan.pakkotoimien.puolelle.ei.voida.menna.jos.potilas.1488 || card.sentence.practical_nurse.taskilan.mukaan.pakkotoimien.puolelle.ei.voida.menna.jos.potilas.5164 || card.sentence.practical_nurse.taskilan.mukaan.pakkotoimien.puolelle.ei.voida.menna.jos.potilas.5175 || card.sentence.practical_nurse.taskilan.mukaan.pakkotoimien.puolelle.ei.voida.menna.jos.potilas.5183
sentence_card,practical_nurse,complete the missing part of the sentence.,"turska, lohi, mantelit, pähkinät ja soijapavut vähentävät tulehdusta | tulehdusta | tulehdusta",6,/home/vitus/floently-finnish/apps/backend/materials/cards/published/professional/practical_nurse/phrases/b1_b2.json,card.sentence.practical_nurse.turska.lohi.mantelit.pahkinat.ja.soijapavut.vahentavat.tulehdust.0257 || card.sentence.practical_nurse.turska.lohi.mantelit.pahkinat.ja.soijapavut.vahentavat.tulehdust.0751 || card.sentence.practical_nurse.turska.lohi.mantelit.pahkinat.ja.soijapavut.vahentavat.tulehdust.2451 || card.sentence.practical_nurse.turska.lohi.mantelit.pahkinat.ja.soijapavut.vahentavat.tulehdust.2456 || card.sentence.practical_nurse.turska.lohi.mantelit.pahkinat.ja.soijapavut.vahentavat.tulehdust.2464
sentence_card,practical_nurse,complete the missing part of the sentence.,tutkimuksen näyttö varoittaa lihavuuslääkkeiden lyhytaikaisesta käytöstä ilman kokonaisvaltaisempaa lähestymistapaa painonhallintaan. | painonhallintaan | painonhallintaan,6,/home/vitus/floently-finnish/apps/backend/materials/cards/published/professional/practical_nurse/phrases/b1_b2.json,card.sentence.practical_nurse.tutkimuksen.naytto.varoittaa.lihavuuslaakkeiden.lyhytaikaisesta..6084 || card.sentence.practical_nurse.tutkimuksen.naytto.varoittaa.lihavuuslaakkeiden.lyhytaikaisesta..6089 || card.sentence.practical_nurse.tutkimuksen.naytto.varoittaa.lihavuuslaakkeiden.lyhytaikaisesta..6094 || card.sentence.practical_nurse.tutkimuksen.naytto.varoittaa.lihavuuslaakkeiden.lyhytaikaisesta..6099 || card.sentence.practical_nurse.tutkimuksen.naytto.varoittaa.lihavuuslaakkeiden.lyhytaikaisesta..6104
sentence_card,doctor,complete the missing part of the sentence.,bipolaarista häiriötä sairastavien aivoista löytyy myös merkkejä kroonisesta tulehduksesta | tulehduksesta | tulehduksesta,5,/home/vitus/floently-finnish/apps/backend/materials/cards/published/professional/doctor/phrases/b1_b2.json,card.sentence.doctor.bipolaarista.hairiota.sairastavien.aivoista.loytyy.myos.merkkeja.11377 || card.sentence.doctor.bipolaarista.hairiota.sairastavien.aivoista.loytyy.myos.merkkeja.4428 || card.sentence.doctor.bipolaarista.hairiota.sairastavien.aivoista.loytyy.myos.merkkeja.5747 || card.sentence.doctor.bipolaarista.hairiota.sairastavien.aivoista.loytyy.myos.merkkeja.7930 || card.sentence.doctor.bipolaarista.hairiota.sairastavien.aivoista.loytyy.myos.merkkeja.9250
sentence_card,doctor,complete the missing part of the sentence.,diabeteksille yhteiset oireet johtuvat hyperglykemiasta ja siihen liittyviä välittömiä oireita ovat esimerkiksi janoisuus ja runsas virtsaamistarve | virtsaamistarve | virtsaamistarve,5,/home/vitus/floently-finnish/apps/backend/materials/cards/published/professional/doctor/phrases/b1_b2.json,card.sentence.doctor.diabeteksille.yhteiset.oireet.johtuvat.hyperglykemiasta.ja.siihe.10363 || card.sentence.doctor.diabeteksille.yhteiset.oireet.johtuvat.hyperglykemiasta.ja.siihe.10647 || card.sentence.doctor.diabeteksille.yhteiset.oireet.johtuvat.hyperglykemiasta.ja.siihe.1807 || card.sentence.doctor.diabeteksille.yhteiset.oireet.johtuvat.hyperglykemiasta.ja.siihe.8949 || card.sentence.doctor.diabeteksille.yhteiset.oireet.johtuvat.hyperglykemiasta.ja.siihe.8954
sentence_card,doctor,complete the missing part of the sentence.,"diabetes lisää esimerkiksi infektioalttiutta[2] ja verisuonivaurioita, mikä johtaa esimerkiksi valtimokovettumataudin ja muiden sydän- ja verisuonisairauksien sekä impotenssin riskin lisääntymiseen.[2] diabetes saattaa aiheuttaa myös alzheimerin tautia ja muita dementiasairauksia[9]. | muita | muita",5,/home/vitus/floently-finnish/apps/backend/materials/cards/published/professional/doctor/phrases/b1_b2.json,card.sentence.doctor.diabetes.lisaa.esimerkiksi.infektioalttiutta.2.ja.verisuonivauri.0333 || card.sentence.doctor.diabetes.lisaa.esimerkiksi.infektioalttiutta.2.ja.verisuonivauri.3322 || card.sentence.doctor.diabetes.lisaa.esimerkiksi.infektioalttiutta.2.ja.verisuonivauri.4934 || card.sentence.doctor.diabetes.lisaa.esimerkiksi.infektioalttiutta.2.ja.verisuonivauri.6826 || card.sentence.doctor.diabetes.lisaa.esimerkiksi.infektioalttiutta.2.ja.verisuonivauri.9434
sentence_card,doctor,complete the missing part of the sentence.,"ennen vastaanottoa mika täytti esitietolomakkeen, jossa kysytään muun muassa, onko potilas käynyt vastikään verikokeissa tai onko suvussa ollut kilpirauhasen syöpää. | syöpää | syöpää",5,/home/vitus/floently-finnish/apps/backend/materials/cards/published/professional/doctor/phrases/b1_b2.json,card.sentence.doctor.ennen.vastaanottoa.mika.taytti.esitietolomakkeen.jossa.kysytaan..0137 || card.sentence.doctor.ennen.vastaanottoa.mika.taytti.esitietolomakkeen.jossa.kysytaan..0157 || card.sentence.doctor.ennen.vastaanottoa.mika.taytti.esitietolomakkeen.jossa.kysytaan..9182 || card.sentence.doctor.ennen.vastaanottoa.mika.taytti.esitietolomakkeen.jossa.kysytaan..9190 || card.sentence.doctor.ennen.vastaanottoa.mika.taytti.esitietolomakkeen.jossa.kysytaan..9195
sentence_card,doctor,complete the missing part of the sentence.,"erityisesti lääketieteessä keskitytään ihmisen anatomiaan, fysiologiaan ja biokemiaan sekä patologiaan ja mikrobiologiaan. | mikrobiologiaan | mikrobiologiaan",5,/home/vitus/floently-finnish/apps/backend/materials/cards/published/professional/doctor/phrases/b1_b2.json,card.sentence.doctor.erityisesti.laaketieteessa.keskitytaan.ihmisen.anatomiaan.fysiol.1554 || card.sentence.doctor.erityisesti.laaketieteessa.keskitytaan.ihmisen.anatomiaan.fysiol.4519 || card.sentence.doctor.erityisesti.laaketieteessa.keskitytaan.ihmisen.anatomiaan.fysiol.6956 || card.sentence.doctor.erityisesti.laaketieteessa.keskitytaan.ihmisen.anatomiaan.fysiol.6961 || card.sentence.doctor.erityisesti.laaketieteessa.keskitytaan.ihmisen.anatomiaan.fysiol.6966
sentence_card,doctor,complete the missing part of the sentence.,"erityistä tyytymättömyyttä ammatinharjoittajien keskuudessa on herättänyt ainakin mehiläisessä, terveystalossa ja pihlajalinnassa viime vuosina käyttöön otetut palkkiomallit, joilla määritellään vakuutusyhtiöiden ja työterveyden potilaiden vastaanotoille vähimmäis- ja enimmäispalkkiot. | enimmäispalkkiot | enimmäispalkkiot",5,/home/vitus/floently-finnish/apps/backend/materials/cards/published/professional/doctor/phrases/b1_b2.json,card.sentence.doctor.erityista.tyytymattomyytta.ammatinharjoittajien.keskuudessa.on.h.2028 || card.sentence.doctor.erityista.tyytymattomyytta.ammatinharjoittajien.keskuudessa.on.h.7337 || card.sentence.doctor.erityista.tyytymattomyytta.ammatinharjoittajien.keskuudessa.on.h.7350 || card.sentence.doctor.erityista.tyytymattomyytta.ammatinharjoittajien.keskuudessa.on.h.7355 || card.sentence.doctor.erityista.tyytymattomyytta.ammatinharjoittajien.keskuudessa.on.h.8595
sentence_card,doctor,complete the missing part of the sentence.,erotetaan jyvät akanoista ja terveet sairaista.” | terveet | terveet,5,/home/vitus/floently-finnish/apps/backend/materials/cards/published/professional/doctor/phrases/b1_b2.json,card.sentence.doctor.erotetaan.jyvat.akanoista.ja.terveet.sairaista.10248 || card.sentence.doctor.erotetaan.jyvat.akanoista.ja.terveet.sairaista.5457 || card.sentence.doctor.erotetaan.jyvat.akanoista.ja.terveet.sairaista.5462 || card.sentence.doctor.erotetaan.jyvat.akanoista.ja.terveet.sairaista.5467 || card.sentence.doctor.erotetaan.jyvat.akanoista.ja.terveet.sairaista.7345
sentence_card,doctor,complete the missing part of the sentence.,"hän kuvailee tautia ”ihan kamalaksi” ja arvioi, ettei koskaan aiemmin ole sairastanut yhtä pahaa oksennustautia ja ripulia. | ripulia | ripulia",5,/home/vitus/floently-finnish/apps/backend/materials/cards/published/professional/doctor/phrases/b1_b2.json,card.sentence.doctor.han.kuvailee.tautia.ihan.kamalaksi.ja.arvioi.ettei.koskaan.aiemm.1253 || card.sentence.doctor.han.kuvailee.tautia.ihan.kamalaksi.ja.arvioi.ettei.koskaan.aiemm.1258 || card.sentence.doctor.han.kuvailee.tautia.ihan.kamalaksi.ja.arvioi.ettei.koskaan.aiemm.2442 || card.sentence.doctor.han.kuvailee.tautia.ihan.kamalaksi.ja.arvioi.ettei.koskaan.aiemm.2447 || card.sentence.doctor.han.kuvailee.tautia.ihan.kamalaksi.ja.arvioi.ettei.koskaan.aiemm.5129
sentence_card,doctor,complete the missing part of the sentence.,"heidän mukaansa lääkkeitä määrätään liian paljon, ja he haluaisivat turvautua lääkkeettömään hoitoon. | hoitoon | hoitoon",5,/home/vitus/floently-finnish/apps/backend/materials/cards/published/professional/doctor/phrases/b1_b2.json,card.sentence.doctor.heidan.mukaansa.laakkeita.maarataan.liian.paljon.ja.he.haluaisiv.0417 || card.sentence.doctor.heidan.mukaansa.laakkeita.maarataan.liian.paljon.ja.he.haluaisiv.1501 || card.sentence.doctor.heidan.mukaansa.laakkeita.maarataan.liian.paljon.ja.he.haluaisiv.7414 || card.sentence.doctor.heidan.mukaansa.laakkeita.maarataan.liian.paljon.ja.he.haluaisiv.7419 || card.sentence.doctor.heidan.mukaansa.laakkeita.maarataan.liian.paljon.ja.he.haluaisiv.7424
sentence_card,doctor,complete the missing part of the sentence.,"ientulehdus ja siitä mahdollisesti aiheutuva hampaiden kiinnityskudossairaus parodontiitti voivat aiheuttaa koko kehoon vaikuttavan kroonisen eli sitkeän[11] matala-asteisen[48] tulehdustilan,[49] jota ymmärretään vasta osittain.[11] | vasta | vasta",5,/home/vitus/floently-finnish/apps/backend/materials/cards/published/professional/doctor/phrases/b1_b2.json,card.sentence.doctor.ientulehdus.ja.siita.mahdollisesti.aiheutuva.hampaiden.kiinnitys.0774 || card.sentence.doctor.ientulehdus.ja.siita.mahdollisesti.aiheutuva.hampaiden.kiinnitys.11418 || card.sentence.doctor.ientulehdus.ja.siita.mahdollisesti.aiheutuva.hampaiden.kiinnitys.7399 || card.sentence.doctor.ientulehdus.ja.siita.mahdollisesti.aiheutuva.hampaiden.kiinnitys.7404 || card.sentence.doctor.ientulehdus.ja.siita.mahdollisesti.aiheutuva.hampaiden.kiinnitys.7409
sentence_card,doctor,complete the missing part of the sentence.,japanin terveysministeriö näytti vihreää valoa myös uudelle sydänsairauksien hoitomenetelmälle. | hoitomenetelmälle | hoitomenetelmälle,5,/home/vitus/floently-finnish/apps/backend/materials/cards/published/professional/doctor/phrases/b1_b2.json,card.sentence.doctor.japanin.terveysministerio.naytti.vihreaa.valoa.myos.uudelle.syda.7740 || card.sentence.doctor.japanin.terveysministerio.naytti.vihreaa.valoa.myos.uudelle.syda.7745 || card.sentence.doctor.japanin.terveysministerio.naytti.vihreaa.valoa.myos.uudelle.syda.7750 || card.sentence.doctor.japanin.terveysministerio.naytti.vihreaa.valoa.myos.uudelle.syda.7763 || card.sentence.doctor.japanin.terveysministerio.naytti.vihreaa.valoa.myos.uudelle.syda.8879
sentence_card,doctor,complete the missing part of the sentence.,"järjestelmien ihmisenkaltaisuuden on havaittu parantavan käyttökokemusta, sanotaan yhdysvaltain kansallisen lääketieteellisen kirjaston sivuilla olevassa tutkimuksessa. | tutkimuksessa | tutkimuksessa",5,/home/vitus/floently-finnish/apps/backend/materials/cards/published/professional/doctor/phrases/b1_b2.json,card.sentence.doctor.jarjestelmien.ihmisenkaltaisuuden.on.havaittu.parantavan.kayttok.6997 || card.sentence.doctor.jarjestelmien.ihmisenkaltaisuuden.on.havaittu.parantavan.kayttok.7002 || card.sentence.doctor.jarjestelmien.ihmisenkaltaisuuden.on.havaittu.parantavan.kayttok.7007 || card.sentence.doctor.jarjestelmien.ihmisenkaltaisuuden.on.havaittu.parantavan.kayttok.7015 || card.sentence.doctor.jarjestelmien.ihmisenkaltaisuuden.on.havaittu.parantavan.kayttok.9841
sentence_card,doctor,complete the missing part of the sentence.,"jatkuvan matala-asteisen eli niin sanotun ”hiljaisen” tulehduksen arvioidaan olevan melkein kaikkien länsimaiden kroonisten tautien osatekijä (muun muassa syöpä, diabetes, lihavuus, alzheimerin tauti, sepelvaltimotauti ja aivoinfarktit)[27] | sepelvaltimotauti | sepelvaltimotauti",5,/home/vitus/floently-finnish/apps/backend/materials/cards/published/professional/doctor/phrases/b1_b2.json,card.sentence.doctor.jatkuvan.matala.asteisen.eli.niin.sanotun.hiljaisen.tulehduksen..1166 || card.sentence.doctor.jatkuvan.matala.asteisen.eli.niin.sanotun.hiljaisen.tulehduksen..4674 || card.sentence.doctor.jatkuvan.matala.asteisen.eli.niin.sanotun.hiljaisen.tulehduksen..4679 || card.sentence.doctor.jatkuvan.matala.asteisen.eli.niin.sanotun.hiljaisen.tulehduksen..4684 || card.sentence.doctor.jatkuvan.matala.asteisen.eli.niin.sanotun.hiljaisen.tulehduksen..9345
sentence_card,doctor,complete the missing part of the sentence.,– jo hoidon aloitusvaiheessa pitäisi punnita mahdollisia haittoja ja hyötyjä ja keskustella näistä asioista. | asioista | asioista,5,/home/vitus/floently-finnish/apps/backend/materials/cards/published/professional/doctor/phrases/b1_b2.json,card.sentence.doctor.jo.hoidon.aloitusvaiheessa.pitaisi.punnita.mahdollisia.haittoja..1174 || card.sentence.doctor.jo.hoidon.aloitusvaiheessa.pitaisi.punnita.mahdollisia.haittoja..4906 || card.sentence.doctor.jo.hoidon.aloitusvaiheessa.pitaisi.punnita.mahdollisia.haittoja..5687 || card.sentence.doctor.jo.hoidon.aloitusvaiheessa.pitaisi.punnita.mahdollisia.haittoja..5692 || card.sentence.doctor.jo.hoidon.aloitusvaiheessa.pitaisi.punnita.mahdollisia.haittoja..5697
sentence_card,doctor,complete the missing part of the sentence.,"jos lääkäri käyttää näyttöön perustumatonta hoitoa, jolla ei ole vakiintuneen lääketieteellisen hoidon asemaa, kyseessä on kokeellinen hoito | hoito | hoito",5,/home/vitus/floently-finnish/apps/backend/materials/cards/published/professional/doctor/phrases/b1_b2.json,card.sentence.doctor.jos.laakari.kayttaa.nayttoon.perustumatonta.hoitoa.jolla.ei.ole..10853 || card.sentence.doctor.jos.laakari.kayttaa.nayttoon.perustumatonta.hoitoa.jolla.ei.ole..11059 || card.sentence.doctor.jos.laakari.kayttaa.nayttoon.perustumatonta.hoitoa.jolla.ei.ole..6591 || card.sentence.doctor.jos.laakari.kayttaa.nayttoon.perustumatonta.hoitoa.jolla.ei.ole..8015 || card.sentence.doctor.jos.laakari.kayttaa.nayttoon.perustumatonta.hoitoa.jolla.ei.ole..8028
sentence_card,doctor,complete the missing part of the sentence.,"jotta tutkimukseen saataisiin vertailukelpoinen verrokkiryhmä, pitäisi siihen kuuluvillekin tehdä jonkinlainen ""lumeleikkaus"" | jonkinlainen | jonkinlainen",5,/home/vitus/floently-finnish/apps/backend/materials/cards/published/professional/doctor/phrases/b1_b2.json,card.sentence.doctor.jotta.tutkimukseen.saataisiin.vertailukelpoinen.verrokkiryhma.pi.1879 || card.sentence.doctor.jotta.tutkimukseen.saataisiin.vertailukelpoinen.verrokkiryhma.pi.5442 || card.sentence.doctor.jotta.tutkimukseen.saataisiin.vertailukelpoinen.verrokkiryhma.pi.5447 || card.sentence.doctor.jotta.tutkimukseen.saataisiin.vertailukelpoinen.verrokkiryhma.pi.5452 || card.sentence.doctor.jotta.tutkimukseen.saataisiin.vertailukelpoinen.verrokkiryhma.pi.6416
sentence_card,doctor,complete the missing part of the sentence.,"julkinen keskustelu, mielipiteet, kulttuuriset normit ja taloudelliset intressit vaikuttavat siihen, mitä kulloinkin pidetään sairautena | sairautena | sairautena",5,/home/vitus/floently-finnish/apps/backend/materials/cards/published/professional/doctor/phrases/b1_b2.json,card.sentence.doctor.julkinen.keskustelu.mielipiteet.kulttuuriset.normit.ja.taloudell.0958 || card.sentence.doctor.julkinen.keskustelu.mielipiteet.kulttuuriset.normit.ja.taloudell.5386 || card.sentence.doctor.julkinen.keskustelu.mielipiteet.kulttuuriset.normit.ja.taloudell.5397 || card.sentence.doctor.julkinen.keskustelu.mielipiteet.kulttuuriset.normit.ja.taloudell.5405 || card.sentence.doctor.julkinen.keskustelu.mielipiteet.kulttuuriset.normit.ja.taloudell.5410
sentence_card,doctor,complete the missing part of the sentence.,"kelan tilastot vahvistavat, että yksityiset lääkärit kirjoittavat yli 60 prosenttia uusien lihavuuslääkkeiden resepteistä | resepteistä | resepteistä",5,/home/vitus/floently-finnish/apps/backend/materials/cards/published/professional/doctor/phrases/b1_b2.json,card.sentence.doctor.kelan.tilastot.vahvistavat.etta.yksityiset.laakarit.kirjoittavat.0122 || card.sentence.doctor.kelan.tilastot.vahvistavat.etta.yksityiset.laakarit.kirjoittavat.2114 || card.sentence.doctor.kelan.tilastot.vahvistavat.etta.yksityiset.laakarit.kirjoittavat.2421 || card.sentence.doctor.kelan.tilastot.vahvistavat.etta.yksityiset.laakarit.kirjoittavat.3567 || card.sentence.doctor.kelan.tilastot.vahvistavat.etta.yksityiset.laakarit.kirjoittavat.3575
sentence_card,doctor,complete the missing part of the sentence.,kirurgisen hoidon haittavaikutukset[23] voidaan yleisesti jakaa välittömiin ja viivästyneisiin komplikaatioihin.[24] välittömät haittavaikutukset ilmenevät jo toimenpiteen aikana tai välittömästi sen jälkeen | jälkeen | jälkeen,5,/home/vitus/floently-finnish/apps/backend/materials/cards/published/professional/doctor/phrases/b1_b2.json,card.sentence.doctor.kirurgisen.hoidon.haittavaikutukset.23.voidaan.yleisesti.jakaa.v.0986 || card.sentence.doctor.kirurgisen.hoidon.haittavaikutukset.23.voidaan.yleisesti.jakaa.v.1912 || card.sentence.doctor.kirurgisen.hoidon.haittavaikutukset.23.voidaan.yleisesti.jakaa.v.3751 || card.sentence.doctor.kirurgisen.hoidon.haittavaikutukset.23.voidaan.yleisesti.jakaa.v.7904 || card.sentence.doctor.kirurgisen.hoidon.haittavaikutukset.23.voidaan.yleisesti.jakaa.v.7909
sentence_card,doctor,complete the missing part of the sentence.,"koronapandemian vaikutus kokonaiskuolleisuuteen oli suomessa pandemia-aikana vähäinen, kertoo terveyden ja hyvinvoinnin laitos. | laitos | laitos",5,/home/vitus/floently-finnish/apps/backend/materials/cards/published/professional/doctor/phrases/b1_b2.json,card.sentence.doctor.koronapandemian.vaikutus.kokonaiskuolleisuuteen.oli.suomessa.pan.0462 || card.sentence.doctor.koronapandemian.vaikutus.kokonaiskuolleisuuteen.oli.suomessa.pan.1138 || card.sentence.doctor.koronapandemian.vaikutus.kokonaiskuolleisuuteen.oli.suomessa.pan.6573 || card.sentence.doctor.koronapandemian.vaikutus.kokonaiskuolleisuuteen.oli.suomessa.pan.6578 || card.sentence.doctor.koronapandemian.vaikutus.kokonaiskuolleisuuteen.oli.suomessa.pan.6583
sentence_card,doctor,complete the missing part of the sentence.,lääkäreiden asiakkaille ja potilaille lääkärimäärän kasvu voi tarkoittaa valinnanvaran lisääntymistä. | lisääntymistä | lisääntymistä,5,/home/vitus/floently-finnish/apps/backend/materials/cards/published/professional/doctor/phrases/b1_b2.json,card.sentence.doctor.laakareiden.asiakkaille.ja.potilaille.laakarimaaran.kasvu.voi.ta.0452 || card.sentence.doctor.laakareiden.asiakkaille.ja.potilaille.laakarimaaran.kasvu.voi.ta.6844 || card.sentence.doctor.laakareiden.asiakkaille.ja.potilaille.laakarimaaran.kasvu.voi.ta.6849 || card.sentence.doctor.laakareiden.asiakkaille.ja.potilaille.laakarimaaran.kasvu.voi.ta.6854 || card.sentence.doctor.laakareiden.asiakkaille.ja.potilaille.laakarimaaran.kasvu.voi.ta.6859
sentence_card,doctor,complete the missing part of the sentence.,lääkäriliitto käy ulkomailla kouluttamassa opiskelijoille käytännön työtä tukevia taitoja kuten todistusten ja lausuntojen laatimista. | laatimista | laatimista,5,/home/vitus/floently-finnish/apps/backend/materials/cards/published/professional/doctor/phrases/b1_b2.json,card.sentence.doctor.laakariliitto.kay.ulkomailla.kouluttamassa.opiskelijoille.kaytan.3464 || card.sentence.doctor.laakariliitto.kay.ulkomailla.kouluttamassa.opiskelijoille.kaytan.3474 || card.sentence.doctor.laakariliitto.kay.ulkomailla.kouluttamassa.opiskelijoille.kaytan.3479 || card.sentence.doctor.laakariliitto.kay.ulkomailla.kouluttamassa.opiskelijoille.kaytan.3484 || card.sentence.doctor.laakariliitto.kay.ulkomailla.kouluttamassa.opiskelijoille.kaytan.5839
sentence_card,doctor,complete the missing part of the sentence.,"lisäksi esimerkiksi keuhkojen tuntohermot ovat sen laatuisia, että ne lähettävät kipusignaaleja vain pienellä osalla potilaita.[30] matala-asteinen tulehdus ei aiheuta myöskään kipua.[27] | myöskään | myöskään",5,/home/vitus/floently-finnish/apps/backend/materials/cards/published/professional/doctor/phrases/b1_b2.json,card.sentence.doctor.lisaksi.esimerkiksi.keuhkojen.tuntohermot.ovat.sen.laatuisia.ett.10572 || card.sentence.doctor.lisaksi.esimerkiksi.keuhkojen.tuntohermot.ovat.sen.laatuisia.ett.10959 || card.sentence.doctor.lisaksi.esimerkiksi.keuhkojen.tuntohermot.ovat.sen.laatuisia.ett.11385 || card.sentence.doctor.lisaksi.esimerkiksi.keuhkojen.tuntohermot.ovat.sen.laatuisia.ett.6839 || card.sentence.doctor.lisaksi.esimerkiksi.keuhkojen.tuntohermot.ovat.sen.laatuisia.ett.8210
sentence_card,doctor,complete the missing part of the sentence.,"mody-oireyhtymät ovat määritelmältään ryhmä lievää tai vakavaa hyperglykemiaa aiheuttavia, yksigeenisiä ja dominantisti periytyviä sairauksia, jotka alkavat alle 30-vuotiaana | alle | alle",5,/home/vitus/floently-finnish/apps/backend/materials/cards/published/professional/doctor/phrases/b1_b2.json,card.sentence.doctor.mody.oireyhtymat.ovat.maaritelmaltaan.ryhma.lievaa.tai.vakavaa.h.1095 || card.sentence.doctor.mody.oireyhtymat.ovat.maaritelmaltaan.ryhma.lievaa.tai.vakavaa.h.10982 || card.sentence.doctor.mody.oireyhtymat.ovat.maaritelmaltaan.ryhma.lievaa.tai.vakavaa.h.1409 || card.sentence.doctor.mody.oireyhtymat.ovat.maaritelmaltaan.ryhma.lievaa.tai.vakavaa.h.7447 || card.sentence.doctor.mody.oireyhtymat.ovat.maaritelmaltaan.ryhma.lievaa.tai.vakavaa.h.9517
sentence_card,doctor,complete the missing part of the sentence.,muutamassa toteutetussa tutkimuksissa on löydetty viitteitä kirurgisiinkin operaatioihin liittyvästä plasebovaikutuksesta | plasebovaikutuksesta | plasebovaikutuksesta,5,/home/vitus/floently-finnish/apps/backend/materials/cards/published/professional/doctor/phrases/b1_b2.json,card.sentence.doctor.muutamassa.toteutetussa.tutkimuksissa.on.loydetty.viitteita.kiru.4082 || card.sentence.doctor.muutamassa.toteutetussa.tutkimuksissa.on.loydetty.viitteita.kiru.5342 || card.sentence.doctor.muutamassa.toteutetussa.tutkimuksissa.on.loydetty.viitteita.kiru.5347 || card.sentence.doctor.muutamassa.toteutetussa.tutkimuksissa.on.loydetty.viitteita.kiru.5352 || card.sentence.doctor.muutamassa.toteutetussa.tutkimuksissa.on.loydetty.viitteita.kiru.7888
sentence_card,doctor,complete the missing part of the sentence.,"myös maineikas lääkäri hippokrates kannatti humoraalioppia, jota pidettiin lääketieteellisenä totuutena kahdentuhannen vuoden ajan[5]. | vuoden | vuoden",5,/home/vitus/floently-finnish/apps/backend/materials/cards/published/professional/doctor/phrases/b1_b2.json,card.sentence.doctor.myos.maineikas.laakari.hippokrates.kannatti.humoraalioppia.jota..2623 || card.sentence.doctor.myos.maineikas.laakari.hippokrates.kannatti.humoraalioppia.jota..8690 || card.sentence.doctor.myos.maineikas.laakari.hippokrates.kannatti.humoraalioppia.jota..8698 || card.sentence.doctor.myos.maineikas.laakari.hippokrates.kannatti.humoraalioppia.jota..8703 || card.sentence.doctor.myos.maineikas.laakari.hippokrates.kannatti.humoraalioppia.jota..8708
sentence_card,doctor,complete the missing part of the sentence.,niiden mukaan hänet oli päätetty viedä hoitolaitokseen arviointijaksolle ”vaikka vastentahtoisesti”. | arviointijaksolle | arviointijaksolle,5,/home/vitus/floently-finnish/apps/backend/materials/cards/published/professional/doctor/phrases/b1_b2.json,card.sentence.doctor.niiden.mukaan.hanet.oli.paatetty.vieda.hoitolaitokseen.arviointi.0833 || card.sentence.doctor.niiden.mukaan.hanet.oli.paatetty.vieda.hoitolaitokseen.arviointi.4852 || card.sentence.doctor.niiden.mukaan.hanet.oli.paatetty.vieda.hoitolaitokseen.arviointi.5672 || card.sentence.doctor.niiden.mukaan.hanet.oli.paatetty.vieda.hoitolaitokseen.arviointi.5677 || card.sentence.doctor.niiden.mukaan.hanet.oli.paatetty.vieda.hoitolaitokseen.arviointi.5682
sentence_card,doctor,complete the missing part of the sentence.,nosos) on oireita aiheuttava haitallinen poikkeama elimistön normaalista toiminnasta[1]. | normaalista | normaalista,5,/home/vitus/floently-finnish/apps/backend/materials/cards/published/professional/doctor/phrases/b1_b2.json,card.sentence.doctor.nosos.on.oireita.aiheuttava.haitallinen.poikkeama.elimiston.norm.0948 || card.sentence.doctor.nosos.on.oireita.aiheuttava.haitallinen.poikkeama.elimiston.norm.6971 || card.sentence.doctor.nosos.on.oireita.aiheuttava.haitallinen.poikkeama.elimiston.norm.6976 || card.sentence.doctor.nosos.on.oireita.aiheuttava.haitallinen.poikkeama.elimiston.norm.6984 || card.sentence.doctor.nosos.on.oireita.aiheuttava.haitallinen.poikkeama.elimiston.norm.7991
sentence_card,doctor,complete the missing part of the sentence.,"– oireina ovat erittäin kova päänsärky, korkea kuume, jatkuva niistäminen ja kova yskä, jossa lima ei kunnolla irtoa | irtoa | irtoa",5,/home/vitus/floently-finnish/apps/backend/materials/cards/published/professional/doctor/phrases/b1_b2.json,card.sentence.doctor.oireina.ovat.erittain.kova.paansarky.korkea.kuume.jatkuva.niista.0879 || card.sentence.doctor.oireina.ovat.erittain.kova.paansarky.korkea.kuume.jatkuva.niista.1465 || card.sentence.doctor.oireina.ovat.erittain.kova.paansarky.korkea.kuume.jatkuva.niista.1797 || card.sentence.doctor.oireina.ovat.erittain.kova.paansarky.korkea.kuume.jatkuva.niista.5316 || card.sentence.doctor.oireina.ovat.erittain.kova.paansarky.korkea.kuume.jatkuva.niista.5326
sentence_card,doctor,complete the missing part of the sentence.,"osalla ihmisistä on sellaiset geenit, että jokin tartuntatautina alkanut tulehdus aiheuttaa heillä tavallista helpommin kivuliaita nivelsairauksia | nivelsairauksia | nivelsairauksia",5,/home/vitus/floently-finnish/apps/backend/materials/cards/published/professional/doctor/phrases/b1_b2.json,card.sentence.doctor.osalla.ihmisista.on.sellaiset.geenit.etta.jokin.tartuntatautina..10727 || card.sentence.doctor.osalla.ihmisista.on.sellaiset.geenit.etta.jokin.tartuntatautina..1868 || card.sentence.doctor.osalla.ihmisista.on.sellaiset.geenit.etta.jokin.tartuntatautina..4560 || card.sentence.doctor.osalla.ihmisista.on.sellaiset.geenit.etta.jokin.tartuntatautina..5818 || card.sentence.doctor.osalla.ihmisista.on.sellaiset.geenit.etta.jokin.tartuntatautina..9783
sentence_card,doctor,complete the missing part of the sentence.,"patogeenit eli taudinaiheuttajat tunkeutuvat elimistöön usein hengitysteiden, suoliston, sukuelinten tai avointen haavojen kautta | kautta | kautta",5,/home/vitus/floently-finnish/apps/backend/materials/cards/published/professional/doctor/phrases/b1_b2.json,card.sentence.doctor.patogeenit.eli.taudinaiheuttajat.tunkeutuvat.elimistoon.usein.he.1195 || card.sentence.doctor.patogeenit.eli.taudinaiheuttajat.tunkeutuvat.elimistoon.usein.he.2318 || card.sentence.doctor.patogeenit.eli.taudinaiheuttajat.tunkeutuvat.elimistoon.usein.he.2323 || card.sentence.doctor.patogeenit.eli.taudinaiheuttajat.tunkeutuvat.elimistoon.usein.he.2608 || card.sentence.doctor.patogeenit.eli.taudinaiheuttajat.tunkeutuvat.elimistoon.usein.he.6119
sentence_card,doctor,complete the missing part of the sentence.,"riski lisääntyy niin paljon, että yli 95 % selkärankareumaa sairastavista ja noin 80 % reaktiivista niveltulehdusta sairastavista kantaa hla-b27 kudosantigeenia | kudosantigeenia | kudosantigeenia",5,/home/vitus/floently-finnish/apps/backend/materials/cards/published/professional/doctor/phrases/b1_b2.json,card.sentence.doctor.riski.lisaantyy.niin.paljon.etta.yli.95.selkarankareumaa.sairast.0930 || card.sentence.doctor.riski.lisaantyy.niin.paljon.etta.yli.95.selkarankareumaa.sairast.4211 || card.sentence.doctor.riski.lisaantyy.niin.paljon.etta.yli.95.selkarankareumaa.sairast.4216 || card.sentence.doctor.riski.lisaantyy.niin.paljon.etta.yli.95.selkarankareumaa.sairast.4224 || card.sentence.doctor.riski.lisaantyy.niin.paljon.etta.yli.95.selkarankareumaa.sairast.6702
sentence_card,doctor,complete the missing part of the sentence.,"sairauksia, niiden hoitoa ja ehkäisyä laajana kokonaisuutena tutkii lääketiede, joka koostuu useista lääketieteen erikoisaloista. | erikoisaloista | erikoisaloista",5,/home/vitus/floently-finnish/apps/backend/materials/cards/published/professional/doctor/phrases/b1_b2.json,card.sentence.doctor.sairauksia.niiden.hoitoa.ja.ehkaisya.laajana.kokonaisuutena.tutk.1362 || card.sentence.doctor.sairauksia.niiden.hoitoa.ja.ehkaisya.laajana.kokonaisuutena.tutk.3974 || card.sentence.doctor.sairauksia.niiden.hoitoa.ja.ehkaisya.laajana.kokonaisuutena.tutk.6065 || card.sentence.doctor.sairauksia.niiden.hoitoa.ja.ehkaisya.laajana.kokonaisuutena.tutk.6070 || card.sentence.doctor.sairauksia.niiden.hoitoa.ja.ehkaisya.laajana.kokonaisuutena.tutk.9465
sentence_card,doctor,complete the missing part of the sentence.,sanaa ”mellitus” käytti ensi kerran vuonna 1798 sanan ”diabetes” jälkiliitteenä englantilainen kirurgi john rollo.[23] | john | john,5,/home/vitus/floently-finnish/apps/backend/materials/cards/published/professional/doctor/phrases/b1_b2.json,card.sentence.doctor.sanaa.mellitus.kaytti.ensi.kerran.vuonna.1798.sanan.diabetes.jal.0432 || card.sentence.doctor.sanaa.mellitus.kaytti.ensi.kerran.vuonna.1798.sanan.diabetes.jal.0556 || card.sentence.doctor.sanaa.mellitus.kaytti.ensi.kerran.vuonna.1798.sanan.diabetes.jal.1833 || card.sentence.doctor.sanaa.mellitus.kaytti.ensi.kerran.vuonna.1798.sanan.diabetes.jal.2559 || card.sentence.doctor.sanaa.mellitus.kaytti.ensi.kerran.vuonna.1798.sanan.diabetes.jal.7458
sentence_card,doctor,complete the missing part of the sentence.,siihen voi liittyä myös oireena verenpurkaumia ja se voi pahimmillaan johtaa vaikkapa varpaiden tai sormien kuolioon | kuolioon | kuolioon,5,/home/vitus/floently-finnish/apps/backend/materials/cards/published/professional/doctor/phrases/b1_b2.json,card.sentence.doctor.siihen.voi.liittya.myos.oireena.verenpurkaumia.ja.se.voi.pahimmi.10778 || card.sentence.doctor.siihen.voi.liittya.myos.oireena.verenpurkaumia.ja.se.voi.pahimmi.2983 || card.sentence.doctor.siihen.voi.liittya.myos.oireena.verenpurkaumia.ja.se.voi.pahimmi.2988 || card.sentence.doctor.siihen.voi.liittya.myos.oireena.verenpurkaumia.ja.se.voi.pahimmi.2996 || card.sentence.doctor.siihen.voi.liittya.myos.oireena.verenpurkaumia.ja.se.voi.pahimmi.3001
sentence_card,doctor,complete the missing part of the sentence.,"silloin sitä varten annetut hoitotoimenpiteet ja lääkkeet eivät välttämättä poista oireiden aiheuttajaa, ja vakavampia mahdollisesti hengenvaarallisiakin seurauksia voi tulla. | tulla | tulla",5,/home/vitus/floently-finnish/apps/backend/materials/cards/published/professional/doctor/phrases/b1_b2.json,card.sentence.doctor.silloin.sita.varten.annetut.hoitotoimenpiteet.ja.laakkeet.eivat..1014 || card.sentence.doctor.silloin.sita.varten.annetut.hoitotoimenpiteet.ja.laakkeet.eivat..2181 || card.sentence.doctor.silloin.sita.varten.annetut.hoitotoimenpiteet.ja.laakkeet.eivat..2189 || card.sentence.doctor.silloin.sita.varten.annetut.hoitotoimenpiteet.ja.laakkeet.eivat..4319 || card.sentence.doctor.silloin.sita.varten.annetut.hoitotoimenpiteet.ja.laakkeet.eivat..5960
sentence_card,doctor,complete the missing part of the sentence.,suomea vaivannut lääkäripula onkin kääntymässä lääkärien runsauteen | runsauteen | runsauteen,5,/home/vitus/floently-finnish/apps/backend/materials/cards/published/professional/doctor/phrases/b1_b2.json,card.sentence.doctor.suomea.vaivannut.laakaripula.onkin.kaantymassa.laakarien.runsaut.0008 || card.sentence.doctor.suomea.vaivannut.laakaripula.onkin.kaantymassa.laakarien.runsaut.1326 || card.sentence.doctor.suomea.vaivannut.laakaripula.onkin.kaantymassa.laakarien.runsaut.4194 || card.sentence.doctor.suomea.vaivannut.laakaripula.onkin.kaantymassa.laakarien.runsaut.4808 || card.sentence.doctor.suomea.vaivannut.laakaripula.onkin.kaantymassa.laakarien.runsaut.8730
sentence_card,doctor,complete the missing part of the sentence.,suomen viidessä lääketieteellisessä tiedekunnassa koulutetaan sen verran lääkäreitä kuin täällä arvioidaan tulevaisuudessa tarvittavan | tarvittavan | tarvittavan,5,/home/vitus/floently-finnish/apps/backend/materials/cards/published/professional/doctor/phrases/b1_b2.json,card.sentence.doctor.suomen.viidessa.laaketieteellisessa.tiedekunnassa.koulutetaan.se.0217 || card.sentence.doctor.suomen.viidessa.laaketieteellisessa.tiedekunnassa.koulutetaan.se.6628 || card.sentence.doctor.suomen.viidessa.laaketieteellisessa.tiedekunnassa.koulutetaan.se.6636 || card.sentence.doctor.suomen.viidessa.laaketieteellisessa.tiedekunnassa.koulutetaan.se.9470 || card.sentence.doctor.suomen.viidessa.laaketieteellisessa.tiedekunnassa.koulutetaan.se.9626
sentence_card,doctor,complete the missing part of the sentence.,suurin osa käyttäjistä maksaa mikan tavoin lihavuuslääkkeet kokonaan omasta pussistaan | pussistaan | pussistaan,5,/home/vitus/floently-finnish/apps/backend/materials/cards/published/professional/doctor/phrases/b1_b2.json,card.sentence.doctor.suurin.osa.kayttajista.maksaa.mikan.tavoin.lihavuuslaakkeet.koko.1271 || card.sentence.doctor.suurin.osa.kayttajista.maksaa.mikan.tavoin.lihavuuslaakkeet.koko.2501 || card.sentence.doctor.suurin.osa.kayttajista.maksaa.mikan.tavoin.lihavuuslaakkeet.koko.2506 || card.sentence.doctor.suurin.osa.kayttajista.maksaa.mikan.tavoin.lihavuuslaakkeet.koko.2511 || card.sentence.doctor.suurin.osa.kayttajista.maksaa.mikan.tavoin.lihavuuslaakkeet.koko.9849
sentence_card,doctor,complete the missing part of the sentence.,suusta lähtöisin olevan tulehduksen aiheuttama paine ja luukalvon venytys saattavat aiheuttaa kovaa kipua[31] | kovaa | kovaa,5,/home/vitus/floently-finnish/apps/backend/materials/cards/published/professional/doctor/phrases/b1_b2.json,card.sentence.doctor.suusta.lahtoisin.olevan.tulehduksen.aiheuttama.paine.ja.luukalvo.0023 || card.sentence.doctor.suusta.lahtoisin.olevan.tulehduksen.aiheuttama.paine.ja.luukalvo.0495 || card.sentence.doctor.suusta.lahtoisin.olevan.tulehduksen.aiheuttama.paine.ja.luukalvo.3616 || card.sentence.doctor.suusta.lahtoisin.olevan.tulehduksen.aiheuttama.paine.ja.luukalvo.3621 || card.sentence.doctor.suusta.lahtoisin.olevan.tulehduksen.aiheuttama.paine.ja.luukalvo.9395
sentence_card,doctor,complete the missing part of the sentence.,takapenkillä istuvalle pojalle tuli muun muassa aivojen ruhjevamma ja rintarangan murtuma. | murtuma | murtuma,5,/home/vitus/floently-finnish/apps/backend/materials/cards/published/professional/doctor/phrases/b1_b2.json,card.sentence.doctor.takapenkilla.istuvalle.pojalle.tuli.muun.muassa.aivojen.ruhjevam.1589 || card.sentence.doctor.takapenkilla.istuvalle.pojalle.tuli.muun.muassa.aivojen.ruhjevam.4186 || card.sentence.doctor.takapenkilla.istuvalle.pojalle.tuli.muun.muassa.aivojen.ruhjevam.8967 || card.sentence.doctor.takapenkilla.istuvalle.pojalle.tuli.muun.muassa.aivojen.ruhjevam.8972 || card.sentence.doctor.takapenkilla.istuvalle.pojalle.tuli.muun.muassa.aivojen.ruhjevam.8977
sentence_card,doctor,complete the missing part of the sentence.,"terveysuhista vastaavan viraston rokoteosaston varajohtaja kertoo, että meningokokin aiheuttamat aivokalvontulehdukset ovat hyvin harvinaisia britanniassa. | britanniassa | britanniassa",5,/home/vitus/floently-finnish/apps/backend/materials/cards/published/professional/doctor/phrases/b1_b2.json,card.sentence.doctor.terveysuhista.vastaavan.viraston.rokoteosaston.varajohtaja.kerto.1301 || card.sentence.doctor.terveysuhista.vastaavan.viraston.rokoteosaston.varajohtaja.kerto.2631 || card.sentence.doctor.terveysuhista.vastaavan.viraston.rokoteosaston.varajohtaja.kerto.2636 || card.sentence.doctor.terveysuhista.vastaavan.viraston.rokoteosaston.varajohtaja.kerto.2641 || card.sentence.doctor.terveysuhista.vastaavan.viraston.rokoteosaston.varajohtaja.kerto.3342
sentence_card,doctor,complete the missing part of the sentence.,tulehdus voi johtua lisäksi allergeeneista tai elimistölle vahingollisista aineista | aineista | aineista,5,/home/vitus/floently-finnish/apps/backend/materials/cards/published/professional/doctor/phrases/b1_b2.json,card.sentence.doctor.tulehdus.voi.johtua.lisaksi.allergeeneista.tai.elimistolle.vahin.0132 || card.sentence.doctor.tulehdus.voi.johtua.lisaksi.allergeeneista.tai.elimistolle.vahin.0315 || card.sentence.doctor.tulehdus.voi.johtua.lisaksi.allergeeneista.tai.elimistolle.vahin.2526 || card.sentence.doctor.tulehdus.voi.johtua.lisaksi.allergeeneista.tai.elimistolle.vahin.2531 || card.sentence.doctor.tulehdus.voi.johtua.lisaksi.allergeeneista.tai.elimistolle.vahin.2536
sentence_card,doctor,complete the missing part of the sentence.,"turun yliopiston lastenpsykiatrian tutkimuskeskuksen ja columbian yliopiston tutkimuksessa huomattiin myös, että vastasyntyneillä ssri-altistukseen liittyi lisääntynyt riski mataliin 1 ja 5 minuutin apgar-pisteisiin, hengitysvaikeuksiin sekä hoidon tarpeeseen vastasyntyneiden valvonta- tai teho-osastolla. | vastasyntyneiden | vastasyntyneiden",5,/home/vitus/floently-finnish/apps/backend/materials/cards/published/professional/doctor/phrases/b1_b2.json,card.sentence.doctor.turun.yliopiston.lastenpsykiatrian.tutkimuskeskuksen.ja.columbia.8476 || card.sentence.doctor.turun.yliopiston.lastenpsykiatrian.tutkimuskeskuksen.ja.columbia.8489 || card.sentence.doctor.turun.yliopiston.lastenpsykiatrian.tutkimuskeskuksen.ja.columbia.8494 || card.sentence.doctor.turun.yliopiston.lastenpsykiatrian.tutkimuskeskuksen.ja.columbia.8499 || card.sentence.doctor.turun.yliopiston.lastenpsykiatrian.tutkimuskeskuksen.ja.columbia.8504
sentence_card,doctor,complete the missing part of the sentence.,tutkimuksen näyttö varoittaa lihavuuslääkkeiden lyhytaikaisesta käytöstä ilman kokonaisvaltaisempaa lähestymistapaa painonhallintaan. | painonhallintaan | painonhallintaan,5,/home/vitus/floently-finnish/apps/backend/materials/cards/published/professional/doctor/phrases/b1_b2.json,card.sentence.doctor.tutkimuksen.naytto.varoittaa.lihavuuslaakkeiden.lyhytaikaisesta..0874 || card.sentence.doctor.tutkimuksen.naytto.varoittaa.lihavuuslaakkeiden.lyhytaikaisesta..7237 || card.sentence.doctor.tutkimuksen.naytto.varoittaa.lihavuuslaakkeiden.lyhytaikaisesta..7242 || card.sentence.doctor.tutkimuksen.naytto.varoittaa.lihavuuslaakkeiden.lyhytaikaisesta..7247 || card.sentence.doctor.tutkimuksen.naytto.varoittaa.lihavuuslaakkeiden.lyhytaikaisesta..7252
sentence_card,doctor,complete the missing part of the sentence.,"tyypin 2 diabetes on tämän moninaisuutensa takia oikeastaan joukko sairauksia, joiden aiheuttajatkin ovat moninaisia | moninaisia | moninaisia",5,/home/vitus/floently-finnish/apps/backend/materials/cards/published/professional/doctor/phrases/b1_b2.json,card.sentence.doctor.tyypin.2.diabetes.on.taman.moninaisuutensa.takia.oikeastaan.jouk.0402 || card.sentence.doctor.tyypin.2.diabetes.on.taman.moninaisuutensa.takia.oikeastaan.jouk.10869 || card.sentence.doctor.tyypin.2.diabetes.on.taman.moninaisuutensa.takia.oikeastaan.jouk.1128 || card.sentence.doctor.tyypin.2.diabetes.on.taman.moninaisuutensa.takia.oikeastaan.jouk.1605 || card.sentence.doctor.tyypin.2.diabetes.on.taman.moninaisuutensa.takia.oikeastaan.jouk.6114
sentence_card,doctor,complete the missing part of the sentence.,"vaikea silmäsairaus naion hyvin harvinainen haittavaikutus, jota voi esiintyä yhdellä ihmisellä kymmenestä tuhannesta. | tuhannesta | tuhannesta",5,/home/vitus/floently-finnish/apps/backend/materials/cards/published/professional/doctor/phrases/b1_b2.json,card.sentence.doctor.vaikea.silmasairaus.naion.hyvin.harvinainen.haittavaikutus.jota..0457 || card.sentence.doctor.vaikea.silmasairaus.naion.hyvin.harvinainen.haittavaikutus.jota..0601 || card.sentence.doctor.vaikea.silmasairaus.naion.hyvin.harvinainen.haittavaikutus.jota..0823 || card.sentence.doctor.vaikea.silmasairaus.naion.hyvin.harvinainen.haittavaikutus.jota..2618 || card.sentence.doctor.vaikea.silmasairaus.naion.hyvin.harvinainen.haittavaikutus.jota..5371
sentence_card,doctor,complete the missing part of the sentence.,"vertailun vuoksi, 20 minuutin lääkärikäyntinsä täysin itse maksavasta potilaasta yleislääkärin palkkio on terveystalon suuntaa-antavan hinnaston mukaan 64–186 euroa | euroa | euroa",5,/home/vitus/floently-finnish/apps/backend/materials/cards/published/professional/doctor/phrases/b1_b2.json,card.sentence.doctor.vertailun.vuoksi.20.minuutin.laakarikayntinsa.taysin.itse.maksav.1100 || card.sentence.doctor.vertailun.vuoksi.20.minuutin.laakarikayntinsa.taysin.itse.maksav.2012 || card.sentence.doctor.vertailun.vuoksi.20.minuutin.laakarikayntinsa.taysin.itse.maksav.6421 || card.sentence.doctor.vertailun.vuoksi.20.minuutin.laakarikayntinsa.taysin.itse.maksav.6426 || card.sentence.doctor.vertailun.vuoksi.20.minuutin.laakarikayntinsa.taysin.itse.maksav.6434
sentence_card,doctor,complete the missing part of the sentence.,"viivästyneitä haittavaikutuksia ovat muun muassa verenpurkaumat, laskimotukokset, imunestekertymä, infektio tai vaivan, esimerkiksi tyrän, uusiutuminen.[24] | tyrän | tyrän",5,/home/vitus/floently-finnish/apps/backend/materials/cards/published/professional/doctor/phrases/b1_b2.json,card.sentence.doctor.viivastyneita.haittavaikutuksia.ovat.muun.muassa.verenpurkaumat..0197 || card.sentence.doctor.viivastyneita.haittavaikutuksia.ovat.muun.muassa.verenpurkaumat..4795 || card.sentence.doctor.viivastyneita.haittavaikutuksia.ovat.muun.muassa.verenpurkaumat..4803 || card.sentence.doctor.viivastyneita.haittavaikutuksia.ovat.muun.muassa.verenpurkaumat..4813 || card.sentence.doctor.viivastyneita.haittavaikutuksia.ovat.muun.muassa.verenpurkaumat..9225
sentence_card,doctor,complete the missing part of the sentence.,"vuodesta 1997 alkaen käyttöön on tullut useita syövän immuunihoitoja (myös nimellä io-hoito, immuno-onkologinen hoito ja syövän immunoterapia), joissa valjastetaan potilaan oma keho taistelemaan syöpää vastaan | vastaan | vastaan",5,/home/vitus/floently-finnish/apps/backend/materials/cards/published/professional/doctor/phrases/b1_b2.json,card.sentence.doctor.vuodesta.1997.alkaen.kayttoon.on.tullut.useita.syovan.immuunihoi.3678 || card.sentence.doctor.vuodesta.1997.alkaen.kayttoon.on.tullut.useita.syovan.immuunihoi.5758 || card.sentence.doctor.vuodesta.1997.alkaen.kayttoon.on.tullut.useita.syovan.immuunihoi.5763 || card.sentence.doctor.vuodesta.1997.alkaen.kayttoon.on.tullut.useita.syovan.immuunihoi.5768 || card.sentence.doctor.vuodesta.1997.alkaen.kayttoon.on.tullut.useita.syovan.immuunihoi.5773
sentence_card,doctor,complete the missing part of the sentence.,"yle ei julkaise naisen nimeä, koska jutussa käsitellään hänen terveystietojaan | terveystietojaan | terveystietojaan",5,/home/vitus/floently-finnish/apps/backend/materials/cards/published/professional/doctor/phrases/b1_b2.json,card.sentence.doctor.yle.ei.julkaise.naisen.nimea.koska.jutussa.kasitellaan.hanen.ter.4113 || card.sentence.doctor.yle.ei.julkaise.naisen.nimea.koska.jutussa.kasitellaan.hanen.ter.4739 || card.sentence.doctor.yle.ei.julkaise.naisen.nimea.koska.jutussa.kasitellaan.hanen.ter.4757 || card.sentence.doctor.yle.ei.julkaise.naisen.nimea.koska.jutussa.kasitellaan.hanen.ter.4870 || card.sentence.doctor.yle.ei.julkaise.naisen.nimea.koska.jutussa.kasitellaan.hanen.ter.4875
sentence_card,doctor,complete the missing part of the sentence.,"yleiskunto romahtaa päivän tai kahden aikana varsinkin, jos sairaus johtuu meningokokki- tai pneumokokki-bakteerista. | johtuu | johtuu",5,/home/vitus/floently-finnish/apps/backend/materials/cards/published/professional/doctor/phrases/b1_b2.json,card.sentence.doctor.yleiskunto.romahtaa.paivan.tai.kahden.aikana.varsinkin.jos.saira.0056 || card.sentence.doctor.yleiskunto.romahtaa.paivan.tai.kahden.aikana.varsinkin.jos.saira.1380 || card.sentence.doctor.yleiskunto.romahtaa.paivan.tai.kahden.aikana.varsinkin.jos.saira.5472 || card.sentence.doctor.yleiskunto.romahtaa.paivan.tai.kahden.aikana.varsinkin.jos.saira.6491 || card.sentence.doctor.yleiskunto.romahtaa.paivan.tai.kahden.aikana.varsinkin.jos.saira.6496
sentence_card,doctor,complete the missing part of the sentence.,ylen mot kertoi dokumentissaan lääkäri saa potkut yksityisten lääkäriasemien painostavasta ilmapiiristä. | ilmapiiristä | ilmapiiristä,5,/home/vitus/floently-finnish/apps/backend/materials/cards/published/professional/doctor/phrases/b1_b2.json,card.sentence.doctor.ylen.mot.kertoi.dokumentissaan.laakari.saa.potkut.yksityisten.la.11005 || card.sentence.doctor.ylen.mot.kertoi.dokumentissaan.laakari.saa.potkut.yksityisten.la.7571 || card.sentence.doctor.ylen.mot.kertoi.dokumentissaan.laakari.saa.potkut.yksityisten.la.7576 || card.sentence.doctor.ylen.mot.kertoi.dokumentissaan.laakari.saa.potkut.yksityisten.la.7581 || card.sentence.doctor.ylen.mot.kertoi.dokumentissaan.laakari.saa.potkut.yksityisten.la.7586
sentence_card,doctor,complete the missing part of the sentence.,ylen tietojen mukaan lääkärille jää valinnanvapauskokeilusta käteen näitäkin alhaisempi tai korkeintaan lähes yhtä alhainen palkkio. | palkkio | palkkio,5,/home/vitus/floently-finnish/apps/backend/materials/cards/published/professional/doctor/phrases/b1_b2.json,card.sentence.doctor.ylen.tietojen.mukaan.laakarille.jaa.valinnanvapauskokeilusta.kat.2132 || card.sentence.doctor.ylen.tietojen.mukaan.laakarille.jaa.valinnanvapauskokeilusta.kat.8570 || card.sentence.doctor.ylen.tietojen.mukaan.laakarille.jaa.valinnanvapauskokeilusta.kat.8575 || card.sentence.doctor.ylen.tietojen.mukaan.laakarille.jaa.valinnanvapauskokeilusta.kat.8580 || card.sentence.doctor.ylen.tietojen.mukaan.laakarille.jaa.valinnanvapauskokeilusta.kat.9498
vocabulary_card,doctor,diabetes,diabetes,5,/home/vitus/floently-finnish/apps/backend/materials/cards/published/kielitaika_normalized_cards.json || /home/vitus/floently-finnish/apps/backend/materials/cards/published/professional/doctor/words/b1_b2.json || /home/vitus/floently-finnish/apps/backend/practice/data/cards/doctor_cards.json,card.vocab.doctor.diabetes.0242 || card.vocab.doctor.diabetes.0242 || doctor_399 || doctor_400 || doctor_401
sentence_card,nurse,complete the missing part of the sentence.,"ei siis ole ihme, että nettiklinikoiden määrä kasvaa nopeasti | nopeasti | nopeasti",5,/home/vitus/floently-finnish/apps/backend/materials/cards/published/professional/nurse/phrases/b1_b2.json,card.sentence.nurse.ei.siis.ole.ihme.etta.nettiklinikoiden.maara.kasvaa.nopeasti.0935 || card.sentence.nurse.ei.siis.ole.ihme.etta.nettiklinikoiden.maara.kasvaa.nopeasti.3182 || card.sentence.nurse.ei.siis.ole.ihme.etta.nettiklinikoiden.maara.kasvaa.nopeasti.3933 || card.sentence.nurse.ei.siis.ole.ihme.etta.nettiklinikoiden.maara.kasvaa.nopeasti.3938 || card.sentence.nurse.ei.siis.ole.ihme.etta.nettiklinikoiden.maara.kasvaa.nopeasti.3943
sentence_card,nurse,complete the missing part of the sentence.,"elektiivisten leikausten vastakohta on päivystyskirurgia, jossa leikkauksen viivästyminen voi olla potilaalle hengenvaarallista.[6] | potilaalle | potilaalle",5,/home/vitus/floently-finnish/apps/backend/materials/cards/published/professional/nurse/phrases/b1_b2.json,card.sentence.nurse.elektiivisten.leikausten.vastakohta.on.paivystyskirurgia.jossa.l.1098 || card.sentence.nurse.elektiivisten.leikausten.vastakohta.on.paivystyskirurgia.jossa.l.5526 || card.sentence.nurse.elektiivisten.leikausten.vastakohta.on.paivystyskirurgia.jossa.l.5531 || card.sentence.nurse.elektiivisten.leikausten.vastakohta.on.paivystyskirurgia.jossa.l.5536 || card.sentence.nurse.elektiivisten.leikausten.vastakohta.on.paivystyskirurgia.jossa.l.5541
sentence_card,nurse,complete the missing part of the sentence.,"ennen vastaanottoa mika täytti esitietolomakkeen, jossa kysytään muun muassa, onko potilas käynyt vastikään verikokeissa tai onko suvussa ollut kilpirauhasen syöpää. | syöpää | syöpää",5,/home/vitus/floently-finnish/apps/backend/materials/cards/published/professional/nurse/phrases/b1_b2.json,card.sentence.nurse.ennen.vastaanottoa.mika.taytti.esitietolomakkeen.jossa.kysytaan..5956 || card.sentence.nurse.ennen.vastaanottoa.mika.taytti.esitietolomakkeen.jossa.kysytaan..5964 || card.sentence.nurse.ennen.vastaanottoa.mika.taytti.esitietolomakkeen.jossa.kysytaan..5969 || card.sentence.nurse.ennen.vastaanottoa.mika.taytti.esitietolomakkeen.jossa.kysytaan..6812 || card.sentence.nurse.ennen.vastaanottoa.mika.taytti.esitietolomakkeen.jossa.kysytaan..7152
sentence_card,nurse,complete the missing part of the sentence.,"eräs ylen haastattelema yksityisellä sektorilla työskentelevä ammatinharjoittajalääkäri pitää huonoa palkkiota syynä sille, että valinnanvapauskokeilun aikoja on huonosti saatavilla | saatavilla | saatavilla",5,/home/vitus/floently-finnish/apps/backend/materials/cards/published/professional/nurse/phrases/b1_b2.json,card.sentence.nurse.eras.ylen.haastattelema.yksityisella.sektorilla.tyoskenteleva.am.0557 || card.sentence.nurse.eras.ylen.haastattelema.yksityisella.sektorilla.tyoskenteleva.am.1119 || card.sentence.nurse.eras.ylen.haastattelema.yksityisella.sektorilla.tyoskenteleva.am.1491 || card.sentence.nurse.eras.ylen.haastattelema.yksityisella.sektorilla.tyoskenteleva.am.3822 || card.sentence.nurse.eras.ylen.haastattelema.yksityisella.sektorilla.tyoskenteleva.am.3832
sentence_card,nurse,complete the missing part of the sentence.,"hoitojakson syynä oli sairaus, jonka ilmaantuminen saattaa johtua siitä, että äiti ei ollut ottanut kaikkia hänelle määrättyjä lääkkeitä. | lääkkeitä | lääkkeitä",5,/home/vitus/floently-finnish/apps/backend/materials/cards/published/professional/nurse/phrases/b1_b2.json,card.sentence.nurse.hoitojakson.syyna.oli.sairaus.jonka.ilmaantuminen.saattaa.johtua.0192 || card.sentence.nurse.hoitojakson.syyna.oli.sairaus.jonka.ilmaantuminen.saattaa.johtua.0197 || card.sentence.nurse.hoitojakson.syyna.oli.sairaus.jonka.ilmaantuminen.saattaa.johtua.0679 || card.sentence.nurse.hoitojakson.syyna.oli.sairaus.jonka.ilmaantuminen.saattaa.johtua.1343 || card.sentence.nurse.hoitojakson.syyna.oli.sairaus.jonka.ilmaantuminen.saattaa.johtua.1348
sentence_card,nurse,complete the missing part of the sentence.,"hormonihoitoja käytetään yleensä rintasyövän, eturauhasen syövän, kilpirauhassyövän ja kohdun runko-osan syövän hoidossa | hoidossa | hoidossa",5,/home/vitus/floently-finnish/apps/backend/materials/cards/published/professional/nurse/phrases/b1_b2.json,card.sentence.nurse.hormonihoitoja.kaytetaan.yleensa.rintasyovan.eturauhasen.syovan..2623 || card.sentence.nurse.hormonihoitoja.kaytetaan.yleensa.rintasyovan.eturauhasen.syovan..4888 || card.sentence.nurse.hormonihoitoja.kaytetaan.yleensa.rintasyovan.eturauhasen.syovan..4893 || card.sentence.nurse.hormonihoitoja.kaytetaan.yleensa.rintasyovan.eturauhasen.syovan..6145 || card.sentence.nurse.hormonihoitoja.kaytetaan.yleensa.rintasyovan.eturauhasen.syovan..6192
sentence_card,nurse,complete the missing part of the sentence.,– jo hoidon aloitusvaiheessa pitäisi punnita mahdollisia haittoja ja hyötyjä ja keskustella näistä asioista. | asioista | asioista,5,/home/vitus/floently-finnish/apps/backend/materials/cards/published/professional/nurse/phrases/b1_b2.json,card.sentence.nurse.jo.hoidon.aloitusvaiheessa.pitaisi.punnita.mahdollisia.haittoja..3606 || card.sentence.nurse.jo.hoidon.aloitusvaiheessa.pitaisi.punnita.mahdollisia.haittoja..3611 || card.sentence.nurse.jo.hoidon.aloitusvaiheessa.pitaisi.punnita.mahdollisia.haittoja..3616 || card.sentence.nurse.jo.hoidon.aloitusvaiheessa.pitaisi.punnita.mahdollisia.haittoja..3621 || card.sentence.nurse.jo.hoidon.aloitusvaiheessa.pitaisi.punnita.mahdollisia.haittoja..7147
sentence_card,nurse,complete the missing part of the sentence.,"kuten terveystalo, myös yrittäjänä toimiva ammatinharjoittaja on joutunut viime aikoina kohtaamaan muuttuneen markkinatilanteen ja kustannuspaineen, terveystalon viestinnästä todetaan. | todetaan | todetaan",5,/home/vitus/floently-finnish/apps/backend/materials/cards/published/professional/nurse/phrases/b1_b2.json,card.sentence.nurse.kuten.terveystalo.myos.yrittajana.toimiva.ammatinharjoittaja.on..0997 || card.sentence.nurse.kuten.terveystalo.myos.yrittajana.toimiva.ammatinharjoittaja.on..4660 || card.sentence.nurse.kuten.terveystalo.myos.yrittajana.toimiva.ammatinharjoittaja.on..5812 || card.sentence.nurse.kuten.terveystalo.myos.yrittajana.toimiva.ammatinharjoittaja.on..5820 || card.sentence.nurse.kuten.terveystalo.myos.yrittajana.toimiva.ammatinharjoittaja.on..5830
sentence_card,nurse,complete the missing part of the sentence.,lääketeollisuus rahoittaa 77 prosenttia suomessa tehtävästä lääketieteellisestä tutkimuksesta[3]. | lääketieteellisestä | lääketieteellisestä,5,/home/vitus/floently-finnish/apps/backend/materials/cards/published/professional/nurse/phrases/b1_b2.json,card.sentence.nurse.laaketeollisuus.rahoittaa.77.prosenttia.suomessa.tehtavasta.laak.3045 || card.sentence.nurse.laaketeollisuus.rahoittaa.77.prosenttia.suomessa.tehtavasta.laak.5018 || card.sentence.nurse.laaketeollisuus.rahoittaa.77.prosenttia.suomessa.tehtavasta.laak.5735 || card.sentence.nurse.laaketeollisuus.rahoittaa.77.prosenttia.suomessa.tehtavasta.laak.5740 || card.sentence.nurse.laaketeollisuus.rahoittaa.77.prosenttia.suomessa.tehtavasta.laak.5745
sentence_card,nurse,complete the missing part of the sentence.,lääketiede tarkoittaa suppeassa merkityksessä terveyden ylläpitämiseen ja palauttamiseen sekä sairauksien ehkäisemiseen ja hoitoon kohdistuvaa tiedettä | tiedettä | tiedettä,5,/home/vitus/floently-finnish/apps/backend/materials/cards/published/professional/nurse/phrases/b1_b2.json,card.sentence.nurse.laaketiede.tarkoittaa.suppeassa.merkityksessa.terveyden.yllapita.0266 || card.sentence.nurse.laaketiede.tarkoittaa.suppeassa.merkityksessa.terveyden.yllapita.1237 || card.sentence.nurse.laaketiede.tarkoittaa.suppeassa.merkityksessa.terveyden.yllapita.5491 || card.sentence.nurse.laaketiede.tarkoittaa.suppeassa.merkityksessa.terveyden.yllapita.5496 || card.sentence.nurse.laaketiede.tarkoittaa.suppeassa.merkityksessa.terveyden.yllapita.5559
sentence_card,nurse,complete the missing part of the sentence.,lääketieteen sukupuolivinouma tulee esiin sekä tappavien että toimintakykyä heikentävien sairauksien kohdalla | kohdalla | kohdalla,5,/home/vitus/floently-finnish/apps/backend/materials/cards/published/professional/nurse/phrases/b1_b2.json,card.sentence.nurse.laaketieteen.sukupuolivinouma.tulee.esiin.seka.tappavien.etta.to.0466 || card.sentence.nurse.laaketieteen.sukupuolivinouma.tulee.esiin.seka.tappavien.etta.to.2211 || card.sentence.nurse.laaketieteen.sukupuolivinouma.tulee.esiin.seka.tappavien.etta.to.4642 || card.sentence.nurse.laaketieteen.sukupuolivinouma.tulee.esiin.seka.tappavien.etta.to.4650 || card.sentence.nurse.laaketieteen.sukupuolivinouma.tulee.esiin.seka.tappavien.etta.to.4655
sentence_card,nurse,complete the missing part of the sentence.,– lääkkeen käyttö pitäisi suunnitella pitkäaikaiseksi osaksi hoitoprosessia | hoitoprosessia | hoitoprosessia,5,/home/vitus/floently-finnish/apps/backend/materials/cards/published/professional/nurse/phrases/b1_b2.json,card.sentence.nurse.laakkeen.kaytto.pitaisi.suunnitella.pitkaaikaiseksi.osaksi.hoito.0151 || card.sentence.nurse.laakkeen.kaytto.pitaisi.suunnitella.pitkaaikaiseksi.osaksi.hoito.0717 || card.sentence.nurse.laakkeen.kaytto.pitaisi.suunnitella.pitkaaikaiseksi.osaksi.hoito.1850 || card.sentence.nurse.laakkeen.kaytto.pitaisi.suunnitella.pitkaaikaiseksi.osaksi.hoito.1855 || card.sentence.nurse.laakkeen.kaytto.pitaisi.suunnitella.pitkaaikaiseksi.osaksi.hoito.1860
sentence_card,nurse,complete the missing part of the sentence.,medikalisaatiossa lääketieteen valta laajenee aiemmin ei-lääketieteellisinä pidetyille alueille | alueille | alueille,5,/home/vitus/floently-finnish/apps/backend/materials/cards/published/professional/nurse/phrases/b1_b2.json,card.sentence.nurse.medikalisaatiossa.laaketieteen.valta.laajenee.aiemmin.ei.laaketi.0712 || card.sentence.nurse.medikalisaatiossa.laaketieteen.valta.laajenee.aiemmin.ei.laaketi.5219 || card.sentence.nurse.medikalisaatiossa.laaketieteen.valta.laajenee.aiemmin.ei.laaketi.5224 || card.sentence.nurse.medikalisaatiossa.laaketieteen.valta.laajenee.aiemmin.ei.laaketi.5229 || card.sentence.nurse.medikalisaatiossa.laaketieteen.valta.laajenee.aiemmin.ei.laaketi.6839
sentence_card,nurse,complete the missing part of the sentence.,mitattaessa käden asento voi muuttaa mittauksen tulosta | tulosta | tulosta,5,/home/vitus/floently-finnish/apps/backend/materials/cards/published/professional/nurse/phrases/b1_b2.json,card.sentence.nurse.mitattaessa.kaden.asento.voi.muuttaa.mittauksen.tulosta.0519 || card.sentence.nurse.mitattaessa.kaden.asento.voi.muuttaa.mittauksen.tulosta.1408 || card.sentence.nurse.mitattaessa.kaden.asento.voi.muuttaa.mittauksen.tulosta.1788 || card.sentence.nurse.mitattaessa.kaden.asento.voi.muuttaa.mittauksen.tulosta.1793 || card.sentence.nurse.mitattaessa.kaden.asento.voi.muuttaa.mittauksen.tulosta.6807
sentence_card,nurse,complete the missing part of the sentence.,muutamassa toteutetussa tutkimuksissa on löydetty viitteitä kirurgisiinkin operaatioihin liittyvästä plasebovaikutuksesta | plasebovaikutuksesta | plasebovaikutuksesta,5,/home/vitus/floently-finnish/apps/backend/materials/cards/published/professional/nurse/phrases/b1_b2.json,card.sentence.nurse.muutamassa.toteutetussa.tutkimuksissa.on.loydetty.viitteita.kiru.1630 || card.sentence.nurse.muutamassa.toteutetussa.tutkimuksissa.on.loydetty.viitteita.kiru.3268 || card.sentence.nurse.muutamassa.toteutetussa.tutkimuksissa.on.loydetty.viitteita.kiru.3273 || card.sentence.nurse.muutamassa.toteutetussa.tutkimuksissa.on.loydetty.viitteita.kiru.3278 || card.sentence.nurse.muutamassa.toteutetussa.tutkimuksissa.on.loydetty.viitteita.kiru.5234
sentence_card,nurse,complete the missing part of the sentence.,naisten oireiden vähättely ja niiden väärä tulkinta johtaakin usein siihen etteivät naiset saa diagnoosia ja hoitoa tai ne viivästyvät tarpeettomasti | tarpeettomasti | tarpeettomasti,5,/home/vitus/floently-finnish/apps/backend/materials/cards/published/professional/nurse/phrases/b1_b2.json,card.sentence.nurse.naisten.oireiden.vahattely.ja.niiden.vaara.tulkinta.johtaakin.us.0086 || card.sentence.nurse.naisten.oireiden.vahattely.ja.niiden.vaara.tulkinta.johtaakin.us.2948 || card.sentence.nurse.naisten.oireiden.vahattely.ja.niiden.vaara.tulkinta.johtaakin.us.2953 || card.sentence.nurse.naisten.oireiden.vahattely.ja.niiden.vaara.tulkinta.johtaakin.us.2958 || card.sentence.nurse.naisten.oireiden.vahattely.ja.niiden.vaara.tulkinta.johtaakin.us.6660
sentence_card,nurse,complete the missing part of the sentence.,"pietiläisen mukaan markkinarakoa on, koska esimerkiksi terveyskeskuksista lääkkeiden saaminen voi olla vaikeampaa. | vaikeampaa | vaikeampaa",5,/home/vitus/floently-finnish/apps/backend/materials/cards/published/professional/nurse/phrases/b1_b2.json,card.sentence.nurse.pietilaisen.mukaan.markkinarakoa.on.koska.esimerkiksi.terveyskes.0830 || card.sentence.nurse.pietilaisen.mukaan.markkinarakoa.on.koska.esimerkiksi.terveyskes.1444 || card.sentence.nurse.pietilaisen.mukaan.markkinarakoa.on.koska.esimerkiksi.terveyskes.2190 || card.sentence.nurse.pietilaisen.mukaan.markkinarakoa.on.koska.esimerkiksi.terveyskes.2195 || card.sentence.nurse.pietilaisen.mukaan.markkinarakoa.on.koska.esimerkiksi.terveyskes.2200
sentence_card,nurse,complete the missing part of the sentence.,se voi vaikeuttaa lääkäreiden työllistämistä varsinkin kun hyvinvointialueilla on jo nyt taloudellisesti tiukkaa. | tiukkaa | tiukkaa,5,/home/vitus/floently-finnish/apps/backend/materials/cards/published/professional/nurse/phrases/b1_b2.json,card.sentence.nurse.se.voi.vaikeuttaa.laakareiden.tyollistamista.varsinkin.kun.hyvin.2490 || card.sentence.nurse.se.voi.vaikeuttaa.laakareiden.tyollistamista.varsinkin.kun.hyvin.2495 || card.sentence.nurse.se.voi.vaikeuttaa.laakareiden.tyollistamista.varsinkin.kun.hyvin.2500 || card.sentence.nurse.se.voi.vaikeuttaa.laakareiden.tyollistamista.varsinkin.kun.hyvin.2505 || card.sentence.nurse.se.voi.vaikeuttaa.laakareiden.tyollistamista.varsinkin.kun.hyvin.4420
sentence_card,nurse,complete the missing part of the sentence.,tieteellisten tutkimusten tuloksiin perustuvaa lääketiedettä nimitetään näyttöön perustuvaksi lääketieteeksi (evidence based medicine) | based | based,5,/home/vitus/floently-finnish/apps/backend/materials/cards/published/professional/nurse/phrases/b1_b2.json,card.sentence.nurse.tieteellisten.tutkimusten.tuloksiin.perustuvaa.laaketiedetta.nim.0023 || card.sentence.nurse.tieteellisten.tutkimusten.tuloksiin.perustuvaa.laaketiedetta.nim.1890 || card.sentence.nurse.tieteellisten.tutkimusten.tuloksiin.perustuvaa.laaketiedetta.nim.1895 || card.sentence.nurse.tieteellisten.tutkimusten.tuloksiin.perustuvaa.laaketiedetta.nim.1900 || card.sentence.nurse.tieteellisten.tutkimusten.tuloksiin.perustuvaa.laaketiedetta.nim.6275
sentence_card,nurse,complete the missing part of the sentence.,tutkimukseen osallistui kuopion yliopistollisessa sairaalassa synnyttäviä naisia ja heille syntyviä lapsia. | lapsia | lapsia,5,/home/vitus/floently-finnish/apps/backend/materials/cards/published/professional/nurse/phrases/b1_b2.json,card.sentence.nurse.tutkimukseen.osallistui.kuopion.yliopistollisessa.sairaalassa.sy.0396 || card.sentence.nurse.tutkimukseen.osallistui.kuopion.yliopistollisessa.sairaalassa.sy.2797 || card.sentence.nurse.tutkimukseen.osallistui.kuopion.yliopistollisessa.sairaalassa.sy.4992 || card.sentence.nurse.tutkimukseen.osallistui.kuopion.yliopistollisessa.sairaalassa.sy.4997 || card.sentence.nurse.tutkimukseen.osallistui.kuopion.yliopistollisessa.sairaalassa.sy.5002
sentence_card,nurse,complete the missing part of the sentence.,"tutkimuksissa on havaittu, että naispotilaille tehdään miespotilaita vähemmän diagnostisia tutkimuksia | tutkimuksia | tutkimuksia",5,/home/vitus/floently-finnish/apps/backend/materials/cards/published/professional/nurse/phrases/b1_b2.json,card.sentence.nurse.tutkimuksissa.on.havaittu.etta.naispotilaille.tehdaan.miespotila.4583 || card.sentence.nurse.tutkimuksissa.on.havaittu.etta.naispotilaille.tehdaan.miespotila.5835 || card.sentence.nurse.tutkimuksissa.on.havaittu.etta.naispotilaille.tehdaan.miespotila.5840 || card.sentence.nurse.tutkimuksissa.on.havaittu.etta.naispotilaille.tehdaan.miespotila.5845 || card.sentence.nurse.tutkimuksissa.on.havaittu.etta.naispotilaille.tehdaan.miespotila.6758
sentence_card,nurse,complete the missing part of the sentence.,"uutta on, että 65 vuotta täyttäneiden kaatumisriski arvioidaan aina, kun heidät kohdataan varhan palveluissa. | palveluissa | palveluissa",5,/home/vitus/floently-finnish/apps/backend/materials/cards/published/professional/nurse/phrases/b1_b2.json,card.sentence.nurse.uutta.on.etta.65.vuotta.tayttaneiden.kaatumisriski.arvioidaan.ai.0698 || card.sentence.nurse.uutta.on.etta.65.vuotta.tayttaneiden.kaatumisriski.arvioidaan.ai.1413 || card.sentence.nurse.uutta.on.etta.65.vuotta.tayttaneiden.kaatumisriski.arvioidaan.ai.1418 || card.sentence.nurse.uutta.on.etta.65.vuotta.tayttaneiden.kaatumisriski.arvioidaan.ai.1423 || card.sentence.nurse.uutta.on.etta.65.vuotta.tayttaneiden.kaatumisriski.arvioidaan.ai.2353
sentence_card,nurse,complete the missing part of the sentence.,verenpaineen voi mitata kotona yksinkertaisella verenpainemittarilla viiden minuutin paikoillaanistumisen jälkeen.[10] | paikoillaanistumisen | paikoillaanistumisen,5,/home/vitus/floently-finnish/apps/backend/materials/cards/published/professional/nurse/phrases/b1_b2.json,card.sentence.nurse.verenpaineen.voi.mitata.kotona.yksinkertaisella.verenpainemittar.0848 || card.sentence.nurse.verenpaineen.voi.mitata.kotona.yksinkertaisella.verenpainemittar.1147 || card.sentence.nurse.verenpaineen.voi.mitata.kotona.yksinkertaisella.verenpainemittar.2247 || card.sentence.nurse.verenpaineen.voi.mitata.kotona.yksinkertaisella.verenpainemittar.2252 || card.sentence.nurse.verenpaineen.voi.mitata.kotona.yksinkertaisella.verenpainemittar.4289
sentence_card,nurse,complete the missing part of the sentence.,"vertailun vuoksi, 20 minuutin lääkärikäyntinsä täysin itse maksavasta potilaasta yleislääkärin palkkio on terveystalon suuntaa-antavan hinnaston mukaan 64–186 euroa | euroa | euroa",5,/home/vitus/floently-finnish/apps/backend/materials/cards/published/professional/nurse/phrases/b1_b2.json,card.sentence.nurse.vertailun.vuoksi.20.minuutin.laakarikayntinsa.taysin.itse.maksav.1182 || card.sentence.nurse.vertailun.vuoksi.20.minuutin.laakarikayntinsa.taysin.itse.maksav.2734 || card.sentence.nurse.vertailun.vuoksi.20.minuutin.laakarikayntinsa.taysin.itse.maksav.4147 || card.sentence.nurse.vertailun.vuoksi.20.minuutin.laakarikayntinsa.taysin.itse.maksav.4152 || card.sentence.nurse.vertailun.vuoksi.20.minuutin.laakarikayntinsa.taysin.itse.maksav.4160
sentence_card,nurse,complete the missing part of the sentence.,ylen tietojen mukaan osa yksityisistä lääkäriasemista pitää itsellään leijonanosan kokeiluun kuuluvan vastaanoton palkkiosta | palkkiosta | palkkiosta,5,/home/vitus/floently-finnish/apps/backend/materials/cards/published/professional/nurse/phrases/b1_b2.json,card.sentence.nurse.ylen.tietojen.mukaan.osa.yksityisista.laakariasemista.pitaa.itse.0248 || card.sentence.nurse.ylen.tietojen.mukaan.osa.yksityisista.laakariasemista.pitaa.itse.0276 || card.sentence.nurse.ylen.tietojen.mukaan.osa.yksityisista.laakariasemista.pitaa.itse.3102 || card.sentence.nurse.ylen.tietojen.mukaan.osa.yksityisista.laakariasemista.pitaa.itse.3874 || card.sentence.nurse.ylen.tietojen.mukaan.osa.yksityisista.laakariasemista.pitaa.itse.4919
sentence_card,practical_nurse,complete the missing part of the sentence.,asiantuntijat suosittelevat varhaista seulontaa ja tukea oireista kärsiville. | kärsiville | kärsiville,5,/home/vitus/floently-finnish/apps/backend/materials/cards/published/professional/practical_nurse/phrases/b1_b2.json,card.sentence.practical_nurse.asiantuntijat.suosittelevat.varhaista.seulontaa.ja.tukea.oireist.0496 || card.sentence.practical_nurse.asiantuntijat.suosittelevat.varhaista.seulontaa.ja.tukea.oireist.5275 || card.sentence.practical_nurse.asiantuntijat.suosittelevat.varhaista.seulontaa.ja.tukea.oireist.5280 || card.sentence.practical_nurse.asiantuntijat.suosittelevat.varhaista.seulontaa.ja.tukea.oireist.5285 || card.sentence.practical_nurse.asiantuntijat.suosittelevat.varhaista.seulontaa.ja.tukea.oireist.5290
sentence_card,practical_nurse,complete the missing part of the sentence.,elektiivisiin leikkauksiin kuuluu muun muassa erilaisten ei-henkeä vaarantavien terveysongelmien korjaaminen.[5] | terveysongelmien | terveysongelmien,5,/home/vitus/floently-finnish/apps/backend/materials/cards/published/professional/practical_nurse/phrases/b1_b2.json,card.sentence.practical_nurse.elektiivisiin.leikkauksiin.kuuluu.muun.muassa.erilaisten.ei.henk.0202 || card.sentence.practical_nurse.elektiivisiin.leikkauksiin.kuuluu.muun.muassa.erilaisten.ei.henk.1424 || card.sentence.practical_nurse.elektiivisiin.leikkauksiin.kuuluu.muun.muassa.erilaisten.ei.henk.3410 || card.sentence.practical_nurse.elektiivisiin.leikkauksiin.kuuluu.muun.muassa.erilaisten.ei.henk.3415 || card.sentence.practical_nurse.elektiivisiin.leikkauksiin.kuuluu.muun.muassa.erilaisten.ei.henk.7394
sentence_card,practical_nurse,complete the missing part of the sentence.,"elektiivisten leikausten vastakohta on päivystyskirurgia, jossa leikkauksen viivästyminen voi olla potilaalle hengenvaarallista.[6] | potilaalle | potilaalle",5,/home/vitus/floently-finnish/apps/backend/materials/cards/published/professional/practical_nurse/phrases/b1_b2.json,card.sentence.practical_nurse.elektiivisten.leikausten.vastakohta.on.paivystyskirurgia.jossa.l.6053 || card.sentence.practical_nurse.elektiivisten.leikausten.vastakohta.on.paivystyskirurgia.jossa.l.7135 || card.sentence.practical_nurse.elektiivisten.leikausten.vastakohta.on.paivystyskirurgia.jossa.l.7140 || card.sentence.practical_nurse.elektiivisten.leikausten.vastakohta.on.paivystyskirurgia.jossa.l.7145 || card.sentence.practical_nurse.elektiivisten.leikausten.vastakohta.on.paivystyskirurgia.jossa.l.7150
sentence_card,practical_nurse,complete the missing part of the sentence.,hämeenlinnan iittalassa päiväkotilapsille osittain raakaa broileria tarjoillut ruokapalveluyhtiö saa 2 000 euron sakon tapahtuneen vuoksi. | vuoksi | vuoksi,5,/home/vitus/floently-finnish/apps/backend/materials/cards/published/professional/practical_nurse/phrases/b1_b2.json,card.sentence.practical_nurse.hameenlinnan.iittalassa.paivakotilapsille.osittain.raakaa.broile.0372 || card.sentence.practical_nurse.hameenlinnan.iittalassa.paivakotilapsille.osittain.raakaa.broile.0935 || card.sentence.practical_nurse.hameenlinnan.iittalassa.paivakotilapsille.osittain.raakaa.broile.3199 || card.sentence.practical_nurse.hameenlinnan.iittalassa.paivakotilapsille.osittain.raakaa.broile.6396 || card.sentence.practical_nurse.hameenlinnan.iittalassa.paivakotilapsille.osittain.raakaa.broile.6404
sentence_card,practical_nurse,complete the missing part of the sentence.,immuunivasteen muuntajien teho säilyy osalla potilaista kuukausia ja jopa vuosia | vuosia | vuosia,5,/home/vitus/floently-finnish/apps/backend/materials/cards/published/professional/practical_nurse/phrases/b1_b2.json,card.sentence.practical_nurse.immuunivasteen.muuntajien.teho.sailyy.osalla.potilaista.kuukausi.0212 || card.sentence.practical_nurse.immuunivasteen.muuntajien.teho.sailyy.osalla.potilaista.kuukausi.0883 || card.sentence.practical_nurse.immuunivasteen.muuntajien.teho.sailyy.osalla.potilaista.kuukausi.1841 || card.sentence.practical_nurse.immuunivasteen.muuntajien.teho.sailyy.osalla.potilaista.kuukausi.1846 || card.sentence.practical_nurse.immuunivasteen.muuntajien.teho.sailyy.osalla.potilaista.kuukausi.1851
sentence_card,practical_nurse,complete the missing part of the sentence.,– jo hoidon aloitusvaiheessa pitäisi punnita mahdollisia haittoja ja hyötyjä ja keskustella näistä asioista. | asioista | asioista,5,/home/vitus/floently-finnish/apps/backend/materials/cards/published/professional/practical_nurse/phrases/b1_b2.json,card.sentence.practical_nurse.jo.hoidon.aloitusvaiheessa.pitaisi.punnita.mahdollisia.haittoja..1408 || card.sentence.practical_nurse.jo.hoidon.aloitusvaiheessa.pitaisi.punnita.mahdollisia.haittoja..4758 || card.sentence.practical_nurse.jo.hoidon.aloitusvaiheessa.pitaisi.punnita.mahdollisia.haittoja..4763 || card.sentence.practical_nurse.jo.hoidon.aloitusvaiheessa.pitaisi.punnita.mahdollisia.haittoja..4768 || card.sentence.practical_nurse.jo.hoidon.aloitusvaiheessa.pitaisi.punnita.mahdollisia.haittoja..5476
sentence_card,practical_nurse,complete the missing part of the sentence.,"jos sairastaja on vaikka poromies, uskon hänen haluavan kuulla poroelämästä | poroelämästä | poroelämästä",5,/home/vitus/floently-finnish/apps/backend/materials/cards/published/professional/practical_nurse/phrases/b1_b2.json,card.sentence.practical_nurse.jos.sairastaja.on.vaikka.poromies.uskon.hanen.haluavan.kuulla.po.0357 || card.sentence.practical_nurse.jos.sairastaja.on.vaikka.poromies.uskon.hanen.haluavan.kuulla.po.1369 || card.sentence.practical_nurse.jos.sairastaja.on.vaikka.poromies.uskon.hanen.haluavan.kuulla.po.5204 || card.sentence.practical_nurse.jos.sairastaja.on.vaikka.poromies.uskon.hanen.haluavan.kuulla.po.5209 || card.sentence.practical_nurse.jos.sairastaja.on.vaikka.poromies.uskon.hanen.haluavan.kuulla.po.5214
sentence_card,practical_nurse,complete the missing part of the sentence.,"koska mittaustilanne saatetaan kokea niin jännittävänä, että se nostaa verenpainetta, suositellaan yhä useammin kotimittauksia | kotimittauksia | kotimittauksia",5,/home/vitus/floently-finnish/apps/backend/materials/cards/published/professional/practical_nurse/phrases/b1_b2.json,card.sentence.practical_nurse.koska.mittaustilanne.saatetaan.kokea.niin.jannittavana.etta.se.n.0329 || card.sentence.practical_nurse.koska.mittaustilanne.saatetaan.kokea.niin.jannittavana.etta.se.n.0443 || card.sentence.practical_nurse.koska.mittaustilanne.saatetaan.kokea.niin.jannittavana.etta.se.n.0955 || card.sentence.practical_nurse.koska.mittaustilanne.saatetaan.kokea.niin.jannittavana.etta.se.n.6250 || card.sentence.practical_nurse.koska.mittaustilanne.saatetaan.kokea.niin.jannittavana.etta.se.n.6255
sentence_card,practical_nurse,complete the missing part of the sentence.,"kun hallitus vuonna 2024 nosti yksityislääkärikäyntien kela-korvauksen 8 eurosta 30 euroon, lääkäriasemat nostivat hintoja yli kaksi kertaa inflaatiota nopeammin | nopeammin | nopeammin",5,/home/vitus/floently-finnish/apps/backend/materials/cards/published/professional/practical_nurse/phrases/b1_b2.json,card.sentence.practical_nurse.kun.hallitus.vuonna.2024.nosti.yksityislaakarikayntien.kela.korv.7038 || card.sentence.practical_nurse.kun.hallitus.vuonna.2024.nosti.yksityislaakarikayntien.kela.korv.7332 || card.sentence.practical_nurse.kun.hallitus.vuonna.2024.nosti.yksityislaakarikayntien.kela.korv.7340 || card.sentence.practical_nurse.kun.hallitus.vuonna.2024.nosti.yksityislaakarikayntien.kela.korv.7590 || card.sentence.practical_nurse.kun.hallitus.vuonna.2024.nosti.yksityislaakarikayntien.kela.korv.8108
sentence_card,practical_nurse,complete the missing part of the sentence.,– kunnille tarvitaan rahaa ja kannusteita järjestää palveluita. | palveluita | palveluita,5,/home/vitus/floently-finnish/apps/backend/materials/cards/published/professional/practical_nurse/phrases/b1_b2.json,card.sentence.practical_nurse.kunnille.tarvitaan.rahaa.ja.kannusteita.jarjestaa.palveluita.0197 || card.sentence.practical_nurse.kunnille.tarvitaan.rahaa.ja.kannusteita.jarjestaa.palveluita.3886 || card.sentence.practical_nurse.kunnille.tarvitaan.rahaa.ja.kannusteita.jarjestaa.palveluita.6950 || card.sentence.practical_nurse.kunnille.tarvitaan.rahaa.ja.kannusteita.jarjestaa.palveluita.6958 || card.sentence.practical_nurse.kunnille.tarvitaan.rahaa.ja.kannusteita.jarjestaa.palveluita.6963
sentence_card,practical_nurse,complete the missing part of the sentence.,"kurssilla harjoitellaan myös epätasaisella alustalla kävelemistä, tavaroiden poimimista lattialta ja kauppakassien kantamista. | kantamista | kantamista",5,/home/vitus/floently-finnish/apps/backend/materials/cards/published/professional/practical_nurse/phrases/b1_b2.json,card.sentence.practical_nurse.kurssilla.harjoitellaan.myos.epatasaisella.alustalla.kavelemista.3342 || card.sentence.practical_nurse.kurssilla.harjoitellaan.myos.epatasaisella.alustalla.kavelemista.4463 || card.sentence.practical_nurse.kurssilla.harjoitellaan.myos.epatasaisella.alustalla.kavelemista.4468 || card.sentence.practical_nurse.kurssilla.harjoitellaan.myos.epatasaisella.alustalla.kavelemista.4473 || card.sentence.practical_nurse.kurssilla.harjoitellaan.myos.epatasaisella.alustalla.kavelemista.4478
sentence_card,practical_nurse,complete the missing part of the sentence.,leikkauksen aiheet vaihtelevat välittömistä henkeäpelastavista toimenpiteistä täysin kiireettömiin elämänlaadun mahdollista parantamista tavoitteleviin leikkauksiin | leikkauksiin | leikkauksiin,5,/home/vitus/floently-finnish/apps/backend/materials/cards/published/professional/practical_nurse/phrases/b1_b2.json,card.sentence.practical_nurse.leikkauksen.aiheet.vaihtelevat.valittomista.henkeapelastavista.t.3140 || card.sentence.practical_nurse.leikkauksen.aiheet.vaihtelevat.valittomista.henkeapelastavista.t.3227 || card.sentence.practical_nurse.leikkauksen.aiheet.vaihtelevat.valittomista.henkeapelastavista.t.7890 || card.sentence.practical_nurse.leikkauksen.aiheet.vaihtelevat.valittomista.henkeapelastavista.t.8443 || card.sentence.practical_nurse.leikkauksen.aiheet.vaihtelevat.valittomista.henkeapelastavista.t.8889
sentence_card,practical_nurse,complete the missing part of the sentence.,"lisäksi liikkumista tulisi mitata kyselyillä tai puettavilla liikuntamittareilla, oulun yliopiston tiedotteessa sanotaan. | sanotaan | sanotaan",5,/home/vitus/floently-finnish/apps/backend/materials/cards/published/professional/practical_nurse/phrases/b1_b2.json,card.sentence.practical_nurse.lisaksi.liikkumista.tulisi.mitata.kyselyilla.tai.puettavilla.lii.0974 || card.sentence.practical_nurse.lisaksi.liikkumista.tulisi.mitata.kyselyilla.tai.puettavilla.lii.1539 || card.sentence.practical_nurse.lisaksi.liikkumista.tulisi.mitata.kyselyilla.tai.puettavilla.lii.5982 || card.sentence.practical_nurse.lisaksi.liikkumista.tulisi.mitata.kyselyilla.tai.puettavilla.lii.5987 || card.sentence.practical_nurse.lisaksi.liikkumista.tulisi.mitata.kyselyilla.tai.puettavilla.lii.8894
sentence_card,practical_nurse,complete the missing part of the sentence.,luotettava vertailu edellyttää tarkkoja ja läpinäkyviä kustannuslaskelmia intervention toteutuksesta sekä mahdollisuuksien mukaan myös muista yhteiskunnalle ja yksilölle koituvista kustannuksista. | kustannuksista | kustannuksista,5,/home/vitus/floently-finnish/apps/backend/materials/cards/published/professional/practical_nurse/phrases/b1_b2.json,card.sentence.practical_nurse.luotettava.vertailu.edellyttaa.tarkkoja.ja.lapinakyvia.kustannus.1262 || card.sentence.practical_nurse.luotettava.vertailu.edellyttaa.tarkkoja.ja.lapinakyvia.kustannus.3508 || card.sentence.practical_nurse.luotettava.vertailu.edellyttaa.tarkkoja.ja.lapinakyvia.kustannus.3519 || card.sentence.practical_nurse.luotettava.vertailu.edellyttaa.tarkkoja.ja.lapinakyvia.kustannus.3524 || card.sentence.practical_nurse.luotettava.vertailu.edellyttaa.tarkkoja.ja.lapinakyvia.kustannus.3529
sentence_card,practical_nurse,complete the missing part of the sentence.,matala-asteisen tulehduksen aikaansaama immuunijärjestelmän aktivaatio laskee kipukynnystä etenkin naisilla | naisilla | naisilla,5,/home/vitus/floently-finnish/apps/backend/materials/cards/published/professional/practical_nurse/phrases/b1_b2.json,card.sentence.practical_nurse.matala.asteisen.tulehduksen.aikaansaama.immuunijarjestelman.akti.3160 || card.sentence.practical_nurse.matala.asteisen.tulehduksen.aikaansaama.immuunijarjestelman.akti.3165 || card.sentence.practical_nurse.matala.asteisen.tulehduksen.aikaansaama.immuunijarjestelman.akti.5925 || card.sentence.practical_nurse.matala.asteisen.tulehduksen.aikaansaama.immuunijarjestelman.akti.6294 || card.sentence.practical_nurse.matala.asteisen.tulehduksen.aikaansaama.immuunijarjestelman.akti.6705
sentence_card,practical_nurse,complete the missing part of the sentence.,"– me liikumme yhä vähemmän ja syömme yhä rasvaisempaa, makeampaa ja kaloripitoisempaa ruokaa, myllymäki sanoo. | sanoo | sanoo",5,/home/vitus/floently-finnish/apps/backend/materials/cards/published/professional/practical_nurse/phrases/b1_b2.json,card.sentence.practical_nurse.me.liikumme.yha.vahemman.ja.syomme.yha.rasvaisempaa.makeampaa.ja.3267 || card.sentence.practical_nurse.me.liikumme.yha.vahemman.ja.syomme.yha.rasvaisempaa.makeampaa.ja.3272 || card.sentence.practical_nurse.me.liikumme.yha.vahemman.ja.syomme.yha.rasvaisempaa.makeampaa.ja.3277 || card.sentence.practical_nurse.me.liikumme.yha.vahemman.ja.syomme.yha.rasvaisempaa.makeampaa.ja.3282 || card.sentence.practical_nurse.me.liikumme.yha.vahemman.ja.syomme.yha.rasvaisempaa.makeampaa.ja.3287
sentence_card,practical_nurse,complete the missing part of the sentence.,"mitattavan henkilön pitäisi olla mittauksen aikana rauhallisessa tilassa ja istua suorassa selkä selkänojaa vasten, sekä jalat tasaisesti lattiaa vasten ristimättä jalkoja.[12] | ristimättä | ristimättä",5,/home/vitus/floently-finnish/apps/backend/materials/cards/published/professional/practical_nurse/phrases/b1_b2.json,card.sentence.practical_nurse.mitattavan.henkilon.pitaisi.olla.mittauksen.aikana.rauhallisessa.7083 || card.sentence.practical_nurse.mitattavan.henkilon.pitaisi.olla.mittauksen.aikana.rauhallisessa.7088 || card.sentence.practical_nurse.mitattavan.henkilon.pitaisi.olla.mittauksen.aikana.rauhallisessa.7093 || card.sentence.practical_nurse.mitattavan.henkilon.pitaisi.olla.mittauksen.aikana.rauhallisessa.7101 || card.sentence.practical_nurse.mitattavan.henkilon.pitaisi.olla.mittauksen.aikana.rauhallisessa.8116
sentence_card,practical_nurse,complete the missing part of the sentence.,muissa tapauksissa potilaan edun mukaista on yleensä aloittaa mahdollisimman vähäinvasiivisesta hoidosta ja päätyä leikkaukseen vain viimeisenä keinona | keinona | keinona,5,/home/vitus/floently-finnish/apps/backend/materials/cards/published/professional/practical_nurse/phrases/b1_b2.json,card.sentence.practical_nurse.muissa.tapauksissa.potilaan.edun.mukaista.on.yleensa.aloittaa.ma.0222 || card.sentence.practical_nurse.muissa.tapauksissa.potilaan.edun.mukaista.on.yleensa.aloittaa.ma.0285 || card.sentence.practical_nurse.muissa.tapauksissa.potilaan.edun.mukaista.on.yleensa.aloittaa.ma.0930 || card.sentence.practical_nurse.muissa.tapauksissa.potilaan.edun.mukaista.on.yleensa.aloittaa.ma.1434 || card.sentence.practical_nurse.muissa.tapauksissa.potilaan.edun.mukaista.on.yleensa.aloittaa.ma.9176
sentence_card,practical_nurse,complete the missing part of the sentence.,"naisvihassa toistuu ajatus, että miehellä on oikeus käyttää naista ja tämän vartaloa omien tarpeidensa tyydyttämiseen. | tyydyttämiseen | tyydyttämiseen",5,/home/vitus/floently-finnish/apps/backend/materials/cards/published/professional/practical_nurse/phrases/b1_b2.json,card.sentence.practical_nurse.naisvihassa.toistuu.ajatus.etta.miehella.on.oikeus.kayttaa.naist.2153 || card.sentence.practical_nurse.naisvihassa.toistuu.ajatus.etta.miehella.on.oikeus.kayttaa.naist.2158 || card.sentence.practical_nurse.naisvihassa.toistuu.ajatus.etta.miehella.on.oikeus.kayttaa.naist.2163 || card.sentence.practical_nurse.naisvihassa.toistuu.ajatus.etta.miehella.on.oikeus.kayttaa.naist.2168 || card.sentence.practical_nurse.naisvihassa.toistuu.ajatus.etta.miehella.on.oikeus.kayttaa.naist.2173
sentence_card,practical_nurse,complete the missing part of the sentence.,ne kehittävät muun muassa ongelmanratkaisutaitoja ja pitävät huolta käsien motoriikasta. | motoriikasta | motoriikasta,5,/home/vitus/floently-finnish/apps/backend/materials/cards/published/professional/practical_nurse/phrases/b1_b2.json,card.sentence.practical_nurse.ne.kehittavat.muun.muassa.ongelmanratkaisutaitoja.ja.pitavat.huo.0761 || card.sentence.practical_nurse.ne.kehittavat.muun.muassa.ongelmanratkaisutaitoja.ja.pitavat.huo.0825 || card.sentence.practical_nurse.ne.kehittavat.muun.muassa.ongelmanratkaisutaitoja.ja.pitavat.huo.1156 || card.sentence.practical_nurse.ne.kehittavat.muun.muassa.ongelmanratkaisutaitoja.ja.pitavat.huo.3822 || card.sentence.practical_nurse.ne.kehittavat.muun.muassa.ongelmanratkaisutaitoja.ja.pitavat.huo.3827
sentence_card,practical_nurse,complete the missing part of the sentence.,niittyvuopiolle on ollut tärkeää olla avoin kokemistaan hoidoista ja taudin kuvasta | kuvasta | kuvasta,5,/home/vitus/floently-finnish/apps/backend/materials/cards/published/professional/practical_nurse/phrases/b1_b2.json,card.sentence.practical_nurse.niittyvuopiolle.on.ollut.tarkeaa.olla.avoin.kokemistaan.hoidoist.0107 || card.sentence.practical_nurse.niittyvuopiolle.on.ollut.tarkeaa.olla.avoin.kokemistaan.hoidoist.4875 || card.sentence.practical_nurse.niittyvuopiolle.on.ollut.tarkeaa.olla.avoin.kokemistaan.hoidoist.4880 || card.sentence.practical_nurse.niittyvuopiolle.on.ollut.tarkeaa.olla.avoin.kokemistaan.hoidoist.4885 || card.sentence.practical_nurse.niittyvuopiolle.on.ollut.tarkeaa.olla.avoin.kokemistaan.hoidoist.4890
sentence_card,practical_nurse,complete the missing part of the sentence.,"pietiläisen mukaan markkinarakoa on, koska esimerkiksi terveyskeskuksista lääkkeiden saaminen voi olla vaikeampaa. | vaikeampaa | vaikeampaa",5,/home/vitus/floently-finnish/apps/backend/materials/cards/published/professional/practical_nurse/phrases/b1_b2.json,card.sentence.practical_nurse.pietilaisen.mukaan.markkinarakoa.on.koska.esimerkiksi.terveyskes.1092 || card.sentence.practical_nurse.pietilaisen.mukaan.markkinarakoa.on.koska.esimerkiksi.terveyskes.1859 || card.sentence.practical_nurse.pietilaisen.mukaan.markkinarakoa.on.koska.esimerkiksi.terveyskes.2856 || card.sentence.practical_nurse.pietilaisen.mukaan.markkinarakoa.on.koska.esimerkiksi.terveyskes.2861 || card.sentence.practical_nurse.pietilaisen.mukaan.markkinarakoa.on.koska.esimerkiksi.terveyskes.2866
sentence_card,practical_nurse,complete the missing part of the sentence.,"ruokapalveluyrityksen liiketoimintajohtaja maarit virkkala korostaa, että yhtiö ottaa tämäntyyppiset tapaukset vakavasti | vakavasti | vakavasti",5,/home/vitus/floently-finnish/apps/backend/materials/cards/published/professional/practical_nurse/phrases/b1_b2.json,card.sentence.practical_nurse.ruokapalveluyrityksen.liiketoimintajohtaja.maarit.virkkala.koros.0461 || card.sentence.practical_nurse.ruokapalveluyrityksen.liiketoimintajohtaja.maarit.virkkala.koros.5249 || card.sentence.practical_nurse.ruokapalveluyrityksen.liiketoimintajohtaja.maarit.virkkala.koros.8026 || card.sentence.practical_nurse.ruokapalveluyrityksen.liiketoimintajohtaja.maarit.virkkala.koros.8704 || card.sentence.practical_nurse.ruokapalveluyrityksen.liiketoimintajohtaja.maarit.virkkala.koros.8863
sentence_card,practical_nurse,complete the missing part of the sentence.,"samansuuntaisia tuloksia on saatu 19 ihmisen pilottikokeessa, jossa toteutettiin kerran tai kahdesti kuussa nelipäiväinen niukan ravinnon jakso | jakso | jakso",5,/home/vitus/floently-finnish/apps/backend/materials/cards/published/professional/practical_nurse/phrases/b1_b2.json,card.sentence.practical_nurse.samansuuntaisia.tuloksia.on.saatu.19.ihmisen.pilottikokeessa.jos.0097 || card.sentence.practical_nurse.samansuuntaisia.tuloksia.on.saatu.19.ihmisen.pilottikokeessa.jos.2025 || card.sentence.practical_nurse.samansuuntaisia.tuloksia.on.saatu.19.ihmisen.pilottikokeessa.jos.7386 || card.sentence.practical_nurse.samansuuntaisia.tuloksia.on.saatu.19.ihmisen.pilottikokeessa.jos.7399 || card.sentence.practical_nurse.samansuuntaisia.tuloksia.on.saatu.19.ihmisen.pilottikokeessa.jos.8991
sentence_card,practical_nurse,complete the missing part of the sentence.,"– se vaatii sitä, että ihmiset ottavat yhteyttä ympäristönsuojeluun tai ympäristöterveysvalvontaan, jos kokevat että ongelmaa ei ratkaista tarpeeksi hyvin, pesonen sanoo. | sanoo | sanoo",5,/home/vitus/floently-finnish/apps/backend/materials/cards/published/professional/practical_nurse/phrases/b1_b2.json,card.sentence.practical_nurse.se.vaatii.sita.etta.ihmiset.ottavat.yhteytta.ymparistonsuojeluun.5021 || card.sentence.practical_nurse.se.vaatii.sita.etta.ihmiset.ottavat.yhteytta.ymparistonsuojeluun.7526 || card.sentence.practical_nurse.se.vaatii.sita.etta.ihmiset.ottavat.yhteytta.ymparistonsuojeluun.7762 || card.sentence.practical_nurse.se.vaatii.sita.etta.ihmiset.ottavat.yhteytta.ymparistonsuojeluun.7767 || card.sentence.practical_nurse.se.vaatii.sita.etta.ihmiset.ottavat.yhteytta.ymparistonsuojeluun.9509
sentence_card,practical_nurse,complete the missing part of the sentence.,sylvi-tädin keittiössä lapset tekevät ruokaa ja ratkovat samalla resepteihin ja ruoanlaittoon liittyviä matemaattisia tehtäviä. | tehtäviä | tehtäviä,5,/home/vitus/floently-finnish/apps/backend/materials/cards/published/professional/practical_nurse/phrases/b1_b2.json,card.sentence.practical_nurse.sylvi.tadin.keittiossa.lapset.tekevat.ruokaa.ja.ratkovat.samalla.0732 || card.sentence.practical_nurse.sylvi.tadin.keittiossa.lapset.tekevat.ruokaa.ja.ratkovat.samalla.1257 || card.sentence.practical_nurse.sylvi.tadin.keittiossa.lapset.tekevat.ruokaa.ja.ratkovat.samalla.3489 || card.sentence.practical_nurse.sylvi.tadin.keittiossa.lapset.tekevat.ruokaa.ja.ratkovat.samalla.3494 || card.sentence.practical_nurse.sylvi.tadin.keittiossa.lapset.tekevat.ruokaa.ja.ratkovat.samalla.8723
sentence_card,practical_nurse,complete the missing part of the sentence.,"toisaalta jääkaappien yleistyminen on vähentänyt mahasyövän esiintyvyyttä, koska ruokaa ei tarvitse enää säilöä suolaamalla ja savustamalla | savustamalla | savustamalla",5,/home/vitus/floently-finnish/apps/backend/materials/cards/published/professional/practical_nurse/phrases/b1_b2.json,card.sentence.practical_nurse.toisaalta.jaakaappien.yleistyminen.on.vahentanyt.mahasyovan.esii.1562 || card.sentence.practical_nurse.toisaalta.jaakaappien.yleistyminen.on.vahentanyt.mahasyovan.esii.6466 || card.sentence.practical_nurse.toisaalta.jaakaappien.yleistyminen.on.vahentanyt.mahasyovan.esii.6471 || card.sentence.practical_nurse.toisaalta.jaakaappien.yleistyminen.on.vahentanyt.mahasyovan.esii.6479 || card.sentence.practical_nurse.toisaalta.jaakaappien.yleistyminen.on.vahentanyt.mahasyovan.esii.6484
sentence_card,practical_nurse,complete the missing part of the sentence.,toisekseen: paikallista sopimista työpaikoilla pitäisi myös voida vauhdittaa esimerkiksi lakkoilemalla. | lakkoilemalla | lakkoilemalla,5,/home/vitus/floently-finnish/apps/backend/materials/cards/published/professional/practical_nurse/phrases/b1_b2.json,card.sentence.practical_nurse.toisekseen.paikallista.sopimista.tyopaikoilla.pitaisi.myos.voida.0624 || card.sentence.practical_nurse.toisekseen.paikallista.sopimista.tyopaikoilla.pitaisi.myos.voida.2225 || card.sentence.practical_nurse.toisekseen.paikallista.sopimista.tyopaikoilla.pitaisi.myos.voida.2230 || card.sentence.practical_nurse.toisekseen.paikallista.sopimista.tyopaikoilla.pitaisi.myos.voida.2235 || card.sentence.practical_nurse.toisekseen.paikallista.sopimista.tyopaikoilla.pitaisi.myos.voida.2240
sentence_card,practical_nurse,complete the missing part of the sentence.,"toisille voi sopia kylmä kalkkuna -metodi, jolloin lopettaa kerralla kokonaan | kokonaan | kokonaan",5,/home/vitus/floently-finnish/apps/backend/materials/cards/published/professional/practical_nurse/phrases/b1_b2.json,card.sentence.practical_nurse.toisille.voi.sopia.kylma.kalkkuna.metodi.jolloin.lopettaa.kerral.0776 || card.sentence.practical_nurse.toisille.voi.sopia.kylma.kalkkuna.metodi.jolloin.lopettaa.kerral.5514 || card.sentence.practical_nurse.toisille.voi.sopia.kylma.kalkkuna.metodi.jolloin.lopettaa.kerral.5519 || card.sentence.practical_nurse.toisille.voi.sopia.kylma.kalkkuna.metodi.jolloin.lopettaa.kerral.5524 || card.sentence.practical_nurse.toisille.voi.sopia.kylma.kalkkuna.metodi.jolloin.lopettaa.kerral.5529
sentence_card,practical_nurse,complete the missing part of the sentence.,tutkimuksen mukaan painon palautuminen oli nopeampaa lihavuuslääkkeiden lopettamisen jälkeen kuin elintapaohjelman lopettamisen jälkeen. | jälkeen | jälkeen,5,/home/vitus/floently-finnish/apps/backend/materials/cards/published/professional/practical_nurse/phrases/b1_b2.json,card.sentence.practical_nurse.tutkimuksen.mukaan.painon.palautuminen.oli.nopeampaa.lihavuuslaa.1047 || card.sentence.practical_nurse.tutkimuksen.mukaan.painon.palautuminen.oli.nopeampaa.lihavuuslaa.7640 || card.sentence.practical_nurse.tutkimuksen.mukaan.painon.palautuminen.oli.nopeampaa.lihavuuslaa.7645 || card.sentence.practical_nurse.tutkimuksen.mukaan.painon.palautuminen.oli.nopeampaa.lihavuuslaa.7650 || card.sentence.practical_nurse.tutkimuksen.mukaan.painon.palautuminen.oli.nopeampaa.lihavuuslaa.9489
sentence_card,practical_nurse,complete the missing part of the sentence.,"usein periytyminen ei kuitenkaan ole yksiselitteistä, eivätkä kaikki sairastu.lähde? | kaikki | kaikki",5,/home/vitus/floently-finnish/apps/backend/materials/cards/published/professional/practical_nurse/phrases/b1_b2.json,card.sentence.practical_nurse.usein.periytyminen.ei.kuitenkaan.ole.yksiselitteista.eivatka.kai.0270 || card.sentence.practical_nurse.usein.periytyminen.ei.kuitenkaan.ole.yksiselitteista.eivatka.kai.3454 || card.sentence.practical_nurse.usein.periytyminen.ei.kuitenkaan.ole.yksiselitteista.eivatka.kai.6793 || card.sentence.practical_nurse.usein.periytyminen.ei.kuitenkaan.ole.yksiselitteista.eivatka.kai.6798 || card.sentence.practical_nurse.usein.periytyminen.ei.kuitenkaan.ole.yksiselitteista.eivatka.kai.8174
sentence_card,practical_nurse,complete the missing part of the sentence.,vähentämällä suolaa ja syömällä lisäksi runsaasti hedelmiä ja vihanneksia voi alentaa verenpainetta yhteensä noin viisi yksikköä | yksikköä | yksikköä,5,/home/vitus/floently-finnish/apps/backend/materials/cards/published/professional/practical_nurse/phrases/b1_b2.json,card.sentence.practical_nurse.vahentamalla.suolaa.ja.syomalla.lisaksi.runsaasti.hedelmia.ja.vi.0756 || card.sentence.practical_nurse.vahentamalla.suolaa.ja.syomalla.lisaksi.runsaasti.hedelmia.ja.vi.0854 || card.sentence.practical_nurse.vahentamalla.suolaa.ja.syomalla.lisaksi.runsaasti.hedelmia.ja.vi.1219 || card.sentence.practical_nurse.vahentamalla.suolaa.ja.syomalla.lisaksi.runsaasti.hedelmia.ja.vi.4715 || card.sentence.practical_nurse.vahentamalla.suolaa.ja.syomalla.lisaksi.runsaasti.hedelmia.ja.vi.6342
sentence_card,practical_nurse,complete the missing part of the sentence.,"vaikka lääketieteellä on pitkät perinteet, se saavutti vasta 1800-luvun loppupuolella erityisaseman ihmisen sairauksien hoidossa | hoidossa | hoidossa",5,/home/vitus/floently-finnish/apps/backend/materials/cards/published/professional/practical_nurse/phrases/b1_b2.json,card.sentence.practical_nurse.vaikka.laaketieteella.on.pitkat.perinteet.se.saavutti.vasta.1800.0433 || card.sentence.practical_nurse.vaikka.laaketieteella.on.pitkat.perinteet.se.saavutti.vasta.1800.1439 || card.sentence.practical_nurse.vaikka.laaketieteella.on.pitkat.perinteet.se.saavutti.vasta.1800.3638 || card.sentence.practical_nurse.vaikka.laaketieteella.on.pitkat.perinteet.se.saavutti.vasta.1800.4558 || card.sentence.practical_nurse.vaikka.laaketieteella.on.pitkat.perinteet.se.saavutti.vasta.1800.8791
sentence_card,practical_nurse,complete the missing part of the sentence.,voimavara-kurssia vetävä pihlajamaa-lönnbäck kannustaa ikäihmisiä makuulle lattialle | lattialle | lattialle,5,/home/vitus/floently-finnish/apps/backend/materials/cards/published/professional/practical_nurse/phrases/b1_b2.json,card.sentence.practical_nurse.voimavara.kurssia.vetava.pihlajamaa.lonnback.kannustaa.ikaihmisi.0737 || card.sentence.practical_nurse.voimavara.kurssia.vetava.pihlajamaa.lonnback.kannustaa.ikaihmisi.1581 || card.sentence.practical_nurse.voimavara.kurssia.vetava.pihlajamaa.lonnback.kannustaa.ikaihmisi.4458 || card.sentence.practical_nurse.voimavara.kurssia.vetava.pihlajamaa.lonnback.kannustaa.ikaihmisi.6655 || card.sentence.practical_nurse.voimavara.kurssia.vetava.pihlajamaa.lonnback.kannustaa.ikaihmisi.6660
sentence_card,practical_nurse,complete the missing part of the sentence.,"ydinkysymys ei ole vain se, miten saamme ihmiset liikkumaan, vaan miten teemme sen viisaasti ja vaikuttavasti, anna-maiju leinonen tiivistää. | tiivistää | tiivistää",5,/home/vitus/floently-finnish/apps/backend/materials/cards/published/professional/practical_nurse/phrases/b1_b2.json,card.sentence.practical_nurse.ydinkysymys.ei.ole.vain.se.miten.saamme.ihmiset.liikkumaan.vaan..0870 || card.sentence.practical_nurse.ydinkysymys.ei.ole.vain.se.miten.saamme.ihmiset.liikkumaan.vaan..2263 || card.sentence.practical_nurse.ydinkysymys.ei.ole.vain.se.miten.saamme.ihmiset.liikkumaan.vaan..5808 || card.sentence.practical_nurse.ydinkysymys.ei.ole.vain.se.miten.saamme.ihmiset.liikkumaan.vaan..5813 || card.sentence.practical_nurse.ydinkysymys.ei.ole.vain.se.miten.saamme.ihmiset.liikkumaan.vaan..5818
sentence_card,practical_nurse,complete the missing part of the sentence.,ylen haastattelemat henkilöt kertovat pidempiaikaisesta luottamuksen murenemisesta terveysalan ammatinharjoittajien ja isojen lääkäriasemien välillä | välillä | välillä,5,/home/vitus/floently-finnish/apps/backend/materials/cards/published/professional/practical_nurse/phrases/b1_b2.json,card.sentence.practical_nurse.ylen.haastattelemat.henkilot.kertovat.pidempiaikaisesta.luottamu.2485 || card.sentence.practical_nurse.ylen.haastattelemat.henkilot.kertovat.pidempiaikaisesta.luottamu.3008 || card.sentence.practical_nurse.ylen.haastattelemat.henkilot.kertovat.pidempiaikaisesta.luottamu.3019 || card.sentence.practical_nurse.ylen.haastattelemat.henkilot.kertovat.pidempiaikaisesta.luottamu.3024 || card.sentence.practical_nurse.ylen.haastattelemat.henkilot.kertovat.pidempiaikaisesta.luottamu.3029
sentence_card,practical_nurse,complete the missing part of the sentence.,ylen tietojen mukaan osa yksityisistä lääkäriasemista pitää itsellään leijonanosan kokeiluun kuuluvan vastaanoton palkkiosta | palkkiosta | palkkiosta,5,/home/vitus/floently-finnish/apps/backend/materials/cards/published/professional/practical_nurse/phrases/b1_b2.json,card.sentence.practical_nurse.ylen.tietojen.mukaan.osa.yksityisista.laakariasemista.pitaa.itse.0390 || card.sentence.practical_nurse.ylen.tietojen.mukaan.osa.yksityisista.laakariasemista.pitaa.itse.4137 || card.sentence.practical_nurse.ylen.tietojen.mukaan.osa.yksityisista.laakariasemista.pitaa.itse.5067 || card.sentence.practical_nurse.ylen.tietojen.mukaan.osa.yksityisista.laakariasemista.pitaa.itse.6550 || card.sentence.practical_nurse.ylen.tietojen.mukaan.osa.yksityisista.laakariasemista.pitaa.itse.9627
vocabulary_card,doctor,aivot,brain,4,/home/vitus/floently-finnish/apps/backend/materials/cards/published/kielitaika_normalized_cards.json || /home/vitus/floently-finnish/apps/backend/materials/cards/published/professional/doctor/words/a1_a2.json || /home/vitus/floently-finnish/apps/backend/materials/cards/published/professional/doctor/words/b1_b2.json,card.vocab.doctor.aivot.0125 || card.vocab.doctor.aivot.0236 || card.vocab.doctor.aivot.0125 || card.vocab.doctor.aivot.0236
sentence_card,doctor,complete the missing part of the sentence.,"ammatinharjoittajalääkärit ovat yrittäjiä, jotka vuokraavat lääkäriasemilta vastaanottotiloja ja vastaanottoon tarvittavaa tekniikkaa | tekniikkaa | tekniikkaa",4,/home/vitus/floently-finnish/apps/backend/materials/cards/published/professional/doctor/phrases/b1_b2.json,card.sentence.doctor.ammatinharjoittajalaakarit.ovat.yrittajia.jotka.vuokraavat.laaka.0515 || card.sentence.doctor.ammatinharjoittajalaakarit.ovat.yrittajia.jotka.vuokraavat.laaka.4860 || card.sentence.doctor.ammatinharjoittajalaakarit.ovat.yrittajia.jotka.vuokraavat.laaka.4865 || card.sentence.doctor.ammatinharjoittajalaakarit.ovat.yrittajia.jotka.vuokraavat.laaka.6036
sentence_card,doctor,complete the missing part of the sentence.,"arviolta 5-8 prosenttia maapallon väestöstä sairastaa jotain yhden geenimuunnoksen aiheuttamaa sairautta, jollaisia tunnetaan 2020-luvulla jo yli 7 000 | tunnetaan | tunnetaan",4,/home/vitus/floently-finnish/apps/backend/materials/cards/published/professional/doctor/phrases/b1_b2.json,card.sentence.doctor.arviolta.5.8.prosenttia.maapallon.vaestosta.sairastaa.jotain.yhd.10577 || card.sentence.doctor.arviolta.5.8.prosenttia.maapallon.vaestosta.sairastaa.jotain.yhd.1248 || card.sentence.doctor.arviolta.5.8.prosenttia.maapallon.vaestosta.sairastaa.jotain.yhd.7677 || card.sentence.doctor.arviolta.5.8.prosenttia.maapallon.vaestosta.sairastaa.jotain.yhd.7682
sentence_card,doctor,complete the missing part of the sentence.,"diabetes mellituksesta käytetään usein lyhyttä muotoa diabetes, kuten myös tässä artikkelissa, vaikka pelkkä ”diabetes” voi viitata myös diabetes insipidukseen.[2] diabetes mellitus -sairauksia on aikaisemmin myös kutsuttu nimellä sokeritauti[3]. | nimellä | nimellä",4,/home/vitus/floently-finnish/apps/backend/materials/cards/published/professional/doctor/phrases/b1_b2.json,card.sentence.doctor.diabetes.mellituksesta.kaytetaan.usein.lyhytta.muotoa.diabetes.k.1118 || card.sentence.doctor.diabetes.mellituksesta.kaytetaan.usein.lyhytta.muotoa.diabetes.k.1491 || card.sentence.doctor.diabetes.mellituksesta.kaytetaan.usein.lyhytta.muotoa.diabetes.k.7051 || card.sentence.doctor.diabetes.mellituksesta.kaytetaan.usein.lyhytta.muotoa.diabetes.k.7056
sentence_card,doctor,complete the missing part of the sentence.,"diabetesdiagnoosin varmentaminen ja niiden eri muotojen erottaminen toisistaan vaatii lisäksi oireiden tulkitsemista, potilaan sukulaisten sairauksien selvittämistä tai mahdollisesti geenitestejä.[2] | mahdollisesti | mahdollisesti",4,/home/vitus/floently-finnish/apps/backend/materials/cards/published/professional/doctor/phrases/b1_b2.json,card.sentence.doctor.diabetesdiagnoosin.varmentaminen.ja.niiden.eri.muotojen.erottami.0746 || card.sentence.doctor.diabetesdiagnoosin.varmentaminen.ja.niiden.eri.muotojen.erottami.5240 || card.sentence.doctor.diabetesdiagnoosin.varmentaminen.ja.niiden.eri.muotojen.erottami.5245 || card.sentence.doctor.diabetesdiagnoosin.varmentaminen.ja.niiden.eri.muotojen.erottami.5256
sentence_card,doctor,complete the missing part of the sentence.,"diagnoosi merkitään potilasta koskeviin asiakirjoihin who:n icd-10-tautiluokituksen mukaan, josta stakes on laatinut suomalaisen version. | version | version",4,/home/vitus/floently-finnish/apps/backend/materials/cards/published/professional/doctor/phrases/b1_b2.json,card.sentence.doctor.diagnoosi.merkitaan.potilasta.koskeviin.asiakirjoihin.who.n.icd..10544 || card.sentence.doctor.diagnoosi.merkitaan.potilasta.koskeviin.asiakirjoihin.who.n.icd..10714 || card.sentence.doctor.diagnoosi.merkitaan.potilasta.koskeviin.asiakirjoihin.who.n.icd..3246 || card.sentence.doctor.diagnoosi.merkitaan.potilasta.koskeviin.asiakirjoihin.who.n.icd..3254
sentence_card,doctor,complete the missing part of the sentence.,"ei siis ole ihme, että nettiklinikoiden määrä kasvaa nopeasti | nopeasti | nopeasti",4,/home/vitus/floently-finnish/apps/backend/materials/cards/published/professional/doctor/phrases/b1_b2.json,card.sentence.doctor.ei.siis.ole.ihme.etta.nettiklinikoiden.maara.kasvaa.nopeasti.1179 || card.sentence.doctor.ei.siis.ole.ihme.etta.nettiklinikoiden.maara.kasvaa.nopeasti.5149 || card.sentence.doctor.ei.siis.ole.ihme.etta.nettiklinikoiden.maara.kasvaa.nopeasti.6078 || card.sentence.doctor.ei.siis.ole.ihme.etta.nettiklinikoiden.maara.kasvaa.nopeasti.6083
sentence_card,doctor,complete the missing part of the sentence.,"elektiivisten leikausten vastakohta on päivystyskirurgia, jossa leikkauksen viivästyminen voi olla potilaalle hengenvaarallista.[6] | potilaalle | potilaalle",4,/home/vitus/floently-finnish/apps/backend/materials/cards/published/professional/doctor/phrases/b1_b2.json,card.sentence.doctor.elektiivisten.leikausten.vastakohta.on.paivystyskirurgia.jossa.l.8435 || card.sentence.doctor.elektiivisten.leikausten.vastakohta.on.paivystyskirurgia.jossa.l.8440 || card.sentence.doctor.elektiivisten.leikausten.vastakohta.on.paivystyskirurgia.jossa.l.8445 || card.sentence.doctor.elektiivisten.leikausten.vastakohta.on.paivystyskirurgia.jossa.l.8450
sentence_card,doctor,complete the missing part of the sentence.,"eräs ylen haastattelema yksityisellä sektorilla työskentelevä ammatinharjoittajalääkäri pitää huonoa palkkiota syynä sille, että valinnanvapauskokeilun aikoja on huonosti saatavilla | saatavilla | saatavilla",4,/home/vitus/floently-finnish/apps/backend/materials/cards/published/professional/doctor/phrases/b1_b2.json,card.sentence.doctor.eras.ylen.haastattelema.yksityisella.sektorilla.tyoskenteleva.am.1969 || card.sentence.doctor.eras.ylen.haastattelema.yksityisella.sektorilla.tyoskenteleva.am.5965 || card.sentence.doctor.eras.ylen.haastattelema.yksityisella.sektorilla.tyoskenteleva.am.5970 || card.sentence.doctor.eras.ylen.haastattelema.yksityisella.sektorilla.tyoskenteleva.am.5975
sentence_card,doctor,complete the missing part of the sentence.,"erityisesti elektiivisessä kirurgiassa on tärkeää, että lääkäri kertoo potilalle toimenpiteeseen liittyvistä riskeistä | riskeistä | riskeistä",4,/home/vitus/floently-finnish/apps/backend/materials/cards/published/professional/doctor/phrases/b1_b2.json,card.sentence.doctor.erityisesti.elektiivisessa.kirurgiassa.on.tarkeaa.etta.laakari.k.1677 || card.sentence.doctor.erityisesti.elektiivisessa.kirurgiassa.on.tarkeaa.etta.laakari.k.3806 || card.sentence.doctor.erityisesti.elektiivisessa.kirurgiassa.on.tarkeaa.etta.laakari.k.3811 || card.sentence.doctor.erityisesti.elektiivisessa.kirurgiassa.on.tarkeaa.etta.laakari.k.3816
sentence_card,doctor,complete the missing part of the sentence.,"esimerkki terveystalosta: jos vastaanoton hinta on alle lääkäriaseman määrittelemän vähimmäishinnan, ammatinharjoittajalääkäri saa palkkioksi vähimmäishinnan eli lääkäriasema kompensoi halvimpien sopimusten hintoja lääkäreille | lääkäreille | lääkäreille",4,/home/vitus/floently-finnish/apps/backend/materials/cards/published/professional/doctor/phrases/b1_b2.json,card.sentence.doctor.esimerkki.terveystalosta.jos.vastaanoton.hinta.on.alle.laakarias.2785 || card.sentence.doctor.esimerkki.terveystalosta.jos.vastaanoton.hinta.on.alle.laakarias.7360 || card.sentence.doctor.esimerkki.terveystalosta.jos.vastaanoton.hinta.on.alle.laakarias.7591 || card.sentence.doctor.esimerkki.terveystalosta.jos.vastaanoton.hinta.on.alle.laakarias.7599
sentence_card,doctor,complete the missing part of the sentence.,eu:n ammattipätevyysdirektiivi asettaa ehtoja lääkärikoulutuksen laajuudelle ja sisällölle | sisällölle | sisällölle,4,/home/vitus/floently-finnish/apps/backend/materials/cards/published/professional/doctor/phrases/b1_b2.json,card.sentence.doctor.eu.n.ammattipatevyysdirektiivi.asettaa.ehtoja.laakarikoulutuksen.4277 || card.sentence.doctor.eu.n.ammattipatevyysdirektiivi.asettaa.ehtoja.laakarikoulutuksen.4282 || card.sentence.doctor.eu.n.ammattipatevyysdirektiivi.asettaa.ehtoja.laakarikoulutuksen.4293 || card.sentence.doctor.eu.n.ammattipatevyysdirektiivi.asettaa.ehtoja.laakarikoulutuksen.7755
sentence_card,doctor,complete the missing part of the sentence.,"hämeenlinnan terveysvalvonnan terveystarkastaja sanna tuomi kertoo sähköpostitse, että raa’assa lihassa voi esiintyä ruokamyrkytyksiä aiheuttavaa salmonellaa ja kampylobakteereita. | kampylobakteereita | kampylobakteereita",4,/home/vitus/floently-finnish/apps/backend/materials/cards/published/professional/doctor/phrases/b1_b2.json,card.sentence.doctor.hameenlinnan.terveysvalvonnan.terveystarkastaja.sanna.tuomi.kert.4072 || card.sentence.doctor.hameenlinnan.terveysvalvonnan.terveystarkastaja.sanna.tuomi.kert.4077 || card.sentence.doctor.hameenlinnan.terveysvalvonnan.terveystarkastaja.sanna.tuomi.kert.4103 || card.sentence.doctor.hameenlinnan.terveysvalvonnan.terveystarkastaja.sanna.tuomi.kert.4108
sentence_card,doctor,complete the missing part of the sentence.,hän kuvailee taudin alkaneen kahvinjuonnista ja ”tavaraa tuli molemmista päistä”. | molemmista | molemmista,4,/home/vitus/floently-finnish/apps/backend/materials/cards/published/professional/doctor/phrases/b1_b2.json,card.sentence.doctor.han.kuvailee.taudin.alkaneen.kahvinjuonnista.ja.tavaraa.tuli.mol.8169 || card.sentence.doctor.han.kuvailee.taudin.alkaneen.kahvinjuonnista.ja.tavaraa.tuli.mol.8174 || card.sentence.doctor.han.kuvailee.taudin.alkaneen.kahvinjuonnista.ja.tavaraa.tuli.mol.8179 || card.sentence.doctor.han.kuvailee.taudin.alkaneen.kahvinjuonnista.ja.tavaraa.tuli.mol.8184
sentence_card,doctor,complete the missing part of the sentence.,"hoidon riskejä ovat myös hoitovirheet, esimerkiksi leikkausvälineiden jääminen potilaan sisään | sisään | sisään",4,/home/vitus/floently-finnish/apps/backend/materials/cards/published/professional/doctor/phrases/b1_b2.json,card.sentence.doctor.hoidon.riskeja.ovat.myos.hoitovirheet.esimerkiksi.leikkausvaline.0252 || card.sentence.doctor.hoidon.riskeja.ovat.myos.hoitovirheet.esimerkiksi.leikkausvaline.3508 || card.sentence.doctor.hoidon.riskeja.ovat.myos.hoitovirheet.esimerkiksi.leikkausvaline.3513 || card.sentence.doctor.hoidon.riskeja.ovat.myos.hoitovirheet.esimerkiksi.leikkausvaline.3518
sentence_card,doctor,complete the missing part of the sentence.,immuunivasteen muuntajien teho säilyy osalla potilaista kuukausia ja jopa vuosia | vuosia | vuosia,4,/home/vitus/floently-finnish/apps/backend/materials/cards/published/professional/doctor/phrases/b1_b2.json,card.sentence.doctor.immuunivasteen.muuntajien.teho.sailyy.osalla.potilaista.kuukausi.1210 || card.sentence.doctor.immuunivasteen.muuntajien.teho.sailyy.osalla.potilaista.kuukausi.2333 || card.sentence.doctor.immuunivasteen.muuntajien.teho.sailyy.osalla.potilaista.kuukausi.2341 || card.sentence.doctor.immuunivasteen.muuntajien.teho.sailyy.osalla.potilaista.kuukausi.9896
sentence_card,doctor,complete the missing part of the sentence.,"jos potilas ei voi syödä, hänen on hyvä saada hieman suolaa nesteen mukana. | mukana | mukana",4,/home/vitus/floently-finnish/apps/backend/materials/cards/published/professional/doctor/phrases/b1_b2.json,card.sentence.doctor.jos.potilas.ei.voi.syoda.hanen.on.hyva.saada.hieman.suolaa.neste.0003 || card.sentence.doctor.jos.potilas.ei.voi.syoda.hanen.on.hyva.saada.hieman.suolaa.neste.0664 || card.sentence.doctor.jos.potilas.ei.voi.syoda.hanen.on.hyva.saada.hieman.suolaa.neste.8455 || card.sentence.doctor.jos.potilas.ei.voi.syoda.hanen.on.hyva.saada.hieman.suolaa.neste.8460
sentence_card,doctor,complete the missing part of the sentence.,"jos sairastaja on vaikka poromies, uskon hänen haluavan kuulla poroelämästä | poroelämästä | poroelämästä",4,/home/vitus/floently-finnish/apps/backend/materials/cards/published/professional/doctor/phrases/b1_b2.json,card.sentence.doctor.jos.sairastaja.on.vaikka.poromies.uskon.hanen.haluavan.kuulla.po.6138 || card.sentence.doctor.jos.sairastaja.on.vaikka.poromies.uskon.hanen.haluavan.kuulla.po.6143 || card.sentence.doctor.jos.sairastaja.on.vaikka.poromies.uskon.hanen.haluavan.kuulla.po.6151 || card.sentence.doctor.jos.sairastaja.on.vaikka.poromies.uskon.hanen.haluavan.kuulla.po.6156
sentence_card,doctor,complete the missing part of the sentence.,"jos tätä tapahtuu häiritsevän paljon, kannattaa hakeutua lääkäriin.[8] | hakeutua | hakeutua",4,/home/vitus/floently-finnish/apps/backend/materials/cards/published/professional/doctor/phrases/b1_b2.json,card.sentence.doctor.jos.tata.tapahtuu.hairitsevan.paljon.kannattaa.hakeutua.laakarii.4338 || card.sentence.doctor.jos.tata.tapahtuu.hairitsevan.paljon.kannattaa.hakeutua.laakarii.4343 || card.sentence.doctor.jos.tata.tapahtuu.hairitsevan.paljon.kannattaa.hakeutua.laakarii.4348 || card.sentence.doctor.jos.tata.tapahtuu.hairitsevan.paljon.kannattaa.hakeutua.laakarii.5797
sentence_card,doctor,complete the missing part of the sentence.,"keskeinen tavoite oli selvittää, liittyvätkö raskaudenaikaiset riskit masennuslääkkeisiin vai äidin masennukseen ja masennuksen vaikeusasteeseen. | vaikeusasteeseen | vaikeusasteeseen",4,/home/vitus/floently-finnish/apps/backend/materials/cards/published/professional/doctor/phrases/b1_b2.json,card.sentence.doctor.keskeinen.tavoite.oli.selvittaa.liittyvatko.raskaudenaikaiset.ri.0864 || card.sentence.doctor.keskeinen.tavoite.oli.selvittaa.liittyvatko.raskaudenaikaiset.ri.1419 || card.sentence.doctor.keskeinen.tavoite.oli.selvittaa.liittyvatko.raskaudenaikaiset.ri.2795 || card.sentence.doctor.keskeinen.tavoite.oli.selvittaa.liittyvatko.raskaudenaikaiset.ri.3092
sentence_card,doctor,complete the missing part of the sentence.,kuumetta ja särkyä voi tarvittaessa lievittää tulehduskipulääkkeillä tai parasetamolilla | parasetamolilla | parasetamolilla,4,/home/vitus/floently-finnish/apps/backend/materials/cards/published/professional/doctor/phrases/b1_b2.json,card.sentence.doctor.kuumetta.ja.sarkya.voi.tarvittaessa.lievittaa.tulehduskipulaakke.0081 || card.sentence.doctor.kuumetta.ja.sarkya.voi.tarvittaessa.lievittaa.tulehduskipulaakke.8054 || card.sentence.doctor.kuumetta.ja.sarkya.voi.tarvittaessa.lievittaa.tulehduskipulaakke.8059 || card.sentence.doctor.kuumetta.ja.sarkya.voi.tarvittaessa.lievittaa.tulehduskipulaakke.8064
sentence_card,doctor,complete the missing part of the sentence.,lääkärit pyrkivät rohdoin ja ruokavaliolla palauttamaan näiden tasapainon | tasapainon | tasapainon,4,/home/vitus/floently-finnish/apps/backend/materials/cards/published/professional/doctor/phrases/b1_b2.json,card.sentence.doctor.laakarit.pyrkivat.rohdoin.ja.ruokavaliolla.palauttamaan.naiden.t.11497 || card.sentence.doctor.laakarit.pyrkivat.rohdoin.ja.ruokavaliolla.palauttamaan.naiden.t.2579 || card.sentence.doctor.laakarit.pyrkivat.rohdoin.ja.ruokavaliolla.palauttamaan.naiden.t.2590 || card.sentence.doctor.laakarit.pyrkivat.rohdoin.ja.ruokavaliolla.palauttamaan.naiden.t.4309
sentence_card,doctor,complete the missing part of the sentence.,lääketiede tarkoittaa suppeassa merkityksessä terveyden ylläpitämiseen ja palauttamiseen sekä sairauksien ehkäisemiseen ja hoitoon kohdistuvaa tiedettä | tiedettä | tiedettä,4,/home/vitus/floently-finnish/apps/backend/materials/cards/published/professional/doctor/phrases/b1_b2.json,card.sentence.doctor.laaketiede.tarkoittaa.suppeassa.merkityksessa.terveyden.yllapita.7690 || card.sentence.doctor.laaketiede.tarkoittaa.suppeassa.merkityksessa.terveyden.yllapita.8394 || card.sentence.doctor.laaketiede.tarkoittaa.suppeassa.merkityksessa.terveyden.yllapita.8399 || card.sentence.doctor.laaketiede.tarkoittaa.suppeassa.merkityksessa.terveyden.yllapita.9503
sentence_card,doctor,complete the missing part of the sentence.,"lääketieteellinen diagnoosi on lääketieteelliseen tietoon perustuva käsitys terveysongelman, sairauden tai tautitilan syistä ja pohjana lääketieteeseen pohjaavalle hoidolle | hoidolle | hoidolle",4,/home/vitus/floently-finnish/apps/backend/materials/cards/published/professional/doctor/phrases/b1_b2.json,card.sentence.doctor.laaketieteellinen.diagnoosi.on.laaketieteelliseen.tietoon.perust.5649 || card.sentence.doctor.laaketieteellinen.diagnoosi.on.laaketieteelliseen.tietoon.perust.5654 || card.sentence.doctor.laaketieteellinen.diagnoosi.on.laaketieteelliseen.tietoon.perust.5659 || card.sentence.doctor.laaketieteellinen.diagnoosi.on.laaketieteelliseen.tietoon.perust.5664
sentence_card,doctor,complete the missing part of the sentence.,– lääkkeen käyttö pitäisi suunnitella pitkäaikaiseksi osaksi hoitoprosessia | hoitoprosessia | hoitoprosessia,4,/home/vitus/floently-finnish/apps/backend/materials/cards/published/professional/doctor/phrases/b1_b2.json,card.sentence.doctor.laakkeen.kaytto.pitaisi.suunnitella.pitkaaikaiseksi.osaksi.hoito.0096 || card.sentence.doctor.laakkeen.kaytto.pitaisi.suunnitella.pitkaaikaiseksi.osaksi.hoito.3014 || card.sentence.doctor.laakkeen.kaytto.pitaisi.suunnitella.pitkaaikaiseksi.osaksi.hoito.3019 || card.sentence.doctor.laakkeen.kaytto.pitaisi.suunnitella.pitkaaikaiseksi.osaksi.hoito.3024
sentence_card,doctor,complete the missing part of the sentence.,lasten toiseksi yleisin syöpämuoto on pahanlaatuinen aivokasvain | aivokasvain | aivokasvain,4,/home/vitus/floently-finnish/apps/backend/materials/cards/published/professional/doctor/phrases/b1_b2.json,card.sentence.doctor.lasten.toiseksi.yleisin.syopamuoto.on.pahanlaatuinen.aivokasvain.1828 || card.sentence.doctor.lasten.toiseksi.yleisin.syopamuoto.on.pahanlaatuinen.aivokasvain.8215 || card.sentence.doctor.lasten.toiseksi.yleisin.syopamuoto.on.pahanlaatuinen.aivokasvain.8265 || card.sentence.doctor.lasten.toiseksi.yleisin.syopamuoto.on.pahanlaatuinen.aivokasvain.9200
sentence_card,doctor,complete the missing part of the sentence.,"leikkauksia suoritetaan myös muilla erikoisaloilla, kuten gynekologian, silmätautien ja korva-, nenä- ja kurkkutautien aloilla | aloilla | aloilla",4,/home/vitus/floently-finnish/apps/backend/materials/cards/published/professional/doctor/phrases/b1_b2.json,card.sentence.doctor.leikkauksia.suoritetaan.myos.muilla.erikoisaloilla.kuten.gynekol.0162 || card.sentence.doctor.leikkauksia.suoritetaan.myos.muilla.erikoisaloilla.kuten.gynekol.2918 || card.sentence.doctor.leikkauksia.suoritetaan.myos.muilla.erikoisaloilla.kuten.gynekol.2923 || card.sentence.doctor.leikkauksia.suoritetaan.myos.muilla.erikoisaloilla.kuten.gynekol.5381
sentence_card,doctor,complete the missing part of the sentence.,leikkausinfektioita voidaan vähentää mikrobilääkeprofylaksin eli ennaltaehkäisevän lääkehoidon avulla | avulla | avulla,4,/home/vitus/floently-finnish/apps/backend/materials/cards/published/professional/doctor/phrases/b1_b2.json,card.sentence.doctor.leikkausinfektioita.voidaan.vahentaa.mikrobilaakeprofylaksin.eli.0630 || card.sentence.doctor.leikkausinfektioita.voidaan.vahentaa.mikrobilaakeprofylaksin.eli.10243 || card.sentence.doctor.leikkausinfektioita.voidaan.vahentaa.mikrobilaakeprofylaksin.eli.2127 || card.sentence.doctor.leikkausinfektioita.voidaan.vahentaa.mikrobilaakeprofylaksin.eli.9055
sentence_card,doctor,complete the missing part of the sentence.,"– lyhyellä aikavälillä ihmisillä on päänsärkyä, pahoinvointia, hengitysvaikeuksia ja palamisen tunnetta silmissä, kasvoissa ja kurkussa | kurkussa | kurkussa",4,/home/vitus/floently-finnish/apps/backend/materials/cards/published/professional/doctor/phrases/b1_b2.json,card.sentence.doctor.lyhyella.aikavalilla.ihmisilla.on.paansarkya.pahoinvointia.hengi.5366 || card.sentence.doctor.lyhyella.aikavalilla.ihmisilla.on.paansarkya.pahoinvointia.hengi.5376 || card.sentence.doctor.lyhyella.aikavalilla.ihmisilla.on.paansarkya.pahoinvointia.hengi.5487 || card.sentence.doctor.lyhyella.aikavalilla.ihmisilla.on.paansarkya.pahoinvointia.hengi.8484
sentence_card,doctor,complete the missing part of the sentence.,maaliskuuta käyneille on jaettu estolääkityksenä antibioottia. | antibioottia | antibioottia,4,/home/vitus/floently-finnish/apps/backend/materials/cards/published/professional/doctor/phrases/b1_b2.json,card.sentence.doctor.maaliskuuta.kayneille.on.jaettu.estolaakityksena.antibioottia.1781 || card.sentence.doctor.maaliskuuta.kayneille.on.jaettu.estolaakityksena.antibioottia.4544 || card.sentence.doctor.maaliskuuta.kayneille.on.jaettu.estolaakityksena.antibioottia.4552 || card.sentence.doctor.maaliskuuta.kayneille.on.jaettu.estolaakityksena.antibioottia.6512
sentence_card,doctor,complete the missing part of the sentence.,miehet saavat samoilla sydänoireilla oikean diagnoosin kolme kertaa useammin kuin naiset | naiset | naiset,4,/home/vitus/floently-finnish/apps/backend/materials/cards/published/professional/doctor/phrases/b1_b2.json,card.sentence.doctor.miehet.saavat.samoilla.sydanoireilla.oikean.diagnoosin.kolme.ker.0242 || card.sentence.doctor.miehet.saavat.samoilla.sydanoireilla.oikean.diagnoosin.kolme.ker.1739 || card.sentence.doctor.miehet.saavat.samoilla.sydanoireilla.oikean.diagnoosin.kolme.ker.7088 || card.sentence.doctor.miehet.saavat.samoilla.sydanoireilla.oikean.diagnoosin.kolme.ker.7093
sentence_card,doctor,complete the missing part of the sentence.,moni influenssaa sairastanut kertoi korkeasta kuumeesta ja sitkeästä yskästä | yskästä | yskästä,4,/home/vitus/floently-finnish/apps/backend/materials/cards/published/professional/doctor/phrases/b1_b2.json,card.sentence.doctor.moni.influenssaa.sairastanut.kertoi.korkeasta.kuumeesta.ja.sitke.1110 || card.sentence.doctor.moni.influenssaa.sairastanut.kertoi.korkeasta.kuumeesta.ja.sitke.5321 || card.sentence.doctor.moni.influenssaa.sairastanut.kertoi.korkeasta.kuumeesta.ja.sitke.8667 || card.sentence.doctor.moni.influenssaa.sairastanut.kertoi.korkeasta.kuumeesta.ja.sitke.8675
sentence_card,doctor,complete the missing part of the sentence.,naisilla ei esiinny juurikaan ruokatorvisyöpää (suomen syöpärekisteri 2006).lähde? | syöpärekisteri | syöpärekisteri,4,/home/vitus/floently-finnish/apps/backend/materials/cards/published/professional/doctor/phrases/b1_b2.json,card.sentence.doctor.naisilla.ei.esiinny.juurikaan.ruokatorvisyopaa.suomen.syoparekis.3417 || card.sentence.doctor.naisilla.ei.esiinny.juurikaan.ruokatorvisyopaa.suomen.syoparekis.3422 || card.sentence.doctor.naisilla.ei.esiinny.juurikaan.ruokatorvisyopaa.suomen.syoparekis.3427 || card.sentence.doctor.naisilla.ei.esiinny.juurikaan.ruokatorvisyopaa.suomen.syoparekis.7381
sentence_card,doctor,complete the missing part of the sentence.,"nämä sairaudet ovat yleistyneet lähes kaikissa maissa, mutta suhteessa enemmän köyhemmissä ja keskituloisemmissa maissa, kuin rikkaammissa maissa.[22] | rikkaammissa | rikkaammissa",4,/home/vitus/floently-finnish/apps/backend/materials/cards/published/professional/doctor/phrases/b1_b2.json,card.sentence.doctor.nama.sairaudet.ovat.yleistyneet.lahes.kaikissa.maissa.mutta.suht.5298 || card.sentence.doctor.nama.sairaudet.ovat.yleistyneet.lahes.kaikissa.maissa.mutta.suht.5303 || card.sentence.doctor.nama.sairaudet.ovat.yleistyneet.lahes.kaikissa.maissa.mutta.suht.5308 || card.sentence.doctor.nama.sairaudet.ovat.yleistyneet.lahes.kaikissa.maissa.mutta.suht.8041
sentence_card,doctor,complete the missing part of the sentence.,niittyvuopiolle on ollut tärkeää olla avoin kokemistaan hoidoista ja taudin kuvasta | kuvasta | kuvasta,4,/home/vitus/floently-finnish/apps/backend/materials/cards/published/professional/doctor/phrases/b1_b2.json,card.sentence.doctor.niittyvuopiolle.on.ollut.tarkeaa.olla.avoin.kokemistaan.hoidoist.5899 || card.sentence.doctor.niittyvuopiolle.on.ollut.tarkeaa.olla.avoin.kokemistaan.hoidoist.5904 || card.sentence.doctor.niittyvuopiolle.on.ollut.tarkeaa.olla.avoin.kokemistaan.hoidoist.5909 || card.sentence.doctor.niittyvuopiolle.on.ollut.tarkeaa.olla.avoin.kokemistaan.hoidoist.5914
sentence_card,doctor,complete the missing part of the sentence.,"on kuitenkin havaittu, että täsmälleen sama oireisto saattaa johtaa miespotilaiden kohdalla naispotilaita useammin oikeaan diagnoosiin | diagnoosiin | diagnoosiin",4,/home/vitus/floently-finnish/apps/backend/materials/cards/published/professional/doctor/phrases/b1_b2.json,card.sentence.doctor.on.kuitenkin.havaittu.etta.tasmalleen.sama.oireisto.saattaa.joht.0172 || card.sentence.doctor.on.kuitenkin.havaittu.etta.tasmalleen.sama.oireisto.saattaa.joht.0227 || card.sentence.doctor.on.kuitenkin.havaittu.etta.tasmalleen.sama.oireisto.saattaa.joht.4232 || card.sentence.doctor.on.kuitenkin.havaittu.etta.tasmalleen.sama.oireisto.saattaa.joht.6623
sentence_card,doctor,complete the missing part of the sentence.,patologi tutkii mikroskoopilla kudosnäytteen ja diagnoosia voidaan varmentaa erikoisvärjäyksillä ja verikokeilla | verikokeilla | verikokeilla,4,/home/vitus/floently-finnish/apps/backend/materials/cards/published/professional/doctor/phrases/b1_b2.json,card.sentence.doctor.patologi.tutkii.mikroskoopilla.kudosnaytteen.ja.diagnoosia.voida.4524 || card.sentence.doctor.patologi.tutkii.mikroskoopilla.kudosnaytteen.ja.diagnoosia.voida.4529 || card.sentence.doctor.patologi.tutkii.mikroskoopilla.kudosnaytteen.ja.diagnoosia.voida.4534 || card.sentence.doctor.patologi.tutkii.mikroskoopilla.kudosnaytteen.ja.diagnoosia.voida.4539
sentence_card,doctor,complete the missing part of the sentence.,"pihlajalinnan lääketieteellinen johtaja sari riihijärvi kirjoittaa sähköpostitse, että heille on tärkeää olla mukana parantamassa hoitoon pääsyä. | pääsyä | pääsyä",4,/home/vitus/floently-finnish/apps/backend/materials/cards/published/professional/doctor/phrases/b1_b2.json,card.sentence.doctor.pihlajalinnan.laaketieteellinen.johtaja.sari.riihijarvi.kirjoitt.0147 || card.sentence.doctor.pihlajalinnan.laaketieteellinen.johtaja.sari.riihijarvi.kirjoitt.0247 || card.sentence.doctor.pihlajalinnan.laaketieteellinen.johtaja.sari.riihijarvi.kirjoitt.2742 || card.sentence.doctor.pihlajalinnan.laaketieteellinen.johtaja.sari.riihijarvi.kirjoitt.2747
sentence_card,doctor,complete the missing part of the sentence.,"potilaan sukuhistoria kuitenkin paljastaa usein selkeän periytyvyyden kaavan, jonka perusteella jotakin mody-oireyhtymää voidaan epäillä | epäillä | epäillä",4,/home/vitus/floently-finnish/apps/backend/materials/cards/published/professional/doctor/phrases/b1_b2.json,card.sentence.doctor.potilaan.sukuhistoria.kuitenkin.paljastaa.usein.selkean.periytyv.10205 || card.sentence.doctor.potilaan.sukuhistoria.kuitenkin.paljastaa.usein.selkean.periytyv.2516 || card.sentence.doctor.potilaan.sukuhistoria.kuitenkin.paljastaa.usein.selkean.periytyv.6358 || card.sentence.doctor.potilaan.sukuhistoria.kuitenkin.paljastaa.usein.selkean.periytyv.6363
sentence_card,doctor,complete the missing part of the sentence.,"raskauden aikana ssri-lääkkeitä käyttäneitä äitejä verrattiin masennusdiagnoosin saaneisiin naisiin, jotka eivät käyttäneet masennuslääkkeitä raskauden aikana, sekä naisiin, jotka olivat lopettaneet ssri-lääkityksen ennen raskautta. | raskautta | raskautta",4,/home/vitus/floently-finnish/apps/backend/materials/cards/published/professional/doctor/phrases/b1_b2.json,card.sentence.doctor.raskauden.aikana.ssri.laakkeita.kayttaneita.aiteja.verrattiin.ma.0622 || card.sentence.doctor.raskauden.aikana.ssri.laakkeita.kayttaneita.aiteja.verrattiin.ma.5105 || card.sentence.doctor.raskauden.aikana.ssri.laakkeita.kayttaneita.aiteja.verrattiin.ma.5110 || card.sentence.doctor.raskauden.aikana.ssri.laakkeita.kayttaneita.aiteja.verrattiin.ma.5121
sentence_card,doctor,complete the missing part of the sentence.,"riskinä olivat myös päihdeongelmat, joiden esiintyminen korostui naisilla, joilla oli eniten oireita nuorena | nuorena | nuorena",4,/home/vitus/floently-finnish/apps/backend/materials/cards/published/professional/doctor/phrases/b1_b2.json,card.sentence.doctor.riskina.olivat.myos.paihdeongelmat.joiden.esiintyminen.korostui..0894 || card.sentence.doctor.riskina.olivat.myos.paihdeongelmat.joiden.esiintyminen.korostui..3904 || card.sentence.doctor.riskina.olivat.myos.paihdeongelmat.joiden.esiintyminen.korostui..7862 || card.sentence.doctor.riskina.olivat.myos.paihdeongelmat.joiden.esiintyminen.korostui..7867
sentence_card,doctor,complete the missing part of the sentence.,"– se on liukuhihna, netissä voi varata lääkäriaikoja aamukahdeksasta iltakahdeksaan, sanoo mika. | mika | mika",4,/home/vitus/floently-finnish/apps/backend/materials/cards/published/professional/doctor/phrases/b1_b2.json,card.sentence.doctor.se.on.liukuhihna.netissa.voi.varata.laakariaikoja.aamukahdeksast.5144 || card.sentence.doctor.se.on.liukuhihna.netissa.voi.varata.laakariaikoja.aamukahdeksast.5154 || card.sentence.doctor.se.on.liukuhihna.netissa.voi.varata.laakariaikoja.aamukahdeksast.5162 || card.sentence.doctor.se.on.liukuhihna.netissa.voi.varata.laakariaikoja.aamukahdeksast.5167
sentence_card,doctor,complete the missing part of the sentence.,side- tai lihaskudoksesta alkunsa saanutta syöpää taas kutsutaan sarkoomaksi | sarkoomaksi | sarkoomaksi,4,/home/vitus/floently-finnish/apps/backend/materials/cards/published/professional/doctor/phrases/b1_b2.json,card.sentence.doctor.side.tai.lihaskudoksesta.alkunsa.saanutta.syopaa.taas.kutsutaan..10588 || card.sentence.doctor.side.tai.lihaskudoksesta.alkunsa.saanutta.syopaa.taas.kutsutaan..2046 || card.sentence.doctor.side.tai.lihaskudoksesta.alkunsa.saanutta.syopaa.taas.kutsutaan..8007 || card.sentence.doctor.side.tai.lihaskudoksesta.alkunsa.saanutta.syopaa.taas.kutsutaan..9594
sentence_card,doctor,complete the missing part of the sentence.,"siksi sitä sanotaan joskus virheellisesti lapsuus- tai nuoruusiän diabetekseksi, vaikka se voi alkaa missä iässä tahansa | tahansa | tahansa",4,/home/vitus/floently-finnish/apps/backend/materials/cards/published/professional/doctor/phrases/b1_b2.json,card.sentence.doctor.siksi.sita.sanotaan.joskus.virheellisesti.lapsuus.tai.nuoruusian.0152 || card.sentence.doctor.siksi.sita.sanotaan.joskus.virheellisesti.lapsuus.tai.nuoruusian.2564 || card.sentence.doctor.siksi.sita.sanotaan.joskus.virheellisesti.lapsuus.tai.nuoruusian.2569 || card.sentence.doctor.siksi.sita.sanotaan.joskus.virheellisesti.lapsuus.tai.nuoruusian.3166
sentence_card,doctor,complete the missing part of the sentence.,siksi terveydentilan kokonaisarviointi on tärkeämpää kuin pelkän painon tarkastelu. | tarkastelu | tarkastelu,4,/home/vitus/floently-finnish/apps/backend/materials/cards/published/professional/doctor/phrases/b1_b2.json,card.sentence.doctor.siksi.terveydentilan.kokonaisarviointi.on.tarkeampaa.kuin.pelkan.3375 || card.sentence.doctor.siksi.terveydentilan.kokonaisarviointi.on.tarkeampaa.kuin.pelkan.3380 || card.sentence.doctor.siksi.terveydentilan.kokonaisarviointi.on.tarkeampaa.kuin.pelkan.3385 || card.sentence.doctor.siksi.terveydentilan.kokonaisarviointi.on.tarkeampaa.kuin.pelkan.6195
sentence_card,doctor,complete the missing part of the sentence.,"syöpäsairaudet nimetään usein sen ruumiinosan mukaan, missä syöpäkasvaimia esiintyy | esiintyy | esiintyy",4,/home/vitus/floently-finnish/apps/backend/materials/cards/published/professional/doctor/phrases/b1_b2.json,card.sentence.doctor.syopasairaudet.nimetaan.usein.sen.ruumiinosan.mukaan.missa.syopa.10596 || card.sentence.doctor.syopasairaudet.nimetaan.usein.sen.ruumiinosan.mukaan.missa.syopa.6880 || card.sentence.doctor.syopasairaudet.nimetaan.usein.sen.ruumiinosan.mukaan.missa.syopa.6885 || card.sentence.doctor.syopasairaudet.nimetaan.usein.sen.ruumiinosan.mukaan.missa.syopa.6890
sentence_card,doctor,complete the missing part of the sentence.,"tärinän terveyshaitassa ei ole aina kyse hermovauriosta, vaan myös verisuonistoon ja verenkiertoon liittyvistä haitoista. | haitoista | haitoista",4,/home/vitus/floently-finnish/apps/backend/materials/cards/published/professional/doctor/phrases/b1_b2.json,card.sentence.doctor.tarinan.terveyshaitassa.ei.ole.aina.kyse.hermovauriosta.vaan.myo.4381 || card.sentence.doctor.tarinan.terveyshaitassa.ei.ole.aina.kyse.hermovauriosta.vaan.myo.4386 || card.sentence.doctor.tarinan.terveyshaitassa.ei.ole.aina.kyse.hermovauriosta.vaan.myo.4391 || card.sentence.doctor.tarinan.terveyshaitassa.ei.ole.aina.kyse.hermovauriosta.vaan.myo.7550
sentence_card,doctor,complete the missing part of the sentence.,"tässä jutussa kerrotaan, voiko potilas luottaa esimerkiksi latviassa tai romaniassa koulutetun lääkärin ammattitaitoon | ammattitaitoon | ammattitaitoon",4,/home/vitus/floently-finnish/apps/backend/materials/cards/published/professional/doctor/phrases/b1_b2.json,card.sentence.doctor.tassa.jutussa.kerrotaan.voiko.potilas.luottaa.esimerkiksi.latvia.0167 || card.sentence.doctor.tassa.jutussa.kerrotaan.voiko.potilas.luottaa.esimerkiksi.latvia.1481 || card.sentence.doctor.tassa.jutussa.kerrotaan.voiko.potilas.luottaa.esimerkiksi.latvia.3435 || card.sentence.doctor.tassa.jutussa.kerrotaan.voiko.potilas.luottaa.esimerkiksi.latvia.3469
sentence_card,doctor,complete the missing part of the sentence.,"termiä illness voitaisiin käyttää silloin, kun potilaalla on oireita, mutta tutkimuksissa ei ole havaittu lääketieteellisiä löydöksiä tai potilasta ei ole tutkittu | tutkittu | tutkittu",4,/home/vitus/floently-finnish/apps/backend/materials/cards/published/professional/doctor/phrases/b1_b2.json,card.sentence.doctor.termia.illness.voitaisiin.kayttaa.silloin.kun.potilaalla.on.oire.10692 || card.sentence.doctor.termia.illness.voitaisiin.kayttaa.silloin.kun.potilaalla.on.oire.11361 || card.sentence.doctor.termia.illness.voitaisiin.kayttaa.silloin.kun.potilaalla.on.oire.1892 || card.sentence.doctor.termia.illness.voitaisiin.kayttaa.silloin.kun.potilaalla.on.oire.1907
sentence_card,doctor,complete the missing part of the sentence.,termiä sickness voitaisiin käyttää sairauteen liittyvien yhteiskunnallisten toimien kuten sairausloman kaltaisten sosiaalietuuksien yhteydessä.[2] | sosiaalietuuksien | sosiaalietuuksien,4,/home/vitus/floently-finnish/apps/backend/materials/cards/published/professional/doctor/phrases/b1_b2.json,card.sentence.doctor.termia.sickness.voitaisiin.kayttaa.sairauteen.liittyvien.yhteisk.1574 || card.sentence.doctor.termia.sickness.voitaisiin.kayttaa.sairauteen.liittyvien.yhteisk.1579 || card.sentence.doctor.termia.sickness.voitaisiin.kayttaa.sairauteen.liittyvien.yhteisk.3583 || card.sentence.doctor.termia.sickness.voitaisiin.kayttaa.sairauteen.liittyvien.yhteisk.3588
sentence_card,doctor,complete the missing part of the sentence.,terveyskirjastossa neuvotaan myös lieventämään nenän tukkoisuutta nenäsuihkeilla | nenäsuihkeilla | nenäsuihkeilla,4,/home/vitus/floently-finnish/apps/backend/materials/cards/published/professional/doctor/phrases/b1_b2.json,card.sentence.doctor.terveyskirjastossa.neuvotaan.myos.lieventamaan.nenan.tukkoisuutt.1367 || card.sentence.doctor.terveyskirjastossa.neuvotaan.myos.lieventamaan.nenan.tukkoisuutt.3788 || card.sentence.doctor.terveyskirjastossa.neuvotaan.myos.lieventamaan.nenan.tukkoisuutt.3796 || card.sentence.doctor.terveyskirjastossa.neuvotaan.myos.lieventamaan.nenan.tukkoisuutt.3801
sentence_card,doctor,complete the missing part of the sentence.,"tulehdukseen saattaa liittyä kipua etenkin silloin, kun tulehtuneessa kudoksessa on kipuhermopäätteitä. | kipuhermopäätteitä | kipuhermopäätteitä",4,/home/vitus/floently-finnish/apps/backend/materials/cards/published/professional/doctor/phrases/b1_b2.json,card.sentence.doctor.tulehdukseen.saattaa.liittya.kipua.etenkin.silloin.kun.tulehtune.0041 || card.sentence.doctor.tulehdukseen.saattaa.liittya.kipua.etenkin.silloin.kun.tulehtune.3773 || card.sentence.doctor.tulehdukseen.saattaa.liittya.kipua.etenkin.silloin.kun.tulehtune.3778 || card.sentence.doctor.tulehdukseen.saattaa.liittya.kipua.etenkin.silloin.kun.tulehtune.3783
sentence_card,doctor,complete the missing part of the sentence.,"tulehdus voi johtua myös ateriasta, jolla on suuri glykeeminen kuorma[6], vammasta (esimerkiksi nilkan nyrjähdys) tai tuntemattomasta syystä (esimerkiksi reuma)[27] | syystä | syystä",4,/home/vitus/floently-finnish/apps/backend/materials/cards/published/professional/doctor/phrases/b1_b2.json,card.sentence.doctor.tulehdus.voi.johtua.myos.ateriasta.jolla.on.suuri.glykeeminen.ku.4614 || card.sentence.doctor.tulehdus.voi.johtua.myos.ateriasta.jolla.on.suuri.glykeeminen.ku.4619 || card.sentence.doctor.tulehdus.voi.johtua.myos.ateriasta.jolla.on.suuri.glykeeminen.ku.4624 || card.sentence.doctor.tulehdus.voi.johtua.myos.ateriasta.jolla.on.suuri.glykeeminen.ku.4632
sentence_card,doctor,complete the missing part of the sentence.,"valikoitumisharha syntyy siitä, että hoitava taho saa palautetta yleensä vain niiltä potilailta, jotka ovat hyötyneet saamastaan hoidosta, koska muut potilaat usein keskeyttävät hoidon.[13] | keskeyttävät | keskeyttävät",4,/home/vitus/floently-finnish/apps/backend/materials/cards/published/professional/doctor/phrases/b1_b2.json,card.sentence.doctor.valikoitumisharha.syntyy.siita.etta.hoitava.taho.saa.palautetta..10858 || card.sentence.doctor.valikoitumisharha.syntyy.siita.etta.hoitava.taho.saa.palautetta..8110 || card.sentence.doctor.valikoitumisharha.syntyy.siita.etta.hoitava.taho.saa.palautetta..8115 || card.sentence.doctor.valikoitumisharha.syntyy.siita.etta.hoitava.taho.saa.palautetta..8123
sentence_card,doctor,complete the missing part of the sentence.,"vasta 1700-luvulla katsottiin tarpeelliseksi, että lääkärienkin oli perehdyttävä kirurgian alkeisiin. | alkeisiin | alkeisiin",4,/home/vitus/floently-finnish/apps/backend/materials/cards/published/professional/doctor/phrases/b1_b2.json,card.sentence.doctor.vasta.1700.luvulla.katsottiin.tarpeelliseksi.etta.laakarienkin.o.4491 || card.sentence.doctor.vasta.1700.luvulla.katsottiin.tarpeelliseksi.etta.laakarienkin.o.4496 || card.sentence.doctor.vasta.1700.luvulla.katsottiin.tarpeelliseksi.etta.laakarienkin.o.4501 || card.sentence.doctor.vasta.1700.luvulla.katsottiin.tarpeelliseksi.etta.laakarienkin.o.4506
sentence_card,doctor,complete the missing part of the sentence.,"yhdysvaltalaistutkimuksen mukaan välineitä unohtuu vuosittain noin 1500 sikäläisen potilaan sisään.[26] suomessa sisään jää yleisimmin harsoinen leikkausliina, joka aiheuttaa tulehduksen | tulehduksen | tulehduksen",4,/home/vitus/floently-finnish/apps/backend/materials/cards/published/professional/doctor/phrases/b1_b2.json,card.sentence.doctor.yhdysvaltalaistutkimuksen.mukaan.valineita.unohtuu.vuosittain.no.10840 || card.sentence.doctor.yhdysvaltalaistutkimuksen.mukaan.valineita.unohtuu.vuosittain.no.5510 || card.sentence.doctor.yhdysvaltalaistutkimuksen.mukaan.valineita.unohtuu.vuosittain.no.5521 || card.sentence.doctor.yhdysvaltalaistutkimuksen.mukaan.valineita.unohtuu.vuosittain.no.5526
vocabulary_card,doctor,hoito,treatment,4,/home/vitus/floently-finnish/apps/backend/materials/cards/published/kielitaika_normalized_cards.json || /home/vitus/floently-finnish/apps/backend/materials/cards/published/professional/doctor/words/a1_a2.json || /home/vitus/floently-finnish/apps/backend/materials/cards/published/professional/doctor/words/b1_b2.json,card.vocab.doctor.hoito.0136 || card.vocab.doctor.hoito.0263 || card.vocab.doctor.hoito.0136 || card.vocab.doctor.hoito.0263
vocabulary_card,doctor,konsultaatio,consultation,4,/home/vitus/floently-finnish/apps/backend/materials/cards/published/kielitaika_normalized_cards.json || /home/vitus/floently-finnish/apps/backend/materials/cards/published/professional/doctor/words/b1_b2.json || /home/vitus/floently-finnish/apps/backend/materials/cards/published/professional/doctor/words/c1_c2.json,card.vocab.doctor.konsultaatio.0283 || card.vocab.doctor.konsultaatio.0399 || card.vocab.doctor.konsultaatio.0283 || card.vocab.doctor.konsultaatio.0399
vocabulary_card,doctor,maksa,liver,4,/home/vitus/floently-finnish/apps/backend/materials/cards/published/kielitaika_normalized_cards.json || /home/vitus/floently-finnish/apps/backend/materials/cards/published/professional/doctor/words/a1_a2.json || /home/vitus/floently-finnish/apps/backend/materials/cards/published/professional/doctor/words/b1_b2.json,card.vocab.doctor.maksa.0155 || card.vocab.doctor.maksa.0297 || card.vocab.doctor.maksa.0155 || card.vocab.doctor.maksa.0297
vocabulary_card,doctor,moniammatillinen,multidisciplinary,4,/home/vitus/floently-finnish/apps/backend/materials/cards/published/kielitaika_normalized_cards.json || /home/vitus/floently-finnish/apps/backend/materials/cards/published/professional/doctor/words/b1_b2.json || /home/vitus/floently-finnish/apps/backend/materials/cards/published/professional/doctor/words/c1_c2.json,card.vocab.doctor.moniammatillinen.0298 || card.vocab.doctor.moniammatillinen.0404 || card.vocab.doctor.moniammatillinen.0298 || card.vocab.doctor.moniammatillinen.0404
vocabulary_card,doctor,munuainen,kidney,4,/home/vitus/floently-finnish/apps/backend/materials/cards/published/kielitaika_normalized_cards.json || /home/vitus/floently-finnish/apps/backend/materials/cards/published/professional/doctor/words/a1_a2.json || /home/vitus/floently-finnish/apps/backend/materials/cards/published/professional/doctor/words/b1_b2.json,card.vocab.doctor.munuainen.0157 || card.vocab.doctor.munuainen.0299 || card.vocab.doctor.munuainen.0157 || card.vocab.doctor.munuainen.0299
vocabulary_card,doctor,oire,symptom,4,/home/vitus/floently-finnish/apps/backend/materials/cards/published/kielitaika_normalized_cards.json || /home/vitus/floently-finnish/apps/backend/materials/cards/published/professional/doctor/words/a1_a2.json || /home/vitus/floently-finnish/apps/backend/materials/cards/published/professional/doctor/words/b1_b2.json,card.vocab.doctor.oire.0160 || card.vocab.doctor.oire.0307 || card.vocab.doctor.oire.0160 || card.vocab.doctor.oire.0307
vocabulary_card,doctor,resepti,prescription,4,/home/vitus/floently-finnish/apps/backend/materials/cards/published/kielitaika_normalized_cards.json || /home/vitus/floently-finnish/apps/backend/materials/cards/published/professional/doctor/words/a1_a2.json || /home/vitus/floently-finnish/apps/backend/materials/cards/published/professional/doctor/words/b1_b2.json,card.vocab.doctor.resepti.0166 || card.vocab.doctor.resepti.0323 || card.vocab.doctor.resepti.0166 || card.vocab.doctor.resepti.0323
vocabulary_card,doctor,syke,heart rate,4,/home/vitus/floently-finnish/apps/backend/materials/cards/published/kielitaika_normalized_cards.json || /home/vitus/floently-finnish/apps/backend/materials/cards/published/professional/doctor/words/a1_a2.json || /home/vitus/floently-finnish/apps/backend/materials/cards/published/professional/doctor/words/b1_b2.json,card.vocab.doctor.syke.0174 || card.vocab.doctor.syke.0344 || card.vocab.doctor.syke.0174 || card.vocab.doctor.syke.0344
vocabulary_card,doctor,verenpaine,blood pressure,4,/home/vitus/floently-finnish/apps/backend/materials/cards/published/kielitaika_normalized_cards.json || /home/vitus/floently-finnish/apps/backend/materials/cards/published/professional/doctor/words/a1_a2.json || /home/vitus/floently-finnish/apps/backend/materials/cards/published/professional/doctor/words/b1_b2.json,card.vocab.doctor.verenpaine.0186 || card.vocab.doctor.verenpaine.0367 || card.vocab.doctor.verenpaine.0186 || card.vocab.doctor.verenpaine.0367
sentence_card,nurse,complete the missing part of the sentence.,"1700-luvulla kirurgian ja lääketieteen oppialat alkoivat yhdistyä, kun kirurgian harjoittaminen siirtyi välskäreiltä lääkäreiden hoitoon | hoitoon | hoitoon",4,/home/vitus/floently-finnish/apps/backend/materials/cards/published/professional/nurse/phrases/b1_b2.json,card.sentence.nurse.1700.luvulla.kirurgian.ja.laaketieteen.oppialat.alkoivat.yhdisty.1060 || card.sentence.nurse.1700.luvulla.kirurgian.ja.laaketieteen.oppialat.alkoivat.yhdisty.4234 || card.sentence.nurse.1700.luvulla.kirurgian.ja.laaketieteen.oppialat.alkoivat.yhdisty.4242 || card.sentence.nurse.1700.luvulla.kirurgian.ja.laaketieteen.oppialat.alkoivat.yhdisty.6297
sentence_card,nurse,complete the missing part of the sentence.,"aina on ollut ihmisiä, jotka ovat joutuneet erikoistumaan sairaiden ja heidän kipujensa kohtaamiseen | kohtaamiseen | kohtaamiseen",4,/home/vitus/floently-finnish/apps/backend/materials/cards/published/professional/nurse/phrases/b1_b2.json,card.sentence.nurse.aina.on.ollut.ihmisia.jotka.ovat.joutuneet.erikoistumaan.sairaid.2802 || card.sentence.nurse.aina.on.ollut.ihmisia.jotka.ovat.joutuneet.erikoistumaan.sairaid.2807 || card.sentence.nurse.aina.on.ollut.ihmisia.jotka.ovat.joutuneet.erikoistumaan.sairaid.6355 || card.sentence.nurse.aina.on.ollut.ihmisia.jotka.ovat.joutuneet.erikoistumaan.sairaid.6513
sentence_card,nurse,complete the missing part of the sentence.,"apuna käytetään tekoälysovellusta, joka auttaa tunnistamaan kaatumisvaarassa olevat vanhukset. | vanhukset | vanhukset",4,/home/vitus/floently-finnish/apps/backend/materials/cards/published/professional/nurse/phrases/b1_b2.json,card.sentence.nurse.apuna.kaytetaan.tekoalysovellusta.joka.auttaa.tunnistamaan.kaatu.1565 || card.sentence.nurse.apuna.kaytetaan.tekoalysovellusta.joka.auttaa.tunnistamaan.kaatu.1570 || card.sentence.nurse.apuna.kaytetaan.tekoalysovellusta.joka.auttaa.tunnistamaan.kaatu.1575 || card.sentence.nurse.apuna.kaytetaan.tekoalysovellusta.joka.auttaa.tunnistamaan.kaatu.1580
sentence_card,nurse,complete the missing part of the sentence.,asiantuntijat suosittelevat varhaista seulontaa ja tukea oireista kärsiville. | kärsiville | kärsiville,4,/home/vitus/floently-finnish/apps/backend/materials/cards/published/professional/nurse/phrases/b1_b2.json,card.sentence.nurse.asiantuntijat.suosittelevat.varhaista.seulontaa.ja.tukea.oireist.0501 || card.sentence.nurse.asiantuntijat.suosittelevat.varhaista.seulontaa.ja.tukea.oireist.4071 || card.sentence.nurse.asiantuntijat.suosittelevat.varhaista.seulontaa.ja.tukea.oireist.4079 || card.sentence.nurse.asiantuntijat.suosittelevat.varhaista.seulontaa.ja.tukea.oireist.4089
sentence_card,nurse,complete the missing part of the sentence.,avokirurgiassa myös kudosten palpaatio on oleellinen menetelmä | menetelmä | menetelmä,4,/home/vitus/floently-finnish/apps/backend/materials/cards/published/professional/nurse/phrases/b1_b2.json,card.sentence.nurse.avokirurgiassa.myos.kudosten.palpaatio.on.oleellinen.menetelma.2381 || card.sentence.nurse.avokirurgiassa.myos.kudosten.palpaatio.on.oleellinen.menetelma.5797 || card.sentence.nurse.avokirurgiassa.myos.kudosten.palpaatio.on.oleellinen.menetelma.5802 || card.sentence.nurse.avokirurgiassa.myos.kudosten.palpaatio.on.oleellinen.menetelma.5807
sentence_card,nurse,complete the missing part of the sentence.,"diabetesdiagnoosin varmentaminen ja niiden eri muotojen erottaminen toisistaan vaatii lisäksi oireiden tulkitsemista, potilaan sukulaisten sairauksien selvittämistä tai mahdollisesti geenitestejä.[2] | mahdollisesti | mahdollisesti",4,/home/vitus/floently-finnish/apps/backend/materials/cards/published/professional/nurse/phrases/b1_b2.json,card.sentence.nurse.diabetesdiagnoosin.varmentaminen.ja.niiden.eri.muotojen.erottami.3228 || card.sentence.nurse.diabetesdiagnoosin.varmentaminen.ja.niiden.eri.muotojen.erottami.3233 || card.sentence.nurse.diabetesdiagnoosin.varmentaminen.ja.niiden.eri.muotojen.erottami.3238 || card.sentence.nurse.diabetesdiagnoosin.varmentaminen.ja.niiden.eri.muotojen.erottami.3249
sentence_card,nurse,complete the missing part of the sentence.,eri maissa on kuitenkin vaihtelevia käytäntöjä esimerkiksi siinä kuinka paljon potilastyötä tehdään opiskeluaikana. | opiskeluaikana | opiskeluaikana,4,/home/vitus/floently-finnish/apps/backend/materials/cards/published/professional/nurse/phrases/b1_b2.json,card.sentence.nurse.eri.maissa.on.kuitenkin.vaihtelevia.kaytantoja.esimerkiksi.siina.0136 || card.sentence.nurse.eri.maissa.on.kuitenkin.vaihtelevia.kaytantoja.esimerkiksi.siina.2480 || card.sentence.nurse.eri.maissa.on.kuitenkin.vaihtelevia.kaytantoja.esimerkiksi.siina.2485 || card.sentence.nurse.eri.maissa.on.kuitenkin.vaihtelevia.kaytantoja.esimerkiksi.siina.5206
sentence_card,nurse,complete the missing part of the sentence.,erotetaan jyvät akanoista ja terveet sairaista.” | terveet | terveet,4,/home/vitus/floently-finnish/apps/backend/materials/cards/published/professional/nurse/phrases/b1_b2.json,card.sentence.nurse.erotetaan.jyvat.akanoista.ja.terveet.sairaista.3356 || card.sentence.nurse.erotetaan.jyvat.akanoista.ja.terveet.sairaista.3361 || card.sentence.nurse.erotetaan.jyvat.akanoista.ja.terveet.sairaista.3366 || card.sentence.nurse.erotetaan.jyvat.akanoista.ja.terveet.sairaista.3371
sentence_card,nurse,complete the missing part of the sentence.,"hän esiintyy tässä jutussa pelkällä etunimellään, koska aihe käsittelee arkaluontoisia terveystietoja | terveystietoja | terveystietoja",4,/home/vitus/floently-finnish/apps/backend/materials/cards/published/professional/nurse/phrases/b1_b2.json,card.sentence.nurse.han.esiintyy.tassa.jutussa.pelkalla.etunimellaan.koska.aihe.kasi.3001 || card.sentence.nurse.han.esiintyy.tassa.jutussa.pelkalla.etunimellaan.koska.aihe.kasi.3006 || card.sentence.nurse.han.esiintyy.tassa.jutussa.pelkalla.etunimellaan.koska.aihe.kasi.3014 || card.sentence.nurse.han.esiintyy.tassa.jutussa.pelkalla.etunimellaan.koska.aihe.kasi.3068
sentence_card,nurse,complete the missing part of the sentence.,"hän on selvittänyt väitöskirjassaan, paljonko naiset saavat raskauden aikana kofeiinia ja miten se vaikuttaa äidin ja lapsen terveyteen. | terveyteen | terveyteen",4,/home/vitus/floently-finnish/apps/backend/materials/cards/published/professional/nurse/phrases/b1_b2.json,card.sentence.nurse.han.on.selvittanyt.vaitoskirjassaan.paljonko.naiset.saavat.raska.1167 || card.sentence.nurse.han.on.selvittanyt.vaitoskirjassaan.paljonko.naiset.saavat.raska.2983 || card.sentence.nurse.han.on.selvittanyt.vaitoskirjassaan.paljonko.naiset.saavat.raska.4043 || card.sentence.nurse.han.on.selvittanyt.vaitoskirjassaan.paljonko.naiset.saavat.raska.4048
sentence_card,nurse,complete the missing part of the sentence.,hänen auktoriteettinsa ohjasi länsimaista lääketiedettä aina 1700-luvun alkupuolelle saakka | saakka | saakka,4,/home/vitus/floently-finnish/apps/backend/materials/cards/published/professional/nurse/phrases/b1_b2.json,card.sentence.nurse.hanen.auktoriteettinsa.ohjasi.lansimaista.laaketiedetta.aina.170.1247 || card.sentence.nurse.hanen.auktoriteettinsa.ohjasi.lansimaista.laaketiedetta.aina.170.1255 || card.sentence.nurse.hanen.auktoriteettinsa.ohjasi.lansimaista.laaketiedetta.aina.170.4462 || card.sentence.nurse.hanen.auktoriteettinsa.ohjasi.lansimaista.laaketiedetta.aina.170.7051
sentence_card,nurse,complete the missing part of the sentence.,"heidän mukaansa lääkkeitä määrätään liian paljon, ja he haluaisivat turvautua lääkkeettömään hoitoon. | hoitoon | hoitoon",4,/home/vitus/floently-finnish/apps/backend/materials/cards/published/professional/nurse/phrases/b1_b2.json,card.sentence.nurse.heidan.mukaansa.laakkeita.maarataan.liian.paljon.ja.he.haluaisiv.0013 || card.sentence.nurse.heidan.mukaansa.laakkeita.maarataan.liian.paljon.ja.he.haluaisiv.0805 || card.sentence.nurse.heidan.mukaansa.laakkeita.maarataan.liian.paljon.ja.he.haluaisiv.1172 || card.sentence.nurse.heidan.mukaansa.laakkeita.maarataan.liian.paljon.ja.he.haluaisiv.4775
sentence_card,nurse,complete the missing part of the sentence.,"heistaro korostaa, että kokeneiden lääkärikollegojen neuvot ja tuki opiskelijalle ovat silloin tärkeitä. | tärkeitä | tärkeitä",4,/home/vitus/floently-finnish/apps/backend/materials/cards/published/professional/nurse/phrases/b1_b2.json,card.sentence.nurse.heistaro.korostaa.etta.kokeneiden.laakarikollegojen.neuvot.ja.tu.0482 || card.sentence.nurse.heistaro.korostaa.etta.kokeneiden.laakarikollegojen.neuvot.ja.tu.1214 || card.sentence.nurse.heistaro.korostaa.etta.kokeneiden.laakarikollegojen.neuvot.ja.tu.5162 || card.sentence.nurse.heistaro.korostaa.etta.kokeneiden.laakarikollegojen.neuvot.ja.tu.5172
sentence_card,nurse,complete the missing part of the sentence.,japanin terveysministeriö näytti vihreää valoa myös uudelle sydänsairauksien hoitomenetelmälle. | hoitomenetelmälle | hoitomenetelmälle,4,/home/vitus/floently-finnish/apps/backend/materials/cards/published/professional/nurse/phrases/b1_b2.json,card.sentence.nurse.japanin.terveysministerio.naytti.vihreaa.valoa.myos.uudelle.syda.5037 || card.sentence.nurse.japanin.terveysministerio.naytti.vihreaa.valoa.myos.uudelle.syda.5045 || card.sentence.nurse.japanin.terveysministerio.naytti.vihreaa.valoa.myos.uudelle.syda.5050 || card.sentence.nurse.japanin.terveysministerio.naytti.vihreaa.valoa.myos.uudelle.syda.5063
sentence_card,nurse,complete the missing part of the sentence.,"järjestelmien ihmisenkaltaisuuden on havaittu parantavan käyttökokemusta, sanotaan yhdysvaltain kansallisen lääketieteellisen kirjaston sivuilla olevassa tutkimuksessa. | tutkimuksessa | tutkimuksessa",4,/home/vitus/floently-finnish/apps/backend/materials/cards/published/professional/nurse/phrases/b1_b2.json,card.sentence.nurse.jarjestelmien.ihmisenkaltaisuuden.on.havaittu.parantavan.kayttok.4517 || card.sentence.nurse.jarjestelmien.ihmisenkaltaisuuden.on.havaittu.parantavan.kayttok.4522 || card.sentence.nurse.jarjestelmien.ihmisenkaltaisuuden.on.havaittu.parantavan.kayttok.4527 || card.sentence.nurse.jarjestelmien.ihmisenkaltaisuuden.on.havaittu.parantavan.kayttok.4535
sentence_card,nurse,complete the missing part of the sentence.,"jarullin kertoo käyvänsä ennen vastaanottoa läpi potilaan kanta-merkinnät ja mahdolliset lääkkeet, joita hän vertaa tämän kertomukseen | kertomukseen | kertomukseen",4,/home/vitus/floently-finnish/apps/backend/materials/cards/published/professional/nurse/phrases/b1_b2.json,card.sentence.nurse.jarullin.kertoo.kayvansa.ennen.vastaanottoa.lapi.potilaan.kanta..0046 || card.sentence.nurse.jarullin.kertoo.kayvansa.ennen.vastaanottoa.lapi.potilaan.kanta..1065 || card.sentence.nurse.jarullin.kertoo.kayvansa.ennen.vastaanottoa.lapi.potilaan.kanta..5600 || card.sentence.nurse.jarullin.kertoo.kayvansa.ennen.vastaanottoa.lapi.potilaan.kanta..5608
sentence_card,nurse,complete the missing part of the sentence.,"jos sairastaja on vaikka poromies, uskon hänen haluavan kuulla poroelämästä | poroelämästä | poroelämästä",4,/home/vitus/floently-finnish/apps/backend/materials/cards/published/professional/nurse/phrases/b1_b2.json,card.sentence.nurse.jos.sairastaja.on.vaikka.poromies.uskon.hanen.haluavan.kuulla.po.4000 || card.sentence.nurse.jos.sairastaja.on.vaikka.poromies.uskon.hanen.haluavan.kuulla.po.4005 || card.sentence.nurse.jos.sairastaja.on.vaikka.poromies.uskon.hanen.haluavan.kuulla.po.4010 || card.sentence.nurse.jos.sairastaja.on.vaikka.poromies.uskon.hanen.haluavan.kuulla.po.4015
sentence_card,nurse,complete the missing part of the sentence.,"jos tätä tapahtuu häiritsevän paljon, kannattaa hakeutua lääkäriin.[8] | hakeutua | hakeutua",4,/home/vitus/floently-finnish/apps/backend/materials/cards/published/professional/nurse/phrases/b1_b2.json,card.sentence.nurse.jos.tata.tapahtuu.hairitsevan.paljon.kannattaa.hakeutua.laakarii.2693 || card.sentence.nurse.jos.tata.tapahtuu.hairitsevan.paljon.kannattaa.hakeutua.laakarii.2698 || card.sentence.nurse.jos.tata.tapahtuu.hairitsevan.paljon.kannattaa.hakeutua.laakarii.2703 || card.sentence.nurse.jos.tata.tapahtuu.hairitsevan.paljon.kannattaa.hakeutua.laakarii.4324
sentence_card,nurse,complete the missing part of the sentence.,"jotta lääkäristä tulisi kirurgi, hänen on lääketieteen lisensiaatin tutkinnon jälkeen opiskeltava kuusi vuotta ohjatussa kirurgian koulutuksessa | koulutuksessa | koulutuksessa",4,/home/vitus/floently-finnish/apps/backend/materials/cards/published/professional/nurse/phrases/b1_b2.json,card.sentence.nurse.jotta.laakarista.tulisi.kirurgi.hanen.on.laaketieteen.lisensiaat.0347 || card.sentence.nurse.jotta.laakarista.tulisi.kirurgi.hanen.on.laaketieteen.lisensiaat.4968 || card.sentence.nurse.jotta.laakarista.tulisi.kirurgi.hanen.on.laaketieteen.lisensiaat.4979 || card.sentence.nurse.jotta.laakarista.tulisi.kirurgi.hanen.on.laaketieteen.lisensiaat.4984
sentence_card,nurse,complete the missing part of the sentence.,"jotta tutkimukseen saataisiin vertailukelpoinen verrokkiryhmä, pitäisi siihen kuuluvillekin tehdä jonkinlainen ""lumeleikkaus"" | jonkinlainen | jonkinlainen",4,/home/vitus/floently-finnish/apps/backend/materials/cards/published/professional/nurse/phrases/b1_b2.json,card.sentence.nurse.jotta.tutkimukseen.saataisiin.vertailukelpoinen.verrokkiryhma.pi.3341 || card.sentence.nurse.jotta.tutkimukseen.saataisiin.vertailukelpoinen.verrokkiryhma.pi.3346 || card.sentence.nurse.jotta.tutkimukseen.saataisiin.vertailukelpoinen.verrokkiryhma.pi.3351 || card.sentence.nurse.jotta.tutkimukseen.saataisiin.vertailukelpoinen.verrokkiryhma.pi.4142
sentence_card,nurse,complete the missing part of the sentence.,juhani jutilalla on toistaiseksi muutaman kuukauden kokemus työharjoittelusta lääkärinä suomessa. | suomessa | suomessa,4,/home/vitus/floently-finnish/apps/backend/materials/cards/published/professional/nurse/phrases/b1_b2.json,card.sentence.nurse.juhani.jutilalla.on.toistaiseksi.muutaman.kuukauden.kokemus.tyoh.0401 || card.sentence.nurse.juhani.jutilalla.on.toistaiseksi.muutaman.kuukauden.kokemus.tyoh.0534 || card.sentence.nurse.juhani.jutilalla.on.toistaiseksi.muutaman.kuukauden.kokemus.tyoh.3205 || card.sentence.nurse.juhani.jutilalla.on.toistaiseksi.muutaman.kuukauden.kokemus.tyoh.3210
sentence_card,nurse,complete the missing part of the sentence.,"χειρουργία < χείρ 'käsi + έργον 'työ') on lääketieteen ala, jossa sairauksia, vammoja, kasvaimia tai epämuodostumia hoidetaan leikkausten avulla | avulla | avulla",4,/home/vitus/floently-finnish/apps/backend/materials/cards/published/professional/nurse/phrases/b1_b2.json,card.sentence.nurse.kasi.tyo.on.laaketieteen.ala.jossa.sairauksia.vammoja.kasvaimia..0061 || card.sentence.nurse.kasi.tyo.on.laaketieteen.ala.jossa.sairauksia.vammoja.kasvaimia..2631 || card.sentence.nurse.kasi.tyo.on.laaketieteen.ala.jossa.sairauksia.vammoja.kasvaimia..6041 || card.sentence.nurse.kasi.tyo.on.laaketieteen.ala.jossa.sairauksia.vammoja.kasvaimia..6086
sentence_card,nurse,complete the missing part of the sentence.,kirurgisen hoidon haittavaikutukset[23] voidaan yleisesti jakaa välittömiin ja viivästyneisiin komplikaatioihin.[24] välittömät haittavaikutukset ilmenevät jo toimenpiteen aikana tai välittömästi sen jälkeen | jälkeen | jälkeen,4,/home/vitus/floently-finnish/apps/backend/materials/cards/published/professional/nurse/phrases/b1_b2.json,card.sentence.nurse.kirurgisen.hoidon.haittavaikutukset.23.voidaan.yleisesti.jakaa.v.0969 || card.sentence.nurse.kirurgisen.hoidon.haittavaikutukset.23.voidaan.yleisesti.jakaa.v.5250 || card.sentence.nurse.kirurgisen.hoidon.haittavaikutukset.23.voidaan.yleisesti.jakaa.v.5255 || card.sentence.nurse.kirurgisen.hoidon.haittavaikutukset.23.voidaan.yleisesti.jakaa.v.6518
sentence_card,nurse,complete the missing part of the sentence.,lääkäreiden asiakkaille ja potilaille lääkärimäärän kasvu voi tarkoittaa valinnanvaran lisääntymistä. | lisääntymistä | lisääntymistä,4,/home/vitus/floently-finnish/apps/backend/materials/cards/published/professional/nurse/phrases/b1_b2.json,card.sentence.nurse.laakareiden.asiakkaille.ja.potilaille.laakarimaaran.kasvu.voi.ta.0948 || card.sentence.nurse.laakareiden.asiakkaille.ja.potilaille.laakarimaaran.kasvu.voi.ta.0953 || card.sentence.nurse.laakareiden.asiakkaille.ja.potilaille.laakarimaaran.kasvu.voi.ta.4430 || card.sentence.nurse.laakareiden.asiakkaille.ja.potilaille.laakarimaaran.kasvu.voi.ta.4435
sentence_card,nurse,complete the missing part of the sentence.,lääkäriliitto käy ulkomailla kouluttamassa opiskelijoille käytännön työtä tukevia taitoja kuten todistusten ja lausuntojen laatimista. | laatimista | laatimista,4,/home/vitus/floently-finnish/apps/backend/materials/cards/published/professional/nurse/phrases/b1_b2.json,card.sentence.nurse.laakariliitto.kay.ulkomailla.kouluttamassa.opiskelijoille.kaytan.2105 || card.sentence.nurse.laakariliitto.kay.ulkomailla.kouluttamassa.opiskelijoille.kaytan.2115 || card.sentence.nurse.laakariliitto.kay.ulkomailla.kouluttamassa.opiskelijoille.kaytan.2120 || card.sentence.nurse.laakariliitto.kay.ulkomailla.kouluttamassa.opiskelijoille.kaytan.2125
sentence_card,nurse,complete the missing part of the sentence.,lääkärit pyrkivät rohdoin ja ruokavaliolla palauttamaan näiden tasapainon | tasapainon | tasapainon,4,/home/vitus/floently-finnish/apps/backend/materials/cards/published/professional/nurse/phrases/b1_b2.json,card.sentence.nurse.laakarit.pyrkivat.rohdoin.ja.ruokavaliolla.palauttamaan.naiden.t.1588 || card.sentence.nurse.laakarit.pyrkivat.rohdoin.ja.ruokavaliolla.palauttamaan.naiden.t.1599 || card.sentence.nurse.laakarit.pyrkivat.rohdoin.ja.ruokavaliolla.palauttamaan.naiden.t.6975 || card.sentence.nurse.laakarit.pyrkivat.rohdoin.ja.ruokavaliolla.palauttamaan.naiden.t.7168
sentence_card,nurse,complete the missing part of the sentence.,"lääketiede on soveltava tiede, jossa sovelletaan useita luonnontieteitä, kuten biologiaa, kemiaa ja fysiikkaa | fysiikkaa | fysiikkaa",4,/home/vitus/floently-finnish/apps/backend/materials/cards/published/professional/nurse/phrases/b1_b2.json,card.sentence.nurse.laaketiede.on.soveltava.tiede.jossa.sovelletaan.useita.luonnonti.5410 || card.sentence.nurse.laaketiede.on.soveltava.tiede.jossa.sovelletaan.useita.luonnonti.5418 || card.sentence.nurse.laaketiede.on.soveltava.tiede.jossa.sovelletaan.useita.luonnonti.5428 || card.sentence.nurse.laaketiede.on.soveltava.tiede.jossa.sovelletaan.useita.luonnonti.6927
sentence_card,nurse,complete the missing part of the sentence.,"lapha kiinnostui elina hanhivaaran äidin tilanteesta viime kesänä, kun hän joutui tehohoitoon | tehohoitoon | tehohoitoon",4,/home/vitus/floently-finnish/apps/backend/materials/cards/published/professional/nurse/phrases/b1_b2.json,card.sentence.nurse.lapha.kiinnostui.elina.hanhivaaran.aidin.tilanteesta.viime.kesan.0271 || card.sentence.nurse.lapha.kiinnostui.elina.hanhivaaran.aidin.tilanteesta.viime.kesan.1431 || card.sentence.nurse.lapha.kiinnostui.elina.hanhivaaran.aidin.tilanteesta.viime.kesan.1436 || card.sentence.nurse.lapha.kiinnostui.elina.hanhivaaran.aidin.tilanteesta.viime.kesan.6568
sentence_card,nurse,complete the missing part of the sentence.,"liikuntakyvyn lisäksi voidaan kiinnittää huomiota ravitsemukseen, lääkitykseen tai alkoholinkäyttöön sekä kodin esteettömyyteen ja asiakkaan jalkineisiin. | jalkineisiin | jalkineisiin",4,/home/vitus/floently-finnish/apps/backend/materials/cards/published/professional/nurse/phrases/b1_b2.json,card.sentence.nurse.liikuntakyvyn.lisaksi.voidaan.kiinnittaa.huomiota.ravitsemukseen.4727 || card.sentence.nurse.liikuntakyvyn.lisaksi.voidaan.kiinnittaa.huomiota.ravitsemukseen.4738 || card.sentence.nurse.liikuntakyvyn.lisaksi.voidaan.kiinnittaa.huomiota.ravitsemukseen.4748 || card.sentence.nurse.liikuntakyvyn.lisaksi.voidaan.kiinnittaa.huomiota.ravitsemukseen.7326
sentence_card,nurse,complete the missing part of the sentence.,"myös maineikas lääkäri hippokrates kannatti humoraalioppia, jota pidettiin lääketieteellisenä totuutena kahdentuhannen vuoden ajan[5]. | vuoden | vuoden",4,/home/vitus/floently-finnish/apps/backend/materials/cards/published/professional/nurse/phrases/b1_b2.json,card.sentence.nurse.myos.maineikas.laakari.hippokrates.kannatti.humoraalioppia.jota..5684 || card.sentence.nurse.myos.maineikas.laakari.hippokrates.kannatti.humoraalioppia.jota..5692 || card.sentence.nurse.myos.maineikas.laakari.hippokrates.kannatti.humoraalioppia.jota..5697 || card.sentence.nurse.myos.maineikas.laakari.hippokrates.kannatti.humoraalioppia.jota..5702
sentence_card,nurse,complete the missing part of the sentence.,naispotilaiden hoitotulokset ovat myös keskimäärin huonompia kuin miespotilaiden.[12] | kuin | kuin,4,/home/vitus/floently-finnish/apps/backend/materials/cards/published/professional/nurse/phrases/b1_b2.json,card.sentence.nurse.naispotilaiden.hoitotulokset.ovat.myos.keskimaarin.huonompia.kui.0524 || card.sentence.nurse.naispotilaiden.hoitotulokset.ovat.myos.keskimaarin.huonompia.kui.2071 || card.sentence.nurse.naispotilaiden.hoitotulokset.ovat.myos.keskimaarin.huonompia.kui.3827 || card.sentence.nurse.naispotilaiden.hoitotulokset.ovat.myos.keskimaarin.huonompia.kui.4425
sentence_card,nurse,complete the missing part of the sentence.,niiden mukaan hänet oli päätetty viedä hoitolaitokseen arviointijaksolle ”vaikka vastentahtoisesti”. | arviointijaksolle | arviointijaksolle,4,/home/vitus/floently-finnish/apps/backend/materials/cards/published/professional/nurse/phrases/b1_b2.json,card.sentence.nurse.niiden.mukaan.hanet.oli.paatetty.vieda.hoitolaitokseen.arviointi.0992 || card.sentence.nurse.niiden.mukaan.hanet.oli.paatetty.vieda.hoitolaitokseen.arviointi.1080 || card.sentence.nurse.niiden.mukaan.hanet.oli.paatetty.vieda.hoitolaitokseen.arviointi.3587 || card.sentence.nurse.niiden.mukaan.hanet.oli.paatetty.vieda.hoitolaitokseen.arviointi.3592
sentence_card,nurse,complete the missing part of the sentence.,onko sinulla kokemuksia lihavuuslääkkeistä? ole yhteydessä jutun toimittajaan satu.miettinen@yle.fi. | toimittajaan | toimittajaan,4,/home/vitus/floently-finnish/apps/backend/materials/cards/published/professional/nurse/phrases/b1_b2.json,card.sentence.nurse.onko.sinulla.kokemuksia.lihavuuslaakkeista.ole.yhteydessa.jutun..2076 || card.sentence.nurse.onko.sinulla.kokemuksia.lihavuuslaakkeista.ole.yhteydessa.jutun..2265 || card.sentence.nurse.onko.sinulla.kokemuksia.lihavuuslaakkeista.ole.yhteydessa.jutun..2996 || card.sentence.nurse.onko.sinulla.kokemuksia.lihavuuslaakkeista.ole.yhteydessa.jutun..3092
sentence_card,nurse,complete the missing part of the sentence.,patologi tutkii mikroskoopilla kudosnäytteen ja diagnoosia voidaan varmentaa erikoisvärjäyksillä ja verikokeilla | verikokeilla | verikokeilla,4,/home/vitus/floently-finnish/apps/backend/materials/cards/published/professional/nurse/phrases/b1_b2.json,card.sentence.nurse.patologi.tutkii.mikroskoopilla.kudosnaytteen.ja.diagnoosia.voida.2848 || card.sentence.nurse.patologi.tutkii.mikroskoopilla.kudosnaytteen.ja.diagnoosia.voida.2853 || card.sentence.nurse.patologi.tutkii.mikroskoopilla.kudosnaytteen.ja.diagnoosia.voida.2858 || card.sentence.nurse.patologi.tutkii.mikroskoopilla.kudosnaytteen.ja.diagnoosia.voida.2863
sentence_card,nurse,complete the missing part of the sentence.,"pihlajalinnan lääketieteellinen johtaja sari riihijärvi kirjoittaa sähköpostitse, että heille on tärkeää olla mukana parantamassa hoitoon pääsyä. | pääsyä | pääsyä",4,/home/vitus/floently-finnish/apps/backend/materials/cards/published/professional/nurse/phrases/b1_b2.json,card.sentence.nurse.pihlajalinnan.laaketieteellinen.johtaja.sari.riihijarvi.kirjoitt.0056 || card.sentence.nurse.pihlajalinnan.laaketieteellinen.johtaja.sari.riihijarvi.kirjoitt.0373 || card.sentence.nurse.pihlajalinnan.laaketieteellinen.johtaja.sari.riihijarvi.kirjoitt.1684 || card.sentence.nurse.pihlajalinnan.laaketieteellinen.johtaja.sari.riihijarvi.kirjoitt.1689
sentence_card,nurse,complete the missing part of the sentence.,renessanssin aikana lääketieteen edustajat alkoivat hiljalleen tutkia ihmisruumista ruumiinavauksin | ruumiinavauksin | ruumiinavauksin,4,/home/vitus/floently-finnish/apps/backend/materials/cards/published/professional/nurse/phrases/b1_b2.json,card.sentence.nurse.renessanssin.aikana.laaketieteen.edustajat.alkoivat.hiljalleen.t.0177 || card.sentence.nurse.renessanssin.aikana.laaketieteen.edustajat.alkoivat.hiljalleen.t.0906 || card.sentence.nurse.renessanssin.aikana.laaketieteen.edustajat.alkoivat.hiljalleen.t.2609 || card.sentence.nurse.renessanssin.aikana.laaketieteen.edustajat.alkoivat.hiljalleen.t.6620
sentence_card,nurse,complete the missing part of the sentence.,"– se on liukuhihna, netissä voi varata lääkäriaikoja aamukahdeksasta iltakahdeksaan, sanoo mika. | mika | mika",4,/home/vitus/floently-finnish/apps/backend/materials/cards/published/professional/nurse/phrases/b1_b2.json,card.sentence.nurse.se.on.liukuhihna.netissa.voi.varata.laakariaikoja.aamukahdeksast.3177 || card.sentence.nurse.se.on.liukuhihna.netissa.voi.varata.laakariaikoja.aamukahdeksast.3187 || card.sentence.nurse.se.on.liukuhihna.netissa.voi.varata.laakariaikoja.aamukahdeksast.3195 || card.sentence.nurse.se.on.liukuhihna.netissa.voi.varata.laakariaikoja.aamukahdeksast.3200
sentence_card,nurse,complete the missing part of the sentence.,se yhdistettynä ulkomailla opiskelun suosioon voi jollain aikavälillä johtaa jopa lääkärien ylitarjontaan. | ylitarjontaan | ylitarjontaan,4,/home/vitus/floently-finnish/apps/backend/materials/cards/published/professional/nurse/phrases/b1_b2.json,card.sentence.nurse.se.yhdistettyna.ulkomailla.opiskelun.suosioon.voi.jollain.aikava.0974 || card.sentence.nurse.se.yhdistettyna.ulkomailla.opiskelun.suosioon.voi.jollain.aikava.1227 || card.sentence.nurse.se.yhdistettyna.ulkomailla.opiskelun.suosioon.voi.jollain.aikava.5211 || card.sentence.nurse.se.yhdistettyna.ulkomailla.opiskelun.suosioon.voi.jollain.aikava.5452
sentence_card,nurse,complete the missing part of the sentence.,solunsalpaajia annetaan kolmannekselle potilaista.lähde? | kolmannekselle | kolmannekselle,4,/home/vitus/floently-finnish/apps/backend/materials/cards/published/professional/nurse/phrases/b1_b2.json,card.sentence.nurse.solunsalpaajia.annetaan.kolmannekselle.potilaista.lahde.1285 || card.sentence.nurse.solunsalpaajia.annetaan.kolmannekselle.potilaista.lahde.1370 || card.sentence.nurse.solunsalpaajia.annetaan.kolmannekselle.potilaista.lahde.1940 || card.sentence.nurse.solunsalpaajia.annetaan.kolmannekselle.potilaista.lahde.5853
sentence_card,nurse,complete the missing part of the sentence.,"syövän hoito perustuu leikkaukseen, lääkehoitoon ja sädehoitoon sekä kaikkien hoitojen yhdistelmiin | yhdistelmiin | yhdistelmiin",4,/home/vitus/floently-finnish/apps/backend/materials/cards/published/professional/nurse/phrases/b1_b2.json,card.sentence.nurse.syovan.hoito.perustuu.leikkaukseen.laakehoitoon.ja.sadehoitoon.s.0289 || card.sentence.nurse.syovan.hoito.perustuu.leikkaukseen.laakehoitoon.ja.sadehoitoon.s.0577 || card.sentence.nurse.syovan.hoito.perustuu.leikkaukseen.laakehoitoon.ja.sadehoitoon.s.3698 || card.sentence.nurse.syovan.hoito.perustuu.leikkaukseen.laakehoitoon.ja.sadehoitoon.s.7013
sentence_card,nurse,complete the missing part of the sentence.,"syövän toteamiseen, syövän levinneisyyteen, hoitojen onnistumisen selvittämiseen sekä syövän seurantaan käytetään usein radiologisia kuvantamismenetelmiä | kuvantamismenetelmiä | kuvantamismenetelmiä",4,/home/vitus/floently-finnish/apps/backend/materials/cards/published/professional/nurse/phrases/b1_b2.json,card.sentence.nurse.syovan.toteamiseen.syovan.levinneisyyteen.hoitojen.onnistumisen..1103 || card.sentence.nurse.syovan.toteamiseen.syovan.levinneisyyteen.hoitojen.onnistumisen..5878 || card.sentence.nurse.syovan.toteamiseen.syovan.levinneisyyteen.hoitojen.onnistumisen..5883 || card.sentence.nurse.syovan.toteamiseen.syovan.levinneisyyteen.hoitojen.onnistumisen..6119
sentence_card,nurse,complete the missing part of the sentence.,tämä käy ilmi lääkäriliiton ja lääketieteen opiskelijoiden medisiinariliiton vuonna 2024 tekemästä kyselystä. | kyselystä | kyselystä,4,/home/vitus/floently-finnish/apps/backend/materials/cards/published/professional/nurse/phrases/b1_b2.json,card.sentence.nurse.tama.kay.ilmi.laakariliiton.ja.laaketieteen.opiskelijoiden.medis.0116 || card.sentence.nurse.tama.kay.ilmi.laakariliiton.ja.laaketieteen.opiskelijoiden.medis.0582 || card.sentence.nurse.tama.kay.ilmi.laakariliiton.ja.laaketieteen.opiskelijoiden.medis.4504 || card.sentence.nurse.tama.kay.ilmi.laakariliiton.ja.laaketieteen.opiskelijoiden.medis.4509
sentence_card,nurse,complete the missing part of the sentence.,"tässä jutussa kerrotaan, voiko potilas luottaa esimerkiksi latviassa tai romaniassa koulutetun lääkärin ammattitaitoon | ammattitaitoon | ammattitaitoon",4,/home/vitus/floently-finnish/apps/backend/materials/cards/published/professional/nurse/phrases/b1_b2.json,card.sentence.nurse.tassa.jutussa.kerrotaan.voiko.potilas.luottaa.esimerkiksi.latvia.0815 || card.sentence.nurse.tassa.jutussa.kerrotaan.voiko.potilas.luottaa.esimerkiksi.latvia.2097 || card.sentence.nurse.tassa.jutussa.kerrotaan.voiko.potilas.luottaa.esimerkiksi.latvia.2110 || card.sentence.nurse.tassa.jutussa.kerrotaan.voiko.potilas.luottaa.esimerkiksi.latvia.3708
sentence_card,nurse,complete the missing part of the sentence.,tietyissä tilanteissa kirurgiset toimenpiteet ovat ainoa mahdollinen hoito ja leikkaus ei käytännössä ole vältettävissä | vältettävissä | vältettävissä,4,/home/vitus/floently-finnish/apps/backend/materials/cards/published/professional/nurse/phrases/b1_b2.json,card.sentence.nurse.tietyissa.tilanteissa.kirurgiset.toimenpiteet.ovat.ainoa.mahdoll.0106 || card.sentence.nurse.tietyissa.tilanteissa.kirurgiset.toimenpiteet.ovat.ainoa.mahdoll.2419 || card.sentence.nurse.tietyissa.tilanteissa.kirurgiset.toimenpiteet.ovat.ainoa.mahdoll.4250 || card.sentence.nurse.tietyissa.tilanteissa.kirurgiset.toimenpiteet.ovat.ainoa.mahdoll.7460
sentence_card,nurse,complete the missing part of the sentence.,"tutkimuksessa arvioitiin lähes 1,9 miljoonan lonkan tekonivelleikkauksen pitkäaikaispysyvyyttä eri liukupintavaihtoehdoilla rekisterien perusteella | perusteella | perusteella",4,/home/vitus/floently-finnish/apps/backend/materials/cards/published/professional/nurse/phrases/b1_b2.json,card.sentence.nurse.tutkimuksessa.arvioitiin.lahes.1.9.miljoonan.lonkan.tekonivellei.3152 || card.sentence.nurse.tutkimuksessa.arvioitiin.lahes.1.9.miljoonan.lonkan.tekonivellei.3157 || card.sentence.nurse.tutkimuksessa.arvioitiin.lahes.1.9.miljoonan.lonkan.tekonivellei.3162 || card.sentence.nurse.tutkimuksessa.arvioitiin.lahes.1.9.miljoonan.lonkan.tekonivellei.6430
sentence_card,nurse,complete the missing part of the sentence.,"valikoitumisharha syntyy siitä, että hoitava taho saa palautetta yleensä vain niiltä potilailta, jotka ovat hyötyneet saamastaan hoidosta, koska muut potilaat usein keskeyttävät hoidon.[13] | keskeyttävät | keskeyttävät",4,/home/vitus/floently-finnish/apps/backend/materials/cards/published/professional/nurse/phrases/b1_b2.json,card.sentence.nurse.valikoitumisharha.syntyy.siita.etta.hoitava.taho.saa.palautetta..0825 || card.sentence.nurse.valikoitumisharha.syntyy.siita.etta.hoitava.taho.saa.palautetta..5356 || card.sentence.nurse.valikoitumisharha.syntyy.siita.etta.hoitava.taho.saa.palautetta..5366 || card.sentence.nurse.valikoitumisharha.syntyy.siita.etta.hoitava.taho.saa.palautetta..5374
sentence_card,nurse,complete the missing part of the sentence.,"virtsa, verisuoni, dialyysi), elektronitset laitteet (esim | laitteet | laitteet",4,/home/vitus/floently-finnish/apps/backend/materials/cards/published/professional/nurse/phrases/b1_b2.json,card.sentence.nurse.virtsa.verisuoni.dialyysi.elektronitset.laitteet.esim.3019 || card.sentence.nurse.virtsa.verisuoni.dialyysi.elektronitset.laitteet.esim.3024 || card.sentence.nurse.virtsa.verisuoni.dialyysi.elektronitset.laitteet.esim.3029 || card.sentence.nurse.virtsa.verisuoni.dialyysi.elektronitset.laitteet.esim.6873
sentence_card,nurse,complete the missing part of the sentence.,voimavara-kurssia vetävä pihlajamaa-lönnbäck kannustaa ikäihmisiä makuulle lattialle | lattialle | lattialle,4,/home/vitus/floently-finnish/apps/backend/materials/cards/published/professional/nurse/phrases/b1_b2.json,card.sentence.nurse.voimavara.kurssia.vetava.pihlajamaa.lonnback.kannustaa.ikaihmisi.5074 || card.sentence.nurse.voimavara.kurssia.vetava.pihlajamaa.lonnback.kannustaa.ikaihmisi.5079 || card.sentence.nurse.voimavara.kurssia.vetava.pihlajamaa.lonnback.kannustaa.ikaihmisi.5084 || card.sentence.nurse.voimavara.kurssia.vetava.pihlajamaa.lonnback.kannustaa.ikaihmisi.5089
sentence_card,nurse,complete the missing part of the sentence.,ylen mot kertoi dokumentissaan lääkäri saa potkut yksityisten lääkäriasemien painostavasta ilmapiiristä. | ilmapiiristä | ilmapiiristä,4,/home/vitus/floently-finnish/apps/backend/materials/cards/published/professional/nurse/phrases/b1_b2.json,card.sentence.nurse.ylen.mot.kertoi.dokumentissaan.laakari.saa.potkut.yksityisten.la.4932 || card.sentence.nurse.ylen.mot.kertoi.dokumentissaan.laakari.saa.potkut.yksityisten.la.4937 || card.sentence.nurse.ylen.mot.kertoi.dokumentissaan.laakari.saa.potkut.yksityisten.la.4942 || card.sentence.nurse.ylen.mot.kertoi.dokumentissaan.laakari.saa.potkut.yksityisten.la.4947
sentence_card,nurse,complete the missing part of the sentence.,"yli-sissalan kehoa skannattiin joka puolelta ja lääkärit pudottelivat prosenttilukuja peräjälkeen: syöpäriski lähellä 90 prosenttia, periytyvyys 50 prosenttia. | prosenttia | prosenttia",4,/home/vitus/floently-finnish/apps/backend/materials/cards/published/professional/nurse/phrases/b1_b2.json,card.sentence.nurse.yli.sissalan.kehoa.skannattiin.joka.puolelta.ja.laakarit.pudotte.0111 || card.sentence.nurse.yli.sissalan.kehoa.skannattiin.joka.puolelta.ja.laakarit.pudotte.0509 || card.sentence.nurse.yli.sissalan.kehoa.skannattiin.joka.puolelta.ja.laakarit.pudotte.1765 || card.sentence.nurse.yli.sissalan.kehoa.skannattiin.joka.puolelta.ja.laakarit.pudotte.1770
vocabulary_card,nurse,haava,wound,4,/home/vitus/floently-finnish/apps/backend/materials/cards/published/kielitaika_normalized_cards.json || /home/vitus/floently-finnish/apps/backend/materials/cards/published/professional/nurse/words/a1_a2.json || /home/vitus/floently-finnish/apps/backend/materials/cards/published/professional/nurse/words/b1_b2.json,card.vocab.nurse.haava.0569 || card.vocab.nurse.haava.1147 || card.vocab.nurse.haava.0569 || card.vocab.nurse.haava.1147
vocabulary_card,nurse,hengitys,breathing,4,/home/vitus/floently-finnish/apps/backend/materials/cards/published/kielitaika_normalized_cards.json || /home/vitus/floently-finnish/apps/backend/materials/cards/published/professional/nurse/words/a1_a2.json || /home/vitus/floently-finnish/apps/backend/materials/cards/published/professional/nurse/words/b1_b2.json,card.vocab.nurse.hengitys.0572 || card.vocab.nurse.hengitys.1157 || card.vocab.nurse.hengitys.0572 || card.vocab.nurse.hengitys.1157
vocabulary_card,nurse,kunto,condition,4,/home/vitus/floently-finnish/apps/backend/materials/cards/published/kielitaika_normalized_cards.json || /home/vitus/floently-finnish/apps/backend/materials/cards/published/professional/nurse/words/a1_a2.json || /home/vitus/floently-finnish/apps/backend/materials/cards/published/professional/nurse/words/b1_b2.json,card.vocab.nurse.kunto.0593 || card.vocab.nurse.kunto.1202 || card.vocab.nurse.kunto.0593 || card.vocab.nurse.kunto.1202
vocabulary_card,nurse,verikoe,blood test,4,/home/vitus/floently-finnish/apps/backend/materials/cards/published/kielitaika_normalized_cards.json || /home/vitus/floently-finnish/apps/backend/materials/cards/published/professional/nurse/words/a1_a2.json || /home/vitus/floently-finnish/apps/backend/materials/cards/published/professional/nurse/words/b1_b2.json,card.vocab.nurse.verikoe.0660 || card.vocab.nurse.verikoe.1329 || card.vocab.nurse.verikoe.0660 || card.vocab.nurse.verikoe.1329
vocabulary_card,nurse,virtsa,urine,4,/home/vitus/floently-finnish/apps/backend/materials/cards/published/kielitaika_normalized_cards.json || /home/vitus/floently-finnish/apps/backend/materials/cards/published/professional/nurse/words/a1_a2.json || /home/vitus/floently-finnish/apps/backend/materials/cards/published/professional/nurse/words/b1_b2.json,card.vocab.nurse.virtsa.0663 || card.vocab.nurse.virtsa.1333 || card.vocab.nurse.virtsa.0663 || card.vocab.nurse.virtsa.1333
sentence_card,practical_nurse,complete the missing part of the sentence.,arkiset askareet siivoamisesta puutarhan hoitoon pitävät müllerin mukaan huolta aivojen toimintakyvystä. | toimintakyvystä | toimintakyvystä,4,/home/vitus/floently-finnish/apps/backend/materials/cards/published/professional/practical_nurse/phrases/b1_b2.json,card.sentence.practical_nurse.arkiset.askareet.siivoamisesta.puutarhan.hoitoon.pitavat.mulleri.6378 || card.sentence.practical_nurse.arkiset.askareet.siivoamisesta.puutarhan.hoitoon.pitavat.mulleri.6383 || card.sentence.practical_nurse.arkiset.askareet.siivoamisesta.puutarhan.hoitoon.pitavat.mulleri.6388 || card.sentence.practical_nurse.arkiset.askareet.siivoamisesta.puutarhan.hoitoon.pitavat.mulleri.8663
sentence_card,practical_nurse,complete the missing part of the sentence.,asetuksen mukaan lääkärin pitää tutkia potilas tai muutoin varmistua lääkehoidon tarpeesta | tarpeesta | tarpeesta,4,/home/vitus/floently-finnish/apps/backend/materials/cards/published/professional/practical_nurse/phrases/b1_b2.json,card.sentence.practical_nurse.asetuksen.mukaan.laakarin.pitaa.tutkia.potilas.tai.muutoin.varmi.0451 || card.sentence.practical_nurse.asetuksen.mukaan.laakarin.pitaa.tutkia.potilas.tai.muutoin.varmi.1077 || card.sentence.practical_nurse.asetuksen.mukaan.laakarin.pitaa.tutkia.potilas.tai.muutoin.varmi.4861 || card.sentence.practical_nurse.asetuksen.mukaan.laakarin.pitaa.tutkia.potilas.tai.muutoin.varmi.5196
sentence_card,practical_nurse,complete the missing part of the sentence.,"erityisesti elektiivisessä kirurgiassa on tärkeää, että lääkäri kertoo potilalle toimenpiteeseen liittyvistä riskeistä | riskeistä | riskeistä",4,/home/vitus/floently-finnish/apps/backend/materials/cards/published/professional/practical_nurse/phrases/b1_b2.json,card.sentence.practical_nurse.erityisesti.elektiivisessa.kirurgiassa.on.tarkeaa.etta.laakari.k.1166 || card.sentence.practical_nurse.erityisesti.elektiivisessa.kirurgiassa.on.tarkeaa.etta.laakari.k.3104 || card.sentence.practical_nurse.erityisesti.elektiivisessa.kirurgiassa.on.tarkeaa.etta.laakari.k.3114 || card.sentence.practical_nurse.erityisesti.elektiivisessa.kirurgiassa.on.tarkeaa.etta.laakari.k.4918
sentence_card,practical_nurse,complete the missing part of the sentence.,erotetaan jyvät akanoista ja terveet sairaista.” | terveet | terveet,4,/home/vitus/floently-finnish/apps/backend/materials/cards/published/professional/practical_nurse/phrases/b1_b2.json,card.sentence.practical_nurse.erotetaan.jyvat.akanoista.ja.terveet.sairaista.4543 || card.sentence.practical_nurse.erotetaan.jyvat.akanoista.ja.terveet.sairaista.4548 || card.sentence.practical_nurse.erotetaan.jyvat.akanoista.ja.terveet.sairaista.4553 || card.sentence.practical_nurse.erotetaan.jyvat.akanoista.ja.terveet.sairaista.6217
sentence_card,practical_nurse,complete the missing part of the sentence.,fruktoosilla tai sokerilla runsaasti makeutettujen juomien nauttiminen lisää tulehdusta suuresti | suuresti | suuresti,4,/home/vitus/floently-finnish/apps/backend/materials/cards/published/professional/practical_nurse/phrases/b1_b2.json,card.sentence.practical_nurse.fruktoosilla.tai.sokerilla.runsaasti.makeutettujen.juomien.nautt.0352 || card.sentence.practical_nurse.fruktoosilla.tai.sokerilla.runsaasti.makeutettujen.juomien.nautt.2085 || card.sentence.practical_nurse.fruktoosilla.tai.sokerilla.runsaasti.makeutettujen.juomien.nautt.2090 || card.sentence.practical_nurse.fruktoosilla.tai.sokerilla.runsaasti.makeutettujen.juomien.nautt.2095
sentence_card,practical_nurse,complete the missing part of the sentence.,"hallituksen tuorein, yli 65 vuotta täyttäneitä koskeva kela-kokeilu on johtanut erikoiseen tilanteeseen yksityisellä terveysmarkkinalla | terveysmarkkinalla | terveysmarkkinalla",4,/home/vitus/floently-finnish/apps/backend/materials/cards/published/professional/practical_nurse/phrases/b1_b2.json,card.sentence.practical_nurse.hallituksen.tuorein.yli.65.vuotta.tayttaneita.koskeva.kela.kokei.0506 || card.sentence.practical_nurse.hallituksen.tuorein.yli.65.vuotta.tayttaneita.koskeva.kela.kokei.6773 || card.sentence.practical_nurse.hallituksen.tuorein.yli.65.vuotta.tayttaneita.koskeva.kela.kokei.7728 || card.sentence.practical_nurse.hallituksen.tuorein.yli.65.vuotta.tayttaneita.koskeva.kela.kokei.7869
sentence_card,practical_nurse,complete the missing part of the sentence.,halutessaan mika olisi voinut saada lihavuuslääkereseptin myös työterveydestä | työterveydestä | työterveydestä,4,/home/vitus/floently-finnish/apps/backend/materials/cards/published/professional/practical_nurse/phrases/b1_b2.json,card.sentence.practical_nurse.halutessaan.mika.olisi.voinut.saada.lihavuuslaakereseptin.myos.t.0008 || card.sentence.practical_nurse.halutessaan.mika.olisi.voinut.saada.lihavuuslaakereseptin.myos.t.0321 || card.sentence.practical_nurse.halutessaan.mika.olisi.voinut.saada.lihavuuslaakereseptin.myos.t.5646 || card.sentence.practical_nurse.halutessaan.mika.olisi.voinut.saada.lihavuuslaakereseptin.myos.t.7163
sentence_card,practical_nurse,complete the missing part of the sentence.,"hän esiintyy tässä jutussa pelkällä etunimellään, koska aihe käsittelee arkaluontoisia terveystietoja | terveystietoja | terveystietoja",4,/home/vitus/floently-finnish/apps/backend/materials/cards/published/professional/practical_nurse/phrases/b1_b2.json,card.sentence.practical_nurse.han.esiintyy.tassa.jutussa.pelkalla.etunimellaan.koska.aihe.kasi.0537 || card.sentence.practical_nurse.han.esiintyy.tassa.jutussa.pelkalla.etunimellaan.koska.aihe.kasi.3955 || card.sentence.practical_nurse.han.esiintyy.tassa.jutussa.pelkalla.etunimellaan.koska.aihe.kasi.3960 || card.sentence.practical_nurse.han.esiintyy.tassa.jutussa.pelkalla.etunimellaan.koska.aihe.kasi.3968
sentence_card,practical_nurse,complete the missing part of the sentence.,hän kuvailee taudin alkaneen kahvinjuonnista ja ”tavaraa tuli molemmista päistä”. | molemmista | molemmista,4,/home/vitus/floently-finnish/apps/backend/materials/cards/published/professional/practical_nurse/phrases/b1_b2.json,card.sentence.practical_nurse.han.kuvailee.taudin.alkaneen.kahvinjuonnista.ja.tavaraa.tuli.mol.1384 || card.sentence.practical_nurse.han.kuvailee.taudin.alkaneen.kahvinjuonnista.ja.tavaraa.tuli.mol.6914 || card.sentence.practical_nurse.han.kuvailee.taudin.alkaneen.kahvinjuonnista.ja.tavaraa.tuli.mol.6919 || card.sentence.practical_nurse.han.kuvailee.taudin.alkaneen.kahvinjuonnista.ja.tavaraa.tuli.mol.6924
sentence_card,practical_nurse,complete the missing part of the sentence.,hänen mukaansa medilux tarjoaa maksutonta lääkärin etäkonsultaatiota koko hoitojakson ajan. | ajan | ajan,4,/home/vitus/floently-finnish/apps/backend/materials/cards/published/professional/practical_nurse/phrases/b1_b2.json,card.sentence.practical_nurse.hanen.mukaansa.medilux.tarjoaa.maksutonta.laakarin.etakonsultaat.7404 || card.sentence.practical_nurse.hanen.mukaansa.medilux.tarjoaa.maksutonta.laakarin.etakonsultaat.7412 || card.sentence.practical_nurse.hanen.mukaansa.medilux.tarjoaa.maksutonta.laakarin.etakonsultaat.7417 || card.sentence.practical_nurse.hanen.mukaansa.medilux.tarjoaa.maksutonta.laakarin.etakonsultaat.7422
sentence_card,practical_nurse,complete the missing part of the sentence.,"jos tätä tapahtuu häiritsevän paljon, kannattaa hakeutua lääkäriin.[8] | hakeutua | hakeutua",4,/home/vitus/floently-finnish/apps/backend/materials/cards/published/professional/practical_nurse/phrases/b1_b2.json,card.sentence.practical_nurse.jos.tata.tapahtuu.hairitsevan.paljon.kannattaa.hakeutua.laakarii.1280 || card.sentence.practical_nurse.jos.tata.tapahtuu.hairitsevan.paljon.kannattaa.hakeutua.laakarii.3628 || card.sentence.practical_nurse.jos.tata.tapahtuu.hairitsevan.paljon.kannattaa.hakeutua.laakarii.3633 || card.sentence.practical_nurse.jos.tata.tapahtuu.hairitsevan.paljon.kannattaa.hakeutua.laakarii.4850
sentence_card,practical_nurse,complete the missing part of the sentence.,joulukuussa 2024 terveestä kahden pienen lapsen äidistä tuli hetkessä potilas ja kuuden eri erikoissairaanhoidon alan asiakas. | asiakas | asiakas,4,/home/vitus/floently-finnish/apps/backend/materials/cards/published/professional/practical_nurse/phrases/b1_b2.json,card.sentence.practical_nurse.joulukuussa.2024.terveesta.kahden.pienen.lapsen.aidista.tuli.het.0560 || card.sentence.practical_nurse.joulukuussa.2024.terveesta.kahden.pienen.lapsen.aidista.tuli.het.1002 || card.sentence.practical_nurse.joulukuussa.2024.terveesta.kahden.pienen.lapsen.aidista.tuli.het.1319 || card.sentence.practical_nurse.joulukuussa.2024.terveesta.kahden.pienen.lapsen.aidista.tuli.het.3360
sentence_card,practical_nurse,complete the missing part of the sentence.,"jutussa kerrotaan uutta tietoa siitä, millaisin keinoin yksityiset lääkäriasemat yrittävät tehdä voittoa. | voittoa | voittoa",4,/home/vitus/floently-finnish/apps/backend/materials/cards/published/professional/practical_nurse/phrases/b1_b2.json,card.sentence.practical_nurse.jutussa.kerrotaan.uutta.tietoa.siita.millaisin.keinoin.yksityise.0280 || card.sentence.practical_nurse.jutussa.kerrotaan.uutta.tietoa.siita.millaisin.keinoin.yksityise.1950 || card.sentence.practical_nurse.jutussa.kerrotaan.uutta.tietoa.siita.millaisin.keinoin.yksityise.2741 || card.sentence.practical_nurse.jutussa.kerrotaan.uutta.tietoa.siita.millaisin.keinoin.yksityise.2749
sentence_card,practical_nurse,complete the missing part of the sentence.,"käytännössä muutokset on otettava vastaan, muuten potilaat vähenevät tai sopimus irtisanotaan. | irtisanotaan | irtisanotaan",4,/home/vitus/floently-finnish/apps/backend/materials/cards/published/professional/practical_nurse/phrases/b1_b2.json,card.sentence.practical_nurse.kaytannossa.muutokset.on.otettava.vastaan.muuten.potilaat.vahene.2197 || card.sentence.practical_nurse.kaytannossa.muutokset.on.otettava.vastaan.muuten.potilaat.vahene.2202 || card.sentence.practical_nurse.kaytannossa.muutokset.on.otettava.vastaan.muuten.potilaat.vahene.2349 || card.sentence.practical_nurse.kaytannossa.muutokset.on.otettava.vastaan.muuten.potilaat.vahene.9131
sentence_card,practical_nurse,complete the missing part of the sentence.,"kelan tilastot vahvistavat, että yksityiset lääkärit kirjoittavat yli 60 prosenttia uusien lihavuuslääkkeiden resepteistä | resepteistä | resepteistä",4,/home/vitus/floently-finnish/apps/backend/materials/cards/published/professional/practical_nurse/phrases/b1_b2.json,card.sentence.practical_nurse.kelan.tilastot.vahvistavat.etta.yksityiset.laakarit.kirjoittavat.0207 || card.sentence.practical_nurse.kelan.tilastot.vahvistavat.etta.yksityiset.laakarit.kirjoittavat.1130 || card.sentence.practical_nurse.kelan.tilastot.vahvistavat.etta.yksityiset.laakarit.kirjoittavat.2946 || card.sentence.practical_nurse.kelan.tilastot.vahvistavat.etta.yksityiset.laakarit.kirjoittavat.2951
sentence_card,practical_nurse,complete the missing part of the sentence.,kokeilussa 65 vuotta täyttäneet voivat käydä kolme kertaa vuodessa yksityisen yleislääkärin 20 minuutin vastaanotolla noin 30 eurolla eli samalla hinnalla kuin julkisella | julkisella | julkisella,4,/home/vitus/floently-finnish/apps/backend/materials/cards/published/professional/practical_nurse/phrases/b1_b2.json,card.sentence.practical_nurse.kokeilussa.65.vuotta.tayttaneet.voivat.kayda.kolme.kertaa.vuodes.1419 || card.sentence.practical_nurse.kokeilussa.65.vuotta.tayttaneet.voivat.kayda.kolme.kertaa.vuodes.1519 || card.sentence.practical_nurse.kokeilussa.65.vuotta.tayttaneet.voivat.kayda.kolme.kertaa.vuodes.7717 || card.sentence.practical_nurse.kokeilussa.65.vuotta.tayttaneet.voivat.kayda.kolme.kertaa.vuodes.9329
sentence_card,practical_nurse,complete the missing part of the sentence.,kuumetta ja särkyä voi tarvittaessa lievittää tulehduskipulääkkeillä tai parasetamolilla | parasetamolilla | parasetamolilla,4,/home/vitus/floently-finnish/apps/backend/materials/cards/published/professional/practical_nurse/phrases/b1_b2.json,card.sentence.practical_nurse.kuumetta.ja.sarkya.voi.tarvittaessa.lievittaa.tulehduskipulaakke.6832 || card.sentence.practical_nurse.kuumetta.ja.sarkya.voi.tarvittaessa.lievittaa.tulehduskipulaakke.6837 || card.sentence.practical_nurse.kuumetta.ja.sarkya.voi.tarvittaessa.lievittaa.tulehduskipulaakke.6842 || card.sentence.practical_nurse.kuumetta.ja.sarkya.voi.tarvittaessa.lievittaa.tulehduskipulaakke.6847
sentence_card,practical_nurse,complete the missing part of the sentence.,lääkäreiden asiakkaille ja potilaille lääkärimäärän kasvu voi tarkoittaa valinnanvaran lisääntymistä. | lisääntymistä | lisääntymistä,4,/home/vitus/floently-finnish/apps/backend/materials/cards/published/professional/practical_nurse/phrases/b1_b2.json,card.sentence.practical_nurse.laakareiden.asiakkaille.ja.potilaille.laakarimaaran.kasvu.voi.ta.1306 || card.sentence.practical_nurse.laakareiden.asiakkaille.ja.potilaille.laakarimaaran.kasvu.voi.ta.5841 || card.sentence.practical_nurse.laakareiden.asiakkaille.ja.potilaille.laakarimaaran.kasvu.voi.ta.5846 || card.sentence.practical_nurse.laakareiden.asiakkaille.ja.potilaille.laakarimaaran.kasvu.voi.ta.5851
sentence_card,practical_nurse,complete the missing part of the sentence.,"lääkäri painottaa, että lihavuutta ei pitäisi hoitaa pelkästään lääkekuurilla. | lääkekuurilla | lääkekuurilla",4,/home/vitus/floently-finnish/apps/backend/materials/cards/published/professional/practical_nurse/phrases/b1_b2.json,card.sentence.practical_nurse.laakari.painottaa.etta.lihavuutta.ei.pitaisi.hoitaa.pelkastaan.l.0162 || card.sentence.practical_nurse.laakari.painottaa.etta.lihavuutta.ei.pitaisi.hoitaa.pelkastaan.l.1247 || card.sentence.practical_nurse.laakari.painottaa.etta.lihavuutta.ei.pitaisi.hoitaa.pelkastaan.l.3425 || card.sentence.practical_nurse.laakari.painottaa.etta.lihavuutta.ei.pitaisi.hoitaa.pelkastaan.l.7442
sentence_card,practical_nurse,complete the missing part of the sentence.,leikkausinfektioita voidaan vähentää mikrobilääkeprofylaksin eli ennaltaehkäisevän lääkehoidon avulla | avulla | avulla,4,/home/vitus/floently-finnish/apps/backend/materials/cards/published/professional/practical_nurse/phrases/b1_b2.json,card.sentence.practical_nurse.leikkausinfektioita.voidaan.vahentaa.mikrobilaakeprofylaksin.eli.1214 || card.sentence.practical_nurse.leikkausinfektioita.voidaan.vahentaa.mikrobilaakeprofylaksin.eli.7075 || card.sentence.practical_nurse.leikkausinfektioita.voidaan.vahentaa.mikrobilaakeprofylaksin.eli.7702 || card.sentence.practical_nurse.leikkausinfektioita.voidaan.vahentaa.mikrobilaakeprofylaksin.eli.7707
sentence_card,practical_nurse,complete the missing part of the sentence.,"liikuntakyvyn lisäksi voidaan kiinnittää huomiota ravitsemukseen, lääkitykseen tai alkoholinkäyttöön sekä kodin esteettömyyteen ja asiakkaan jalkineisiin. | jalkineisiin | jalkineisiin",4,/home/vitus/floently-finnish/apps/backend/materials/cards/published/professional/practical_nurse/phrases/b1_b2.json,card.sentence.practical_nurse.liikuntakyvyn.lisaksi.voidaan.kiinnittaa.huomiota.ravitsemukseen.1552 || card.sentence.practical_nurse.liikuntakyvyn.lisaksi.voidaan.kiinnittaa.huomiota.ravitsemukseen.6266 || card.sentence.practical_nurse.liikuntakyvyn.lisaksi.voidaan.kiinnittaa.huomiota.ravitsemukseen.6274 || card.sentence.practical_nurse.liikuntakyvyn.lisaksi.voidaan.kiinnittaa.huomiota.ravitsemukseen.7674
sentence_card,practical_nurse,complete the missing part of the sentence.,"muista suojata silmät, näpit ja korvat tarvittaessa! | tarvittaessa | tarvittaessa",4,/home/vitus/floently-finnish/apps/backend/materials/cards/published/professional/practical_nurse/phrases/b1_b2.json,card.sentence.practical_nurse.muista.suojata.silmat.napit.ja.korvat.tarvittaessa.2893 || card.sentence.practical_nurse.muista.suojata.silmat.napit.ja.korvat.tarvittaessa.2898 || card.sentence.practical_nurse.muista.suojata.silmat.napit.ja.korvat.tarvittaessa.2903 || card.sentence.practical_nurse.muista.suojata.silmat.napit.ja.korvat.tarvittaessa.2908
sentence_card,practical_nurse,complete the missing part of the sentence.,"myös siksi, että tämä on aidosti uusi tapa kokeilla yksityisen sektorin ja kela-rahoituksen hyödyntämistä järjestelmän kehittämisessä, terveystalon viestinnästä kommentoidaan. | kommentoidaan | kommentoidaan",4,/home/vitus/floently-finnish/apps/backend/materials/cards/published/professional/practical_nurse/phrases/b1_b2.json,card.sentence.practical_nurse.myos.siksi.etta.tama.on.aidosti.uusi.tapa.kokeilla.yksityisen.se.3688 || card.sentence.practical_nurse.myos.siksi.etta.tama.on.aidosti.uusi.tapa.kokeilla.yksityisen.se.3701 || card.sentence.practical_nurse.myos.siksi.etta.tama.on.aidosti.uusi.tapa.kokeilla.yksityisen.se.3717 || card.sentence.practical_nurse.myos.siksi.etta.tama.on.aidosti.uusi.tapa.kokeilla.yksityisen.se.7516
sentence_card,practical_nurse,complete the missing part of the sentence.,"nämä vaikuttavat perheisiin ja yhteisöihin kaikkialla, yk:n ympäristöohjelman johtaja inger andersen sanoo. | sanoo | sanoo",4,/home/vitus/floently-finnish/apps/backend/materials/cards/published/professional/practical_nurse/phrases/b1_b2.json,card.sentence.practical_nurse.nama.vaikuttavat.perheisiin.ja.yhteisoihin.kaikkialla.yk.n.ympar.1270 || card.sentence.practical_nurse.nama.vaikuttavat.perheisiin.ja.yhteisoihin.kaikkialla.yk.n.ympar.4515 || card.sentence.practical_nurse.nama.vaikuttavat.perheisiin.ja.yhteisoihin.kaikkialla.yk.n.ympar.4520 || card.sentence.practical_nurse.nama.vaikuttavat.perheisiin.ja.yhteisoihin.kaikkialla.yk.n.ympar.4525
sentence_card,practical_nurse,complete the missing part of the sentence.,näyttöön perustuvan lääketieteen harjoittaminen vaatii lääkäreiltä muun muassa kykyä arvioida tutkimusten luotettavuutta.[9] | tutkimusten | tutkimusten,4,/home/vitus/floently-finnish/apps/backend/materials/cards/published/professional/practical_nurse/phrases/b1_b2.json,card.sentence.practical_nurse.nayttoon.perustuvan.laaketieteen.harjoittaminen.vaatii.laakareil.0137 || card.sentence.practical_nurse.nayttoon.perustuvan.laaketieteen.harjoittaminen.vaatii.laakareil.0311 || card.sentence.practical_nurse.nayttoon.perustuvan.laaketieteen.harjoittaminen.vaatii.laakareil.4587 || card.sentence.practical_nurse.nayttoon.perustuvan.laaketieteen.harjoittaminen.vaatii.laakareil.4592
sentence_card,practical_nurse,complete the missing part of the sentence.,"not simply information, therefore, but also consultation. | consultation | consultation",4,/home/vitus/floently-finnish/apps/backend/materials/cards/published/professional/practical_nurse/phrases/b1_b2.json,card.sentence.practical_nurse.not.simply.information.therefore.but.also.consultation.5499 || card.sentence.practical_nurse.not.simply.information.therefore.but.also.consultation.5504 || card.sentence.practical_nurse.not.simply.information.therefore.but.also.consultation.5509 || card.sentence.practical_nurse.not.simply.information.therefore.but.also.consultation.8505
sentence_card,practical_nurse,complete the missing part of the sentence.,onko sinulla kokemuksia lihavuuslääkkeistä? ole yhteydessä jutun toimittajaan satu.miettinen@yle.fi. | toimittajaan | toimittajaan,4,/home/vitus/floently-finnish/apps/backend/materials/cards/published/professional/practical_nurse/phrases/b1_b2.json,card.sentence.practical_nurse.onko.sinulla.kokemuksia.lihavuuslaakkeista.ole.yhteydessa.jutun..0644 || card.sentence.practical_nurse.onko.sinulla.kokemuksia.lihavuuslaakkeista.ole.yhteydessa.jutun..1062 || card.sentence.practical_nurse.onko.sinulla.kokemuksia.lihavuuslaakkeista.ole.yhteydessa.jutun..2736 || card.sentence.practical_nurse.onko.sinulla.kokemuksia.lihavuuslaakkeista.ole.yhteydessa.jutun..4127
sentence_card,practical_nurse,complete the missing part of the sentence.,"osa aaltoilusta saattaa selittyä levon, liikunnan tai stressin määrään taikka ravitsemukseen liittyvällä vaihtelulla.[18] | liittyvällä | liittyvällä",4,/home/vitus/floently-finnish/apps/backend/materials/cards/published/professional/practical_nurse/phrases/b1_b2.json,card.sentence.practical_nurse.osa.aaltoilusta.saattaa.selittya.levon.liikunnan.tai.stressin.ma.1754 || card.sentence.practical_nurse.osa.aaltoilusta.saattaa.selittya.levon.liikunnan.tai.stressin.ma.6755 || card.sentence.practical_nurse.osa.aaltoilusta.saattaa.selittya.levon.liikunnan.tai.stressin.ma.6760 || card.sentence.practical_nurse.osa.aaltoilusta.saattaa.selittya.levon.liikunnan.tai.stressin.ma.6768
sentence_card,practical_nurse,complete the missing part of the sentence.,"palvelun päävalikosta löytyy kielivalinta, jonka käyttö saattaa olla haastavaa | haastavaa | haastavaa",4,/home/vitus/floently-finnish/apps/backend/materials/cards/published/professional/practical_nurse/phrases/b1_b2.json,card.sentence.practical_nurse.palvelun.paavalikosta.loytyy.kielivalinta.jonka.kaytto.saattaa.o.2119 || card.sentence.practical_nurse.palvelun.paavalikosta.loytyy.kielivalinta.jonka.kaytto.saattaa.o.2127 || card.sentence.practical_nurse.palvelun.paavalikosta.loytyy.kielivalinta.jonka.kaytto.saattaa.o.2132 || card.sentence.practical_nurse.palvelun.paavalikosta.loytyy.kielivalinta.jonka.kaytto.saattaa.o.5898
sentence_card,practical_nurse,complete the missing part of the sentence.,"patogeeniset bakteerit kuluttavat lisääntyessään elimistön tärkeitä ravintoaineita, tuottavat haitta-aineita eli toksiineja sekä aiheuttavat kudos- ja solutuhoa | solutuhoa | solutuhoa",4,/home/vitus/floently-finnish/apps/backend/materials/cards/published/professional/practical_nurse/phrases/b1_b2.json,card.sentence.practical_nurse.patogeeniset.bakteerit.kuluttavat.lisaantyessaan.elimiston.tarke.4682 || card.sentence.practical_nurse.patogeeniset.bakteerit.kuluttavat.lisaantyessaan.elimiston.tarke.4687 || card.sentence.practical_nurse.patogeeniset.bakteerit.kuluttavat.lisaantyessaan.elimiston.tarke.4692 || card.sentence.practical_nurse.patogeeniset.bakteerit.kuluttavat.lisaantyessaan.elimiston.tarke.4700
sentence_card,practical_nurse,complete the missing part of the sentence.,pirisen mukaan seka- ja biojätteen keräys saatiin kemissä palautettua aikatauluun viime viikolla. | viikolla | viikolla,4,/home/vitus/floently-finnish/apps/backend/materials/cards/published/professional/practical_nurse/phrases/b1_b2.json,card.sentence.practical_nurse.pirisen.mukaan.seka.ja.biojatteen.kerays.saatiin.kemissa.palaute.1067 || card.sentence.practical_nurse.pirisen.mukaan.seka.ja.biojatteen.kerays.saatiin.kemissa.palaute.2782 || card.sentence.practical_nurse.pirisen.mukaan.seka.ja.biojatteen.kerays.saatiin.kemissa.palaute.2787 || card.sentence.practical_nurse.pirisen.mukaan.seka.ja.biojatteen.kerays.saatiin.kemissa.palaute.2792
sentence_card,practical_nurse,complete the missing part of the sentence.,"raaka broileri huomattiin vasta sen jälkeen, kun osa lapsista ja henkilökunnasta oli ehtinyt syödä vuokaa. | vuokaa | vuokaa",4,/home/vitus/floently-finnish/apps/backend/materials/cards/published/professional/practical_nurse/phrases/b1_b2.json,card.sentence.practical_nurse.raaka.broileri.huomattiin.vasta.sen.jalkeen.kun.osa.lapsista.ja..0072 || card.sentence.practical_nurse.raaka.broileri.huomattiin.vasta.sen.jalkeen.kun.osa.lapsista.ja..0242 || card.sentence.practical_nurse.raaka.broileri.huomattiin.vasta.sen.jalkeen.kun.osa.lapsista.ja..3749 || card.sentence.practical_nurse.raaka.broileri.huomattiin.vasta.sen.jalkeen.kun.osa.lapsista.ja..3757
sentence_card,practical_nurse,complete the missing part of the sentence.,• rakennuksen raot tilkitään ja verkotetaan ilmanvaihto- ja tuuletusaukot. | tuuletusaukot | tuuletusaukot,4,/home/vitus/floently-finnish/apps/backend/materials/cards/published/professional/practical_nurse/phrases/b1_b2.json,card.sentence.practical_nurse.rakennuksen.raot.tilkitaan.ja.verkotetaan.ilmanvaihto.ja.tuuletu.2812 || card.sentence.practical_nurse.rakennuksen.raot.tilkitaan.ja.verkotetaan.ilmanvaihto.ja.tuuletu.2817 || card.sentence.practical_nurse.rakennuksen.raot.tilkitaan.ja.verkotetaan.ilmanvaihto.ja.tuuletu.2822 || card.sentence.practical_nurse.rakennuksen.raot.tilkitaan.ja.verkotetaan.ilmanvaihto.ja.tuuletu.2827
sentence_card,practical_nurse,complete the missing part of the sentence.,"raskausaikana suositellaan, että kofeiinia nautitaan enintään 200 milligrammaa vuorokaudessa | vuorokaudessa | vuorokaudessa",4,/home/vitus/floently-finnish/apps/backend/materials/cards/published/professional/practical_nurse/phrases/b1_b2.json,card.sentence.practical_nurse.raskausaikana.suositellaan.etta.kofeiinia.nautitaan.enintaan.200.5244 || card.sentence.practical_nurse.raskausaikana.suositellaan.etta.kofeiinia.nautitaan.enintaan.200.5662 || card.sentence.practical_nurse.raskausaikana.suositellaan.etta.kofeiinia.nautitaan.enintaan.200.5667 || card.sentence.practical_nurse.raskausaikana.suositellaan.etta.kofeiinia.nautitaan.enintaan.200.8709
sentence_card,practical_nurse,complete the missing part of the sentence.,"saasteiden välittömistä haitoista kärsivät erityisen paljon lapset, vanhukset ja esimerkiksi astmaa tai muita hengitystiesairauksia sairastavat ihmiset. | ihmiset | ihmiset",4,/home/vitus/floently-finnish/apps/backend/materials/cards/published/professional/practical_nurse/phrases/b1_b2.json,card.sentence.practical_nurse.saasteiden.valittomista.haitoista.karsivat.erityisen.paljon.laps.0912 || card.sentence.practical_nurse.saasteiden.valittomista.haitoista.karsivat.erityisen.paljon.laps.2056 || card.sentence.practical_nurse.saasteiden.valittomista.haitoista.karsivat.erityisen.paljon.laps.2061 || card.sentence.practical_nurse.saasteiden.valittomista.haitoista.karsivat.erityisen.paljon.laps.6778
sentence_card,practical_nurse,complete the missing part of the sentence.,"se, miten saasteita saadaan puhdistettua, vaikuttaa merkittävästi ympäristö- ja terveyshaittoihin. | terveyshaittoihin | terveyshaittoihin",4,/home/vitus/floently-finnish/apps/backend/materials/cards/published/professional/practical_nurse/phrases/b1_b2.json,card.sentence.practical_nurse.se.miten.saasteita.saadaan.puhdistettua.vaikuttaa.merkittavasti..5586 || card.sentence.practical_nurse.se.miten.saasteita.saadaan.puhdistettua.vaikuttaa.merkittavasti..5591 || card.sentence.practical_nurse.se.miten.saasteita.saadaan.puhdistettua.vaikuttaa.merkittavasti..5596 || card.sentence.practical_nurse.se.miten.saasteita.saadaan.puhdistettua.vaikuttaa.merkittavasti..5601
sentence_card,practical_nurse,complete the missing part of the sentence.,"– se on liukuhihna, netissä voi varata lääkäriaikoja aamukahdeksasta iltakahdeksaan, sanoo mika. | mika | mika",4,/home/vitus/floently-finnish/apps/backend/materials/cards/published/professional/practical_nurse/phrases/b1_b2.json,card.sentence.practical_nurse.se.on.liukuhihna.netissa.voi.varata.laakariaikoja.aamukahdeksast.4273 || card.sentence.practical_nurse.se.on.liukuhihna.netissa.voi.varata.laakariaikoja.aamukahdeksast.4281 || card.sentence.practical_nurse.se.on.liukuhihna.netissa.voi.varata.laakariaikoja.aamukahdeksast.4289 || card.sentence.practical_nurse.se.on.liukuhihna.netissa.voi.varata.laakariaikoja.aamukahdeksast.4294
sentence_card,practical_nurse,complete the missing part of the sentence.,"sen lisäksi tarvitaan koulutusta ja sellaisia käytäntöjä, joilla rajoitustoimien käyttöä voidaan ennaltaehkäistä ja ehkäistä kokonaan. | kokonaan | kokonaan",4,/home/vitus/floently-finnish/apps/backend/materials/cards/published/professional/practical_nurse/phrases/b1_b2.json,card.sentence.practical_nurse.sen.lisaksi.tarvitaan.koulutusta.ja.sellaisia.kaytantoja.joilla..0182 || card.sentence.practical_nurse.sen.lisaksi.tarvitaan.koulutusta.ja.sellaisia.kaytantoja.joilla..1082 || card.sentence.practical_nurse.sen.lisaksi.tarvitaan.koulutusta.ja.sellaisia.kaytantoja.joilla..5057 || card.sentence.practical_nurse.sen.lisaksi.tarvitaan.koulutusta.ja.sellaisia.kaytantoja.joilla..5062
sentence_card,practical_nurse,complete the missing part of the sentence.,"siitä vähennetään vielä lääkärin maksama vuokra, joka on yleensä 22–28 prosenttia | prosenttia | prosenttia",4,/home/vitus/floently-finnish/apps/backend/materials/cards/published/professional/practical_nurse/phrases/b1_b2.json,card.sentence.practical_nurse.siita.vahennetaan.viela.laakarin.maksama.vuokra.joka.on.yleensa..0639 || card.sentence.practical_nurse.siita.vahennetaan.viela.laakarin.maksama.vuokra.joka.on.yleensa..1474 || card.sentence.practical_nurse.siita.vahennetaan.viela.laakarin.maksama.vuokra.joka.on.yleensa..7542 || card.sentence.practical_nurse.siita.vahennetaan.viela.laakarin.maksama.vuokra.joka.on.yleensa..7877
sentence_card,practical_nurse,complete the missing part of the sentence.,suomea vaivannut lääkäripula onkin kääntymässä lääkärien runsauteen | runsauteen | runsauteen,4,/home/vitus/floently-finnish/apps/backend/materials/cards/published/professional/practical_nurse/phrases/b1_b2.json,card.sentence.practical_nurse.suomea.vaivannut.laakaripula.onkin.kaantymassa.laakarien.runsaut.0940 || card.sentence.practical_nurse.suomea.vaivannut.laakaripula.onkin.kaantymassa.laakarien.runsaut.3553 || card.sentence.practical_nurse.suomea.vaivannut.laakaripula.onkin.kaantymassa.laakarien.runsaut.4026 || card.sentence.practical_nurse.suomea.vaivannut.laakaripula.onkin.kaantymassa.laakarien.runsaut.7370
sentence_card,practical_nurse,complete the missing part of the sentence.,"suomeen tuli vuonna 2024 voimaan uusi eläinten hyvinvointilaki, jossa kielletään sairaiden koirien jalostaminen | jalostaminen | jalostaminen",4,/home/vitus/floently-finnish/apps/backend/materials/cards/published/professional/practical_nurse/phrases/b1_b2.json,card.sentence.practical_nurse.suomeen.tuli.vuonna.2024.voimaan.uusi.elainten.hyvinvointilaki.j.1115 || card.sentence.practical_nurse.suomeen.tuli.vuonna.2024.voimaan.uusi.elainten.hyvinvointilaki.j.5823 || card.sentence.practical_nurse.suomeen.tuli.vuonna.2024.voimaan.uusi.elainten.hyvinvointilaki.j.6058 || card.sentence.practical_nurse.suomeen.tuli.vuonna.2024.voimaan.uusi.elainten.hyvinvointilaki.j.9702
sentence_card,practical_nurse,complete the missing part of the sentence.,suurin osa käyttäjistä maksaa mikan tavoin lihavuuslääkkeet kokonaan omasta pussistaan | pussistaan | pussistaan,4,/home/vitus/floently-finnish/apps/backend/materials/cards/published/professional/practical_nurse/phrases/b1_b2.json,card.sentence.practical_nurse.suurin.osa.kayttajista.maksaa.mikan.tavoin.lihavuuslaakkeet.koko.0486 || card.sentence.practical_nurse.suurin.osa.kayttajista.maksaa.mikan.tavoin.lihavuuslaakkeet.koko.0901 || card.sentence.practical_nurse.suurin.osa.kayttajista.maksaa.mikan.tavoin.lihavuuslaakkeet.koko.1997 || card.sentence.practical_nurse.suurin.osa.kayttajista.maksaa.mikan.tavoin.lihavuuslaakkeet.koko.2002
sentence_card,practical_nurse,complete the missing part of the sentence.,"takaisinristeytyksissä on tärkeää valita rakenteeltaan terveimmät koirat, jotta retromopsien käytöstä saadaan paras hyöty. | hyöty | hyöty",4,/home/vitus/floently-finnish/apps/backend/materials/cards/published/professional/practical_nurse/phrases/b1_b2.json,card.sentence.practical_nurse.takaisinristeytyksissa.on.tarkeaa.valita.rakenteeltaan.terveimma.0471 || card.sentence.practical_nurse.takaisinristeytyksissa.on.tarkeaa.valita.rakenteeltaan.terveimma.1544 || card.sentence.practical_nurse.takaisinristeytyksissa.on.tarkeaa.valita.rakenteeltaan.terveimma.1570 || card.sentence.practical_nurse.takaisinristeytyksissa.on.tarkeaa.valita.rakenteeltaan.terveimma.6452
sentence_card,practical_nurse,complete the missing part of the sentence.,– teemme vuodessa yli seitsemän miljoonaa ateriaa kouluille ja päiväkodeille | päiväkodeille | päiväkodeille,4,/home/vitus/floently-finnish/apps/backend/materials/cards/published/professional/practical_nurse/phrases/b1_b2.json,card.sentence.practical_nurse.teemme.vuodessa.yli.seitseman.miljoonaa.ateriaa.kouluille.ja.pai.2268 || card.sentence.practical_nurse.teemme.vuodessa.yli.seitseman.miljoonaa.ateriaa.kouluille.ja.pai.2273 || card.sentence.practical_nurse.teemme.vuodessa.yli.seitseman.miljoonaa.ateriaa.kouluille.ja.pai.2278 || card.sentence.practical_nurse.teemme.vuodessa.yli.seitseman.miljoonaa.ateriaa.kouluille.ja.pai.9779
sentence_card,practical_nurse,complete the missing part of the sentence.,terveyskirjaston mukaan terveillä aikuispotilailla influenssan hoito on yleensä oireenmukaista itsehoitoa. | itsehoitoa | itsehoitoa,4,/home/vitus/floently-finnish/apps/backend/materials/cards/published/professional/practical_nurse/phrases/b1_b2.json,card.sentence.practical_nurse.terveyskirjaston.mukaan.terveilla.aikuispotilailla.influenssan.h.3204 || card.sentence.practical_nurse.terveyskirjaston.mukaan.terveilla.aikuispotilailla.influenssan.h.5992 || card.sentence.practical_nurse.terveyskirjaston.mukaan.terveilla.aikuispotilailla.influenssan.h.6000 || card.sentence.practical_nurse.terveyskirjaston.mukaan.terveilla.aikuispotilailla.influenssan.h.6008
sentence_card,practical_nurse,complete the missing part of the sentence.,"terveysmarkkina on hyvin keskittynyt, joten ammatinharjoittajilla ei ole paljoa vaihtoehtoja, jos he haluavat vaihtaa vuokraisäntää | vuokraisäntää | vuokraisäntää",4,/home/vitus/floently-finnish/apps/backend/materials/cards/published/professional/practical_nurse/phrases/b1_b2.json,card.sentence.practical_nurse.terveysmarkkina.on.hyvin.keskittynyt.joten.ammatinharjoittajilla.0896 || card.sentence.practical_nurse.terveysmarkkina.on.hyvin.keskittynyt.joten.ammatinharjoittajilla.5026 || card.sentence.practical_nurse.terveysmarkkina.on.hyvin.keskittynyt.joten.ammatinharjoittajilla.6783 || card.sentence.practical_nurse.terveysmarkkina.on.hyvin.keskittynyt.joten.ammatinharjoittajilla.6788
sentence_card,practical_nurse,complete the missing part of the sentence.,tyttöjen konservatiivisuuden kaipuusta taas kertoo esimerkiksi 1950-luvun kotirouvaestetiikalla leikittelevä tradwife-trendi. | leikittelevä | leikittelevä,4,/home/vitus/floently-finnish/apps/backend/materials/cards/published/professional/practical_nurse/phrases/b1_b2.json,card.sentence.practical_nurse.tyttojen.konservatiivisuuden.kaipuusta.taas.kertoo.esimerkiksi.1.5537 || card.sentence.practical_nurse.tyttojen.konservatiivisuuden.kaipuusta.taas.kertoo.esimerkiksi.1.5545 || card.sentence.practical_nurse.tyttojen.konservatiivisuuden.kaipuusta.taas.kertoo.esimerkiksi.1.5550 || card.sentence.practical_nurse.tyttojen.konservatiivisuuden.kaipuusta.taas.kertoo.esimerkiksi.1.5555
sentence_card,practical_nurse,complete the missing part of the sentence.,"valikoitumisharha syntyy siitä, että hoitava taho saa palautetta yleensä vain niiltä potilailta, jotka ovat hyötyneet saamastaan hoidosta, koska muut potilaat usein keskeyttävät hoidon.[13] | keskeyttävät | keskeyttävät",4,/home/vitus/floently-finnish/apps/backend/materials/cards/published/professional/practical_nurse/phrases/b1_b2.json,card.sentence.practical_nurse.valikoitumisharha.syntyy.siita.etta.hoitava.taho.saa.palautetta..6868 || card.sentence.practical_nurse.valikoitumisharha.syntyy.siita.etta.hoitava.taho.saa.palautetta..6873 || card.sentence.practical_nurse.valikoitumisharha.syntyy.siita.etta.hoitava.taho.saa.palautetta..6883 || card.sentence.practical_nurse.valikoitumisharha.syntyy.siita.etta.hoitava.taho.saa.palautetta..6891
sentence_card,practical_nurse,complete the missing part of the sentence.,"vanhempien ihmisten kanssa virikettä saadaan yksinkertaisilla askareilla: keskustelemalla, ulkoilemalla, laittamalla ruokaa ja vaikka tekemällä kodin huoltotöitä. | huoltotöitä | huoltotöitä",4,/home/vitus/floently-finnish/apps/backend/materials/cards/published/professional/practical_nurse/phrases/b1_b2.json,card.sentence.practical_nurse.vanhempien.ihmisten.kanssa.viriketta.saadaan.yksinkertaisilla.as.2668 || card.sentence.practical_nurse.vanhempien.ihmisten.kanssa.viriketta.saadaan.yksinkertaisilla.as.2673 || card.sentence.practical_nurse.vanhempien.ihmisten.kanssa.viriketta.saadaan.yksinkertaisilla.as.2681 || card.sentence.practical_nurse.vanhempien.ihmisten.kanssa.viriketta.saadaan.yksinkertaisilla.as.2686
sentence_card,practical_nurse,complete the missing part of the sentence.,"– vanhuksille tuo itsenäisyyden ja pystyvyyden tunneta, kun voi luottaa siihen, että pärjää | pärjää | pärjää",4,/home/vitus/floently-finnish/apps/backend/materials/cards/published/professional/practical_nurse/phrases/b1_b2.json,card.sentence.practical_nurse.vanhuksille.tuo.itsenaisyyden.ja.pystyvyyden.tunneta.kun.voi.luo.0167 || card.sentence.practical_nurse.vanhuksille.tuo.itsenaisyyden.ja.pystyvyyden.tunneta.kun.voi.luo.1057 || card.sentence.practical_nurse.vanhuksille.tuo.itsenaisyyden.ja.pystyvyyden.tunneta.kun.voi.luo.3981 || card.sentence.practical_nurse.vanhuksille.tuo.itsenaisyyden.ja.pystyvyyden.tunneta.kun.voi.luo.3986
sentence_card,practical_nurse,complete the missing part of the sentence.,"varhassa käynnistyi alkuvuodesta toimintamalli, jonka tavoitteena on ehkäistä kaatumisia | kaatumisia | kaatumisia",4,/home/vitus/floently-finnish/apps/backend/materials/cards/published/professional/practical_nurse/phrases/b1_b2.json,card.sentence.practical_nurse.varhassa.kaynnistyi.alkuvuodesta.toimintamalli.jonka.tavoitteena.1141 || card.sentence.practical_nurse.varhassa.kaynnistyi.alkuvuodesta.toimintamalli.jonka.tavoitteena.2696 || card.sentence.practical_nurse.varhassa.kaynnistyi.alkuvuodesta.toimintamalli.jonka.tavoitteena.2980 || card.sentence.practical_nurse.varhassa.kaynnistyi.alkuvuodesta.toimintamalli.jonka.tavoitteena.3646
sentence_card,practical_nurse,complete the missing part of the sentence.,verenpaineen voi mitata kotona yksinkertaisella verenpainemittarilla viiden minuutin paikoillaanistumisen jälkeen.[10] | paikoillaanistumisen | paikoillaanistumisen,4,/home/vitus/floently-finnish/apps/backend/materials/cards/published/professional/practical_nurse/phrases/b1_b2.json,card.sentence.practical_nurse.verenpaineen.voi.mitata.kotona.yksinkertaisella.verenpainemittar.0634 || card.sentence.practical_nurse.verenpaineen.voi.mitata.kotona.yksinkertaisella.verenpainemittar.2916 || card.sentence.practical_nurse.verenpaineen.voi.mitata.kotona.yksinkertaisella.verenpainemittar.2921 || card.sentence.practical_nurse.verenpaineen.voi.mitata.kotona.yksinkertaisella.verenpainemittar.7830
sentence_card,practical_nurse,complete the missing part of the sentence.,"viivästyneitä haittavaikutuksia ovat muun muassa verenpurkaumat, laskimotukokset, imunestekertymä, infektio tai vaivan, esimerkiksi tyrän, uusiutuminen.[24] | tyrän | tyrän",4,/home/vitus/floently-finnish/apps/backend/materials/cards/published/professional/practical_nurse/phrases/b1_b2.json,card.sentence.practical_nurse.viivastyneita.haittavaikutuksia.ovat.muun.muassa.verenpurkaumat..0583 || card.sentence.practical_nurse.viivastyneita.haittavaikutuksia.ovat.muun.muassa.verenpurkaumat..4013 || card.sentence.practical_nurse.viivastyneita.haittavaikutuksia.ovat.muun.muassa.verenpurkaumat..4021 || card.sentence.practical_nurse.viivastyneita.haittavaikutuksia.ovat.muun.muassa.verenpurkaumat..4031
sentence_card,practical_nurse,complete the missing part of the sentence.,"yleisimpiä haittavaikutuksia ovat muun muassa pahoinvointi, oksennus, ripuli ja ummetus | ummetus | ummetus",4,/home/vitus/floently-finnish/apps/backend/materials/cards/published/professional/practical_nurse/phrases/b1_b2.json,card.sentence.practical_nurse.yleisimpia.haittavaikutuksia.ovat.muun.muassa.pahoinvointi.oksen.4253 || card.sentence.practical_nurse.yleisimpia.haittavaikutuksia.ovat.muun.muassa.pahoinvointi.oksen.4258 || card.sentence.practical_nurse.yleisimpia.haittavaikutuksia.ovat.muun.muassa.pahoinvointi.oksen.4263 || card.sentence.practical_nurse.yleisimpia.haittavaikutuksia.ovat.muun.muassa.pahoinvointi.oksen.4268
sentence_card,practical_nurse,complete the missing part of the sentence.,ylen mot kertoi dokumentissaan lääkäri saa potkut yksityisten lääkäriasemien painostavasta ilmapiiristä. | ilmapiiristä | ilmapiiristä,4,/home/vitus/floently-finnish/apps/backend/materials/cards/published/professional/practical_nurse/phrases/b1_b2.json,card.sentence.practical_nurse.ylen.mot.kertoi.dokumentissaan.laakari.saa.potkut.yksityisten.la.6555 || card.sentence.practical_nurse.ylen.mot.kertoi.dokumentissaan.laakari.saa.potkut.yksityisten.la.6560 || card.sentence.practical_nurse.ylen.mot.kertoi.dokumentissaan.laakari.saa.potkut.yksityisten.la.6565 || card.sentence.practical_nurse.ylen.mot.kertoi.dokumentissaan.laakari.saa.potkut.yksityisten.la.6570
sentence_card,practical_nurse,complete the missing part of the sentence.,ylen tietojen mukaan lääkärille jää valinnanvapauskokeilusta käteen näitäkin alhaisempi tai korkeintaan lähes yhtä alhainen palkkio. | palkkio | palkkio,4,/home/vitus/floently-finnish/apps/backend/materials/cards/published/professional/practical_nurse/phrases/b1_b2.json,card.sentence.practical_nurse.ylen.tietojen.mukaan.laakarille.jaa.valinnanvapauskokeilusta.kat.1614 || card.sentence.practical_nurse.ylen.tietojen.mukaan.laakarille.jaa.valinnanvapauskokeilusta.kat.7251 || card.sentence.practical_nurse.ylen.tietojen.mukaan.laakarille.jaa.valinnanvapauskokeilusta.kat.7256 || card.sentence.practical_nurse.ylen.tietojen.mukaan.laakarille.jaa.valinnanvapauskokeilusta.kat.7261
vocabulary_card,doctor,aamtu,aamtu,3,/home/vitus/floently-finnish/apps/backend/practice/data/cards/doctor_cards.json,doctor_8229 || doctor_8230 || doctor_8231
vocabulary_card,doctor,aamu,aamu,3,/home/vitus/floently-finnish/apps/backend/practice/data/cards/doctor_cards.json,doctor_8315 || doctor_8316 || doctor_8317
vocabulary_card,doctor,aamukahdeksasta,aamukahdeksasta,3,/home/vitus/floently-finnish/apps/backend/practice/data/cards/doctor_cards.json,doctor_5159 || doctor_5160 || doctor_5161
vocabulary_card,doctor,accountable,accountable,3,/home/vitus/floently-finnish/apps/backend/practice/data/cards/doctor_cards.json,doctor_9236 || doctor_9237 || doctor_9238
vocabulary_card,doctor,across,across,3,/home/vitus/floently-finnish/apps/backend/practice/data/cards/doctor_cards.json,doctor_9230 || doctor_9231 || doctor_9232
vocabulary_card,doctor,actively,actively,3,/home/vitus/floently-finnish/apps/backend/practice/data/cards/doctor_cards.json,doctor_9459 || doctor_9460 || doctor_9461
vocabulary_card,doctor,actividä,actividä,3,/home/vitus/floently-finnish/apps/backend/practice/data/cards/doctor_cards.json,doctor_10151 || doctor_10152 || doctor_10153
vocabulary_card,doctor,adenokarsinoomi,adenokarsinoomi,3,/home/vitus/floently-finnish/apps/backend/practice/data/cards/doctor_cards.json,doctor_7383 || doctor_7384 || doctor_7385
vocabulary_card,doctor,adh,adh,3,/home/vitus/floently-finnish/apps/backend/practice/data/cards/doctor_cards.json,doctor_3989 || doctor_3990 || doctor_3991
vocabulary_card,doctor,adhd-diagnoosia,adhd-diagnoosia,3,/home/vitus/floently-finnish/apps/backend/practice/data/cards/doctor_cards.json,doctor_3153 || doctor_3154 || doctor_3155
vocabulary_card,doctor,adhd-oireet,adhd-oireet,3,/home/vitus/floently-finnish/apps/backend/practice/data/cards/doctor_cards.json,doctor_3048 || doctor_3049 || doctor_3050
vocabulary_card,doctor,adhd-oireiden,adhd-oireiden,3,/home/vitus/floently-finnish/apps/backend/practice/data/cards/doctor_cards.json,doctor_2656 || doctor_2657 || doctor_2658
vocabulary_card,doctor,adhd-oireista,adhd-oireista,3,/home/vitus/floently-finnish/apps/backend/practice/data/cards/doctor_cards.json,doctor_8917 || doctor_8918 || doctor_8919
vocabulary_card,doctor,adults,adults,3,/home/vitus/floently-finnish/apps/backend/practice/data/cards/doctor_cards.json,doctor_10368 || doctor_10369 || doctor_10370
vocabulary_card,doctor,affected,affected,3,/home/vitus/floently-finnish/apps/backend/practice/data/cards/doctor_cards.json,doctor_9722 || doctor_9723 || doctor_9724
vocabulary_card,doctor,affects,affects,3,/home/vitus/floently-finnish/apps/backend/practice/data/cards/doctor_cards.json,doctor_10450 || doctor_10451 || doctor_10452
vocabulary_card,doctor,agenda,agenda,3,/home/vitus/floently-finnish/apps/backend/practice/data/cards/doctor_cards.json,doctor_10199 || doctor_10200 || doctor_10201
vocabulary_card,doctor,aihe,aihe,3,/home/vitus/floently-finnish/apps/backend/practice/data/cards/doctor_cards.json,doctor_527 || doctor_528 || doctor_529
vocabulary_card,doctor,aiheuta,aiheuta,3,/home/vitus/floently-finnish/apps/backend/practice/data/cards/doctor_cards.json,doctor_11382 || doctor_11383 || doctor_11384
vocabulary_card,doctor,aiheuttaa,aiheuttaa,3,/home/vitus/floently-finnish/apps/backend/practice/data/cards/doctor_cards.json,doctor_20 || doctor_21 || doctor_22
vocabulary_card,doctor,aiheuttaja,aiheuttaja,3,/home/vitus/floently-finnish/apps/backend/practice/data/cards/doctor_cards.json,doctor_1125 || doctor_1126 || doctor_1127
vocabulary_card,doctor,aiheuttajat,aiheuttajat,3,/home/vitus/floently-finnish/apps/backend/practice/data/cards/doctor_cards.json,doctor_6116 || doctor_6117 || doctor_6118
vocabulary_card,doctor,aiheuttajatkin,aiheuttajatkin,3,/home/vitus/floently-finnish/apps/backend/practice/data/cards/doctor_cards.json,doctor_10866 || doctor_10867 || doctor_10868
vocabulary_card,doctor,aiheuttama,aiheuttama,3,/home/vitus/floently-finnish/apps/backend/practice/data/cards/doctor_cards.json,doctor_3836 || doctor_3837 || doctor_3838
vocabulary_card,doctor,aiheuttamaan,aiheuttamaan,3,/home/vitus/floently-finnish/apps/backend/practice/data/cards/doctor_cards.json,doctor_3295 || doctor_3296 || doctor_3297
vocabulary_card,doctor,aiheuttamassa,aiheuttamassa,3,/home/vitus/floently-finnish/apps/backend/practice/data/cards/doctor_cards.json,doctor_4327 || doctor_4328 || doctor_4329
vocabulary_card,doctor,aiheuttamiin,aiheuttamiin,3,/home/vitus/floently-finnish/apps/backend/practice/data/cards/doctor_cards.json,doctor_3950 || doctor_3951 || doctor_3952
vocabulary_card,doctor,aiheuttamista,aiheuttamista,3,/home/vitus/floently-finnish/apps/backend/practice/data/cards/doctor_cards.json,doctor_4261 || doctor_4262 || doctor_4263
vocabulary_card,doctor,aiheuttava,aiheuttava,3,/home/vitus/floently-finnish/apps/backend/practice/data/cards/doctor_cards.json,doctor_825 || doctor_826 || doctor_827
vocabulary_card,doctor,aiheuttavasta,aiheuttavasta,3,/home/vitus/floently-finnish/apps/backend/practice/data/cards/doctor_cards.json,doctor_8424 || doctor_8425 || doctor_8426
vocabulary_card,doctor,aiheuttavata,aiheuttavata,3,/home/vitus/floently-finnish/apps/backend/practice/data/cards/doctor_cards.json,doctor_4097 || doctor_4098 || doctor_4099
vocabulary_card,doctor,aiheutua,aiheutua,3,/home/vitus/floently-finnish/apps/backend/practice/data/cards/doctor_cards.json,doctor_1596 || doctor_1597 || doctor_1598
vocabulary_card,doctor,aiheutuneen,aiheutuneen,3,/home/vitus/floently-finnish/apps/backend/practice/data/cards/doctor_cards.json,doctor_8277 || doctor_8278 || doctor_8279
vocabulary_card,doctor,aiheutuva,aiheutuva,3,/home/vitus/floently-finnish/apps/backend/practice/data/cards/doctor_cards.json,doctor_11415 || doctor_11416 || doctor_11417
vocabulary_card,doctor,aika,aika,3,/home/vitus/floently-finnish/apps/backend/practice/data/cards/doctor_cards.json,doctor_53 || doctor_54 || doctor_55
vocabulary_card,doctor,aikaansaaa,aikaansaaa,3,/home/vitus/floently-finnish/apps/backend/practice/data/cards/doctor_cards.json,doctor_3883 || doctor_3884 || doctor_3885
vocabulary_card,doctor,aikaväli,aikaväli,3,/home/vitus/floently-finnish/apps/backend/practice/data/cards/doctor_cards.json,doctor_1050 || doctor_1051 || doctor_1052
vocabulary_card,doctor,aikuinen,aikuinen,3,/home/vitus/floently-finnish/apps/backend/practice/data/cards/doctor_cards.json,doctor_3282 || doctor_3283 || doctor_3284
vocabulary_card,doctor,aikuisikä,aikuisikä,3,/home/vitus/floently-finnish/apps/backend/practice/data/cards/doctor_cards.json,doctor_1434 || doctor_1435 || doctor_1436
vocabulary_card,doctor,aikuisiällä,aikuisiällä,3,/home/vitus/floently-finnish/apps/backend/practice/data/cards/doctor_cards.json,doctor_3058 || doctor_3059 || doctor_3060
vocabulary_card,doctor,aikuisiän,aikuisiän,3,/home/vitus/floently-finnish/apps/backend/practice/data/cards/doctor_cards.json,doctor_10030 || doctor_10031 || doctor_10032
vocabulary_card,doctor,aikuispotilaka,aikuispotilaka,3,/home/vitus/floently-finnish/apps/backend/practice/data/cards/doctor_cards.json,doctor_7079 || doctor_7080 || doctor_7081
vocabulary_card,doctor,aikuistyypin,aikuistyypin,3,/home/vitus/floently-finnish/apps/backend/practice/data/cards/doctor_cards.json,doctor_2967 || doctor_2968 || doctor_2969
vocabulary_card,doctor,aim,aim,3,/home/vitus/floently-finnish/apps/backend/practice/data/cards/doctor_cards.json,doctor_9885 || doctor_9886 || doctor_9887
vocabulary_card,doctor,aine,aine,3,/home/vitus/floently-finnish/apps/backend/practice/data/cards/doctor_cards.json,doctor_2952 || doctor_2953 || doctor_2954
vocabulary_card,doctor,aineenvaihduntasairaus,aineenvaihduntasairaus,3,/home/vitus/floently-finnish/apps/backend/practice/data/cards/doctor_cards.json,doctor_10321 || doctor_10322 || doctor_10323
vocabulary_card,doctor,aineista,aineista,3,/home/vitus/floently-finnish/apps/backend/practice/data/cards/doctor_cards.json,doctor_2533 || doctor_2534 || doctor_2535
vocabulary_card,doctor,aineisto,aineisto,3,/home/vitus/floently-finnish/apps/backend/practice/data/cards/doctor_cards.json,doctor_8902 || doctor_8903 || doctor_8904
vocabulary_card,doctor,aistinvaraisiin,aistinvaraisiin,3,/home/vitus/floently-finnish/apps/backend/practice/data/cards/doctor_cards.json,doctor_9871 || doctor_9872 || doctor_9873
vocabulary_card,doctor,aivo,aivo,3,/home/vitus/floently-finnish/apps/backend/practice/data/cards/doctor_cards.json,doctor_807 || doctor_808 || doctor_809
vocabulary_card,doctor,aivohalvauknen,aivohalvauknen,3,/home/vitus/floently-finnish/apps/backend/practice/data/cards/doctor_cards.json,doctor_4941 || doctor_4942 || doctor_4943
vocabulary_card,doctor,aivoista,aivoista,3,/home/vitus/floently-finnish/apps/backend/practice/data/cards/doctor_cards.json,doctor_4425 || doctor_4426 || doctor_4427
vocabulary_card,doctor,aivokalvontulehduknen,aivokalvontulehduknen,3,/home/vitus/floently-finnish/apps/backend/practice/data/cards/doctor_cards.json,doctor_3211 || doctor_3212 || doctor_3213
vocabulary_card,doctor,aivokalvontulehdus,aivokalvontulehdus,3,/home/vitus/floently-finnish/apps/backend/practice/data/cards/doctor_cards.json,doctor_2643 || doctor_2644 || doctor_2645
vocabulary_card,doctor,aivokalvontulehdusta,aivokalvontulehdusta,3,/home/vitus/floently-finnish/apps/backend/practice/data/cards/doctor_cards.json,doctor_6815 || doctor_6816 || doctor_6817
vocabulary_card,doctor,aivokasvaimia,aivokasvaimia,3,/home/vitus/floently-finnish/apps/backend/practice/data/cards/doctor_cards.json,doctor_4962 || doctor_4963 || doctor_4964
vocabulary_card,doctor,aivokasvain,aivokasvain,3,/home/vitus/floently-finnish/apps/backend/practice/data/cards/doctor_cards.json,doctor_8262 || doctor_8263 || doctor_8264
vocabulary_card,doctor,aivolisäketulehdus,aivolisäketulehdus,3,/home/vitus/floently-finnish/apps/backend/practice/data/cards/doctor_cards.json,doctor_10601 || doctor_10602 || doctor_10603
vocabulary_card,doctor,aivopesu,aivopesu,3,/home/vitus/floently-finnish/apps/backend/practice/data/cards/doctor_cards.json,doctor_8514 || doctor_8515 || doctor_8516
vocabulary_card,doctor,aivosumu,aivosumu,3,/home/vitus/floently-finnish/apps/backend/practice/data/cards/doctor_cards.json,doctor_7771 || doctor_7772 || doctor_7773
vocabulary_card,doctor,aivotoiminnan,aivotoiminnan,3,/home/vitus/floently-finnish/apps/backend/practice/data/cards/doctor_cards.json,doctor_4245 || doctor_4246 || doctor_4247
vocabulary_card,doctor,aivovamma,aivovamma,3,/home/vitus/floently-finnish/apps/backend/practice/data/cards/doctor_cards.json,doctor_3670 || doctor_3671 || doctor_3672
vocabulary_card,doctor,ajaa,ajaa,3,/home/vitus/floently-finnish/apps/backend/practice/data/cards/doctor_cards.json,doctor_5957 || doctor_5958 || doctor_5959
vocabulary_card,doctor,ajan,ajan,3,/home/vitus/floently-finnish/apps/backend/practice/data/cards/doctor_cards.json,doctor_10902 || doctor_10903 || doctor_10904
vocabulary_card,doctor,ajanjakso,ajanjakso,3,/home/vitus/floently-finnish/apps/backend/practice/data/cards/doctor_cards.json,doctor_6052 || doctor_6053 || doctor_6054
vocabulary_card,doctor,ajattelea,ajattelea,3,/home/vitus/floently-finnish/apps/backend/practice/data/cards/doctor_cards.json,doctor_7658 || doctor_7659 || doctor_7660
vocabulary_card,doctor,ajattelu,ajattelu,3,/home/vitus/floently-finnish/apps/backend/practice/data/cards/doctor_cards.json,doctor_6106 || doctor_6107 || doctor_6108
vocabulary_card,doctor,akanois,akanois,3,/home/vitus/floently-finnish/apps/backend/practice/data/cards/doctor_cards.json,doctor_5459 || doctor_5460 || doctor_5461
vocabulary_card,doctor,aktiivisuuden,aktiivisuuden,3,/home/vitus/floently-finnish/apps/backend/practice/data/cards/doctor_cards.json,doctor_9634 || doctor_9635 || doctor_9636
vocabulary_card,doctor,aktiivisuus,aktiivisuus,3,/home/vitus/floently-finnish/apps/backend/practice/data/cards/doctor_cards.json,doctor_8377 || doctor_8378 || doctor_8379
vocabulary_card,doctor,aktivaatio,aktivaatio,3,/home/vitus/floently-finnish/apps/backend/practice/data/cards/doctor_cards.json,doctor_3891 || doctor_3892 || doctor_3893
vocabulary_card,doctor,aktivoituminen,aktivoituminen,3,/home/vitus/floently-finnish/apps/backend/practice/data/cards/doctor_cards.json,doctor_11290 || doctor_11291 || doctor_11292
vocabulary_card,doctor,akuuteista,akuuteista,3,/home/vitus/floently-finnish/apps/backend/practice/data/cards/doctor_cards.json,doctor_11302 || doctor_11303 || doctor_11304
vocabulary_card,doctor,akuuttaa,akuuttaa,3,/home/vitus/floently-finnish/apps/backend/practice/data/cards/doctor_cards.json,doctor_4444 || doctor_4445 || doctor_4446
vocabulary_card,doctor,ala,ala,3,/home/vitus/floently-finnish/apps/backend/practice/data/cards/doctor_cards.json,doctor_642 || doctor_643 || doctor_644
vocabulary_card,doctor,alavatsa,alavatsa,3,/home/vitus/floently-finnish/apps/backend/practice/data/cards/doctor_cards.json,doctor_7277 || doctor_7278 || doctor_7279
vocabulary_card,doctor,alhainen,alhainen,3,/home/vitus/floently-finnish/apps/backend/practice/data/cards/doctor_cards.json,doctor_2129 || doctor_2130 || doctor_2131
vocabulary_card,doctor,aliravitsemus,aliravitsemus,3,/home/vitus/floently-finnish/apps/backend/practice/data/cards/doctor_cards.json,doctor_3118 || doctor_3119 || doctor_3120
vocabulary_card,doctor,alitunnistettu,alitunnistettu,3,/home/vitus/floently-finnish/apps/backend/practice/data/cards/doctor_cards.json,doctor_4926 || doctor_4927 || doctor_4928
vocabulary_card,doctor,alkaa,alkaa,3,/home/vitus/floently-finnish/apps/backend/practice/data/cards/doctor_cards.json,doctor_149 || doctor_150 || doctor_151
vocabulary_card,doctor,alkanut,alkanut,3,/home/vitus/floently-finnish/apps/backend/practice/data/cards/doctor_cards.json,doctor_9780 || doctor_9781 || doctor_9782
vocabulary_card,doctor,alkeisiin,alkeisiin,3,/home/vitus/floently-finnish/apps/backend/practice/data/cards/doctor_cards.json,doctor_4503 || doctor_4504 || doctor_4505
vocabulary_card,doctor,alkiodiagnostiikka,alkiodiagnostiikka,3,/home/vitus/floently-finnish/apps/backend/practice/data/cards/doctor_cards.json,doctor_850 || doctor_851 || doctor_852
vocabulary_card,doctor,alkoholijuoma,alkoholijuoma,3,/home/vitus/floently-finnish/apps/backend/practice/data/cards/doctor_cards.json,doctor_11243 || doctor_11244 || doctor_11245
vocabulary_card,doctor,alkoholismi,alkoholismi,3,/home/vitus/floently-finnish/apps/backend/practice/data/cards/doctor_cards.json,doctor_3138 || doctor_3139 || doctor_3140
vocabulary_card,doctor,alku,alku,3,/home/vitus/floently-finnish/apps/backend/practice/data/cards/doctor_cards.json,doctor_2043 || doctor_2044 || doctor_2045
vocabulary_card,doctor,alkupuole,alkupuole,3,/home/vitus/floently-finnish/apps/backend/practice/data/cards/doctor_cards.json,doctor_2148 || doctor_2149 || doctor_2150
vocabulary_card,doctor,alleeli,alleeli,3,/home/vitus/floently-finnish/apps/backend/practice/data/cards/doctor_cards.json,doctor_9168 || doctor_9169 || doctor_9170
vocabulary_card,doctor,allergeeneista,allergeeneista,3,/home/vitus/floently-finnish/apps/backend/practice/data/cards/doctor_cards.json,doctor_2523 || doctor_2524 || doctor_2525
vocabulary_card,doctor,allergia-asiantuntija,allergia-asiantuntija,3,/home/vitus/floently-finnish/apps/backend/practice/data/cards/doctor_cards.json,doctor_6734 || doctor_6735 || doctor_6736
vocabulary_card,doctor,aloittaa,aloittaa,3,/home/vitus/floently-finnish/apps/backend/practice/data/cards/doctor_cards.json,doctor_1943 || doctor_1944 || doctor_1945
vocabulary_card,doctor,aloitusvaiheessa,aloitusvaiheessa,3,/home/vitus/floently-finnish/apps/backend/practice/data/cards/doctor_cards.json,doctor_5684 || doctor_5685 || doctor_5686
vocabulary_card,doctor,altistaa,altistaa,3,/home/vitus/floently-finnish/apps/backend/practice/data/cards/doctor_cards.json,doctor_1840 || doctor_1841 || doctor_1842
vocabulary_card,doctor,altistuminen,altistuminen,3,/home/vitus/floently-finnish/apps/backend/practice/data/cards/doctor_cards.json,doctor_7499 || doctor_7500 || doctor_7501
vocabulary_card,doctor,altistumisesta,altistumisesta,3,/home/vitus/floently-finnish/apps/backend/practice/data/cards/doctor_cards.json,doctor_8742 || doctor_8743 || doctor_8744
vocabulary_card,doctor,alttii,alttii,3,/home/vitus/floently-finnish/apps/backend/practice/data/cards/doctor_cards.json,doctor_8383 || doctor_8384 || doctor_8385
vocabulary_card,doctor,alttius,alttius,3,/home/vitus/floently-finnish/apps/backend/practice/data/cards/doctor_cards.json,doctor_11189 || doctor_11190 || doctor_11191
vocabulary_card,doctor,alttiutt,alttiutt,3,/home/vitus/floently-finnish/apps/backend/practice/data/cards/doctor_cards.json,doctor_3319 || doctor_3320 || doctor_3321
vocabulary_card,doctor,alue,alue,3,/home/vitus/floently-finnish/apps/backend/practice/data/cards/doctor_cards.json,doctor_1687 || doctor_1688 || doctor_1689
vocabulary_card,doctor,alueellinen,alueellinen,3,/home/vitus/floently-finnish/apps/backend/practice/data/cards/doctor_cards.json,doctor_6609 || doctor_6610 || doctor_6611
vocabulary_card,doctor,alueille,alueille,3,/home/vitus/floently-finnish/apps/backend/practice/data/cards/doctor_cards.json,doctor_11392 || doctor_11393 || doctor_11394
vocabulary_card,doctor,always,always,3,/home/vitus/floently-finnish/apps/backend/practice/data/cards/doctor_cards.json,doctor_9645 || doctor_9646 || doctor_9647
vocabulary_card,doctor,ammatinharjoittaja,ammatinharjoittaja,3,/home/vitus/floently-finnish/apps/backend/practice/data/cards/doctor_cards.json,doctor_345 || doctor_346 || doctor_347
vocabulary_card,doctor,ammatinharjoittajalääkäri,ammatinharjoittajalääkäri,3,/home/vitus/floently-finnish/apps/backend/practice/data/cards/doctor_cards.json,doctor_1966 || doctor_1967 || doctor_1968
vocabulary_card,doctor,ammatinharjoittaji,ammatinharjoittaji,3,/home/vitus/floently-finnish/apps/backend/practice/data/cards/doctor_cards.json,doctor_965 || doctor_966 || doctor_967
vocabulary_card,doctor,ammattiasema,ammattiasema,3,/home/vitus/floently-finnish/apps/backend/practice/data/cards/doctor_cards.json,doctor_5043 || doctor_5044 || doctor_5045
vocabulary_card,doctor,ammattilainen,ammattilainen,3,/home/vitus/floently-finnish/apps/backend/practice/data/cards/doctor_cards.json,doctor_1720 || doctor_1721 || doctor_1722
vocabulary_card,doctor,ammattipätevyysdirektiivi,ammattipätevyysdirektiivi,3,/home/vitus/floently-finnish/apps/backend/practice/data/cards/doctor_cards.json,doctor_4274 || doctor_4275 || doctor_4276
vocabulary_card,doctor,ammattitaito,ammattitaito,3,/home/vitus/floently-finnish/apps/backend/practice/data/cards/doctor_cards.json,doctor_3432 || doctor_3433 || doctor_3434
vocabulary_card,doctor,animals,animals,3,/home/vitus/floently-finnish/apps/backend/practice/data/cards/doctor_cards.json,doctor_9599 || doctor_9600 || doctor_9601
vocabulary_card,doctor,anneta,anneta,3,/home/vitus/floently-finnish/apps/backend/practice/data/cards/doctor_cards.json,doctor_2170 || doctor_2171 || doctor_2172
vocabulary_card,doctor,annetaan,annetaan,3,/home/vitus/floently-finnish/apps/backend/practice/data/cards/doctor_cards.json,doctor_11159 || doctor_11160 || doctor_11161
vocabulary_card,doctor,annostelu,annostelu,3,/home/vitus/floently-finnish/apps/backend/practice/data/cards/doctor_cards.json,doctor_1445 || doctor_1446 || doctor_1447
vocabulary_card,doctor,annostelua,annostelua,3,/home/vitus/floently-finnish/apps/backend/practice/data/cards/doctor_cards.json,doctor_11322 || doctor_11323 || doctor_11324
vocabulary_card,doctor,antaa,antaa,3,/home/vitus/floently-finnish/apps/backend/practice/data/cards/doctor_cards.json,doctor_302 || doctor_303 || doctor_304
vocabulary_card,doctor,antibiooteilla,antibiooteilla,3,/home/vitus/floently-finnish/apps/backend/practice/data/cards/doctor_cards.json,doctor_10001 || doctor_10002 || doctor_10003
vocabulary_card,doctor,antibiootit,antibiootit,3,/home/vitus/floently-finnish/apps/backend/practice/data/cards/doctor_cards.json,doctor_11287 || doctor_11288 || doctor_11289
vocabulary_card,doctor,antibiootti,antibiootti,3,/home/vitus/floently-finnish/apps/backend/practice/data/cards/doctor_cards.json,doctor_6509 || doctor_6510 || doctor_6511
vocabulary_card,doctor,antibioottia,antibioottia,3,/home/vitus/floently-finnish/apps/backend/practice/data/cards/doctor_cards.json,doctor_4549 || doctor_4550 || doctor_4551
vocabulary_card,doctor,antidiureettinen,antidiureettinen,3,/home/vitus/floently-finnish/apps/backend/practice/data/cards/doctor_cards.json,doctor_3984 || doctor_3985 || doctor_3986
vocabulary_card,doctor,anxiedä,anxiedä,3,/home/vitus/floently-finnish/apps/backend/practice/data/cards/doctor_cards.json,doctor_11488 || doctor_11489 || doctor_11490
vocabulary_card,doctor,apgar-pisteisiin,apgar-pisteisiin,3,/home/vitus/floently-finnish/apps/backend/practice/data/cards/doctor_cards.json,doctor_8478 || doctor_8479 || doctor_8480
vocabulary_card,doctor,apteekista,apteekista,3,/home/vitus/floently-finnish/apps/backend/practice/data/cards/doctor_cards.json,doctor_9099 || doctor_9100 || doctor_9101
vocabulary_card,doctor,apu,apu,3,/home/vitus/floently-finnish/apps/backend/practice/data/cards/doctor_cards.json,doctor_624 || doctor_625 || doctor_626
vocabulary_card,doctor,arkaluontoinen,arkaluontoinen,3,/home/vitus/floently-finnish/apps/backend/practice/data/cards/doctor_cards.json,doctor_4751 || doctor_4752 || doctor_4753
vocabulary_card,doctor,artikkeli,artikkeli,3,/home/vitus/floently-finnish/apps/backend/practice/data/cards/doctor_cards.json,doctor_1115 || doctor_1116 || doctor_1117
vocabulary_card,doctor,arva,arva,3,/home/vitus/floently-finnish/apps/backend/practice/data/cards/doctor_cards.json,doctor_8796 || doctor_8797 || doctor_8798
vocabulary_card,doctor,arvio,arvio,3,/home/vitus/floently-finnish/apps/backend/practice/data/cards/doctor_cards.json,doctor_830 || doctor_831 || doctor_832
vocabulary_card,doctor,arvioida,arvioida,3,/home/vitus/floently-finnish/apps/backend/practice/data/cards/doctor_cards.json,doctor_214 || doctor_215 || doctor_216
vocabulary_card,doctor,arvioila,arvioila,3,/home/vitus/floently-finnish/apps/backend/practice/data/cards/doctor_cards.json,doctor_5063 || doctor_5064 || doctor_5065
vocabulary_card,doctor,arvioimaan,arvioimaan,3,/home/vitus/floently-finnish/apps/backend/practice/data/cards/doctor_cards.json,doctor_11235 || doctor_11236 || doctor_11237
vocabulary_card,doctor,arviointi,arviointi,3,/home/vitus/floently-finnish/apps/backend/practice/data/cards/doctor_cards.json,doctor_6192 || doctor_6193 || doctor_6194
vocabulary_card,doctor,arviointijaksolle,arviointijaksolle,3,/home/vitus/floently-finnish/apps/backend/practice/data/cards/doctor_cards.json,doctor_5679 || doctor_5680 || doctor_5681
vocabulary_card,doctor,arviolta,arviolta,3,/home/vitus/floently-finnish/apps/backend/practice/data/cards/doctor_cards.json,doctor_7669 || doctor_7670 || doctor_7671
vocabulary_card,doctor,arvo,arvo,3,/home/vitus/floently-finnish/apps/backend/practice/data/cards/doctor_cards.json,doctor_8804 || doctor_8805 || doctor_8806
vocabulary_card,doctor,arvostetta,arvostetta,3,/home/vitus/floently-finnish/apps/backend/practice/data/cards/doctor_cards.json,doctor_6762 || doctor_6763 || doctor_6764
vocabulary_card,doctor,arvot,arvot,3,/home/vitus/floently-finnish/apps/backend/practice/data/cards/doctor_cards.json,doctor_11258 || doctor_11259 || doctor_11260
vocabulary_card,doctor,asema,asema,3,/home/vitus/floently-finnish/apps/backend/practice/data/cards/doctor_cards.json,doctor_8020 || doctor_8021 || doctor_8022
vocabulary_card,doctor,aseptiikka,aseptiikka,3,/home/vitus/floently-finnish/apps/backend/practice/data/cards/doctor_cards.json,doctor_7303 || doctor_7304 || doctor_7305
vocabulary_card,doctor,asettaa,asettaa,3,/home/vitus/floently-finnish/apps/backend/practice/data/cards/doctor_cards.json,doctor_4279 || doctor_4280 || doctor_4281
vocabulary_card,doctor,asettamissa,asettamissa,3,/home/vitus/floently-finnish/apps/backend/practice/data/cards/doctor_cards.json,doctor_5924 || doctor_5925 || doctor_5926
vocabulary_card,doctor,asetus,asetus,3,/home/vitus/floently-finnish/apps/backend/practice/data/cards/doctor_cards.json,doctor_6124 || doctor_6125 || doctor_6126
vocabulary_card,doctor,asfaltin,asfaltin,3,/home/vitus/floently-finnish/apps/backend/practice/data/cards/doctor_cards.json,doctor_10860 || doctor_10861 || doctor_10862
vocabulary_card,doctor,asia,asia,3,/home/vitus/floently-finnish/apps/backend/practice/data/cards/doctor_cards.json,doctor_449 || doctor_450 || doctor_451
vocabulary_card,doctor,asiakas,asiakas,3,/home/vitus/floently-finnish/apps/backend/practice/data/cards/doctor_cards.json,doctor_886 || doctor_887 || doctor_888
vocabulary_card,doctor,asiakirja,asiakirja,3,/home/vitus/floently-finnish/apps/backend/practice/data/cards/doctor_cards.json,doctor_3248 || doctor_3249 || doctor_3250
vocabulary_card,doctor,asiaksi,asiaksi,3,/home/vitus/floently-finnish/apps/backend/practice/data/cards/doctor_cards.json,doctor_5221 || doctor_5222 || doctor_5223
vocabulary_card,doctor,asiantarkastajina,asiantarkastajina,3,/home/vitus/floently-finnish/apps/backend/practice/data/cards/doctor_cards.json,doctor_6709 || doctor_6710 || doctor_6711
vocabulary_card,doctor,asiantuntija,asiantuntija,3,/home/vitus/floently-finnish/apps/backend/practice/data/cards/doctor_cards.json,doctor_1393 || doctor_1394 || doctor_1395
vocabulary_card,doctor,asiantuntijalääkäri,asiantuntijalääkäri,3,/home/vitus/floently-finnish/apps/backend/practice/data/cards/doctor_cards.json,doctor_8323 || doctor_8324 || doctor_8325
vocabulary_card,doctor,asiantuntijaryhmä,asiantuntijaryhmä,3,/home/vitus/floently-finnish/apps/backend/practice/data/cards/doctor_cards.json,doctor_4575 || doctor_4576 || doctor_4577
vocabulary_card,doctor,assa,assa,3,/home/vitus/floently-finnish/apps/backend/practice/data/cards/doctor_cards.json,doctor_4084 || doctor_4085 || doctor_4086
vocabulary_card,doctor,assesses,assesses,3,/home/vitus/floently-finnish/apps/backend/practice/data/cards/doctor_cards.json,doctor_9539 || doctor_9540 || doctor_9541
vocabulary_card,doctor,astma,astma,3,/home/vitus/floently-finnish/apps/backend/practice/data/cards/doctor_cards.json,doctor_6729 || doctor_6730 || doctor_6731
vocabulary_card,doctor,ateriasta,ateriasta,3,/home/vitus/floently-finnish/apps/backend/practice/data/cards/doctor_cards.json,doctor_4611 || doctor_4612 || doctor_4613
vocabulary_card,doctor,auktoriteetti,auktoriteetti,3,/home/vitus/floently-finnish/apps/backend/practice/data/cards/doctor_cards.json,doctor_2137 || doctor_2138 || doctor_2139
vocabulary_card,doctor,auringosta,auringosta,3,/home/vitus/floently-finnish/apps/backend/practice/data/cards/doctor_cards.json,doctor_9608 || doctor_9609 || doctor_9610
vocabulary_card,doctor,authorisatio,authorisatio,3,/home/vitus/floently-finnish/apps/backend/practice/data/cards/doctor_cards.json,doctor_10301 || doctor_10302 || doctor_10303
vocabulary_card,doctor,autoimmuunisairauksien,autoimmuunisairauksien,3,/home/vitus/floently-finnish/apps/backend/practice/data/cards/doctor_cards.json,doctor_9530 || doctor_9531 || doctor_9532
vocabulary_card,doctor,autoimmuunisairauksiin,autoimmuunisairauksiin,3,/home/vitus/floently-finnish/apps/backend/practice/data/cards/doctor_cards.json,doctor_7515 || doctor_7516 || doctor_7517
vocabulary_card,doctor,autoimmuunisairaus,autoimmuunisairaus,3,/home/vitus/floently-finnish/apps/backend/practice/data/cards/doctor_cards.json,doctor_1994 || doctor_1995 || doctor_1996
vocabulary_card,doctor,autoimmuunitulehduknen,autoimmuunitulehduknen,3,/home/vitus/floently-finnish/apps/backend/practice/data/cards/doctor_cards.json,doctor_9301 || doctor_9302 || doctor_9303
vocabulary_card,doctor,avaavilla,avaavilla,3,/home/vitus/floently-finnish/apps/backend/practice/data/cards/doctor_cards.json,doctor_10237 || doctor_10238 || doctor_10239
vocabulary_card,doctor,avataan,avataan,3,/home/vitus/floently-finnish/apps/backend/practice/data/cards/doctor_cards.json,doctor_5592 || doctor_5593 || doctor_5594
vocabulary_card,doctor,avoin,avoin,3,/home/vitus/floently-finnish/apps/backend/practice/data/cards/doctor_cards.json,doctor_5896 || doctor_5897 || doctor_5898
vocabulary_card,doctor,avointen,avointen,3,/home/vitus/floently-finnish/apps/backend/practice/data/cards/doctor_cards.json,doctor_2320 || doctor_2321 || doctor_2322
vocabulary_card,doctor,avokirurgiassa,avokirurgiassa,3,/home/vitus/floently-finnish/apps/backend/practice/data/cards/doctor_cards.json,doctor_8860 || doctor_8861 || doctor_8862
vocabulary_card,doctor,avosydänkirurgiaan,avosydänkirurgiaan,3,/home/vitus/floently-finnish/apps/backend/practice/data/cards/doctor_cards.json,doctor_10253 || doctor_10254 || doctor_10255
vocabulary_card,doctor,b-tyyppiä,b-tyyppiä,3,/home/vitus/floently-finnish/apps/backend/practice/data/cards/doctor_cards.json,doctor_3442 || doctor_3443 || doctor_3444
vocabulary_card,doctor,bakteereis,bakteereis,3,/home/vitus/floently-finnish/apps/backend/practice/data/cards/doctor_cards.json,doctor_4061 || doctor_4062 || doctor_4063
vocabulary_card,doctor,bakteereja,bakteereja,3,/home/vitus/floently-finnish/apps/backend/practice/data/cards/doctor_cards.json,doctor_10809 || doctor_10810 || doctor_10811
vocabulary_card,doctor,bakteeri,bakteeri,3,/home/vitus/floently-finnish/apps/backend/practice/data/cards/doctor_cards.json,doctor_391 || doctor_392 || doctor_393
vocabulary_card,doctor,bakteeriin,bakteeriin,3,/home/vitus/floently-finnish/apps/backend/practice/data/cards/doctor_cards.json,doctor_9795 || doctor_9796 || doctor_9797
vocabulary_card,doctor,bakteeriperäinen,bakteeriperäinen,3,/home/vitus/floently-finnish/apps/backend/practice/data/cards/doctor_cards.json,doctor_6498 || doctor_6499 || doctor_6500
vocabulary_card,doctor,bakteerisoluissa,bakteerisoluissa,3,/home/vitus/floently-finnish/apps/backend/practice/data/cards/doctor_cards.json,doctor_9508 || doctor_9509 || doctor_9510
vocabulary_card,doctor,bakteeritoksiini,bakteeritoksiini,3,/home/vitus/floently-finnish/apps/backend/practice/data/cards/doctor_cards.json,doctor_6442 || doctor_6443 || doctor_6444
vocabulary_card,doctor,beetasolu,beetasolu,3,/home/vitus/floently-finnish/apps/backend/practice/data/cards/doctor_cards.json,doctor_7609 || doctor_7610 || doctor_7611
vocabulary_card,doctor,benefit,benefit,3,/home/vitus/floently-finnish/apps/backend/practice/data/cards/doctor_cards.json,doctor_10085 || doctor_10086 || doctor_10087
vocabulary_card,doctor,between,between,3,/home/vitus/floently-finnish/apps/backend/practice/data/cards/doctor_cards.json,doctor_11223 || doctor_11224 || doctor_11225
vocabulary_card,doctor,biokemiaan,biokemiaan,3,/home/vitus/floently-finnish/apps/backend/practice/data/cards/doctor_cards.json,doctor_6953 || doctor_6954 || doctor_6955
vocabulary_card,doctor,biologia,biologia,3,/home/vitus/floently-finnish/apps/backend/practice/data/cards/doctor_cards.json,doctor_8194 || doctor_8195 || doctor_8196
vocabulary_card,doctor,biologiset,biologiset,3,/home/vitus/floently-finnish/apps/backend/practice/data/cards/doctor_cards.json,doctor_5266 || doctor_5267 || doctor_5268
vocabulary_card,doctor,bipolaarinen,bipolaarinen,3,/home/vitus/floently-finnish/apps/backend/practice/data/cards/doctor_cards.json,doctor_4419 || doctor_4420 || doctor_4421
vocabulary_card,doctor,bradykiniini,bradykiniini,3,/home/vitus/floently-finnish/apps/backend/practice/data/cards/doctor_cards.json,doctor_11229 || doctor_11230 || doctor_11231
vocabulary_card,doctor,brittitutkimuksessa,brittitutkimuksessa,3,/home/vitus/floently-finnish/apps/backend/practice/data/cards/doctor_cards.json,doctor_11197 || doctor_11198 || doctor_11199
vocabulary_card,doctor,budgets,budgets,3,/home/vitus/floently-finnish/apps/backend/practice/data/cards/doctor_cards.json,doctor_10806 || doctor_10807 || doctor_10808
vocabulary_card,doctor,chat,chat,3,/home/vitus/floently-finnish/apps/backend/practice/data/cards/doctor_cards.json,doctor_7950 || doctor_7951 || doctor_7952
vocabulary_card,doctor,chati,chati,3,/home/vitus/floently-finnish/apps/backend/practice/data/cards/doctor_cards.json,doctor_4353 || doctor_4354 || doctor_4355
vocabulary_card,doctor,chattilääkäri,chattilääkäri,3,/home/vitus/floently-finnish/apps/backend/practice/data/cards/doctor_cards.json,doctor_2033 || doctor_2034 || doctor_2035
vocabulary_card,doctor,chattivastaanotto,chattivastaanotto,3,/home/vitus/floently-finnish/apps/backend/practice/data/cards/doctor_cards.json,doctor_4457 || doctor_4458 || doctor_4459
vocabulary_card,doctor,citizens,citizens,3,/home/vitus/floently-finnish/apps/backend/practice/data/cards/doctor_cards.json,doctor_9410 || doctor_9411 || doctor_9412
sentence_card,doctor,complete the missing part of the sentence.,"aikaisemmin leikkaus oli äärimmäisen kivulias kokemus ja leikkaajia kehotettiin hoitamaan leikkaukset mahdollisimman nopeasti, ettei potilas kärsisi niin paljoa | paljoa | paljoa",3,/home/vitus/floently-finnish/apps/backend/materials/cards/published/professional/doctor/phrases/b1_b2.json,card.sentence.doctor.aikaisemmin.leikkaus.oli.aarimmaisen.kivulias.kokemus.ja.leikkaa.0447 || card.sentence.doctor.aikaisemmin.leikkaus.oli.aarimmaisen.kivulias.kokemus.ja.leikkaa.0500 || card.sentence.doctor.aikaisemmin.leikkaus.oli.aarimmaisen.kivulias.kokemus.ja.leikkaa.6688
sentence_card,doctor,complete the missing part of the sentence.,"aina on ollut ihmisiä, jotka ovat joutuneet erikoistumaan sairaiden ja heidän kipujensa kohtaamiseen | kohtaamiseen | kohtaamiseen",3,/home/vitus/floently-finnish/apps/backend/materials/cards/published/professional/doctor/phrases/b1_b2.json,card.sentence.doctor.aina.on.ollut.ihmisia.jotka.ovat.joutuneet.erikoistumaan.sairaid.1734 || card.sentence.doctor.aina.on.ollut.ihmisia.jotka.ovat.joutuneet.erikoistumaan.sairaid.4481 || card.sentence.doctor.aina.on.ollut.ihmisia.jotka.ovat.joutuneet.erikoistumaan.sairaid.4486
sentence_card,doctor,complete the missing part of the sentence.,"airo arvioi, että todellinen määrä on kuitenkin moninkertainen, sillä sairaudet ovat alitunnistettuja. | alitunnistettuja | alitunnistettuja",3,/home/vitus/floently-finnish/apps/backend/materials/cards/published/professional/doctor/phrases/b1_b2.json,card.sentence.doctor.airo.arvioi.etta.todellinen.maara.on.kuitenkin.moninkertainen.si.4919 || card.sentence.doctor.airo.arvioi.etta.todellinen.maara.on.kuitenkin.moninkertainen.si.4924 || card.sentence.doctor.airo.arvioi.etta.todellinen.maara.on.kuitenkin.moninkertainen.si.4929
sentence_card,doctor,complete the missing part of the sentence.,aivotoiminnan häriintyminen johtuu ainakin osaksi taudinaiheuttajien ja tulehdusvasteen aiheuttamista aivovaikutuksista.[36] | aiheuttamista | aiheuttamista,3,/home/vitus/floently-finnish/apps/backend/materials/cards/published/professional/doctor/phrases/b1_b2.json,card.sentence.doctor.aivotoiminnan.hariintyminen.johtuu.ainakin.osaksi.taudinaiheutta.0810 || card.sentence.doctor.aivotoiminnan.hariintyminen.johtuu.ainakin.osaksi.taudinaiheutta.4251 || card.sentence.doctor.aivotoiminnan.hariintyminen.johtuu.ainakin.osaksi.taudinaiheutta.4264
sentence_card,doctor,complete the missing part of the sentence.,asiantuntijat suosittelevat varhaista seulontaa ja tukea oireista kärsiville. | kärsiville | kärsiville,3,/home/vitus/floently-finnish/apps/backend/materials/cards/published/professional/doctor/phrases/b1_b2.json,card.sentence.doctor.asiantuntijat.suosittelevat.varhaista.seulontaa.ja.tukea.oireist.0843 || card.sentence.doctor.asiantuntijat.suosittelevat.varhaista.seulontaa.ja.tukea.oireist.6325 || card.sentence.doctor.asiantuntijat.suosittelevat.varhaista.seulontaa.ja.tukea.oireist.6330
sentence_card,doctor,complete the missing part of the sentence.,avokirurgiassa myös kudosten palpaatio on oleellinen menetelmä | menetelmä | menetelmä,3,/home/vitus/floently-finnish/apps/backend/materials/cards/published/professional/doctor/phrases/b1_b2.json,card.sentence.doctor.avokirurgiassa.myos.kudosten.palpaatio.on.oleellinen.menetelma.10783 || card.sentence.doctor.avokirurgiassa.myos.kudosten.palpaatio.on.oleellinen.menetelma.8869 || card.sentence.doctor.avokirurgiassa.myos.kudosten.palpaatio.on.oleellinen.menetelma.8874
sentence_card,doctor,complete the missing part of the sentence.,"bernin ja minnesotan yliopistojen yhteisessä tutkimuksessa löydettiin perinnöllinen yhteys sairauteen, jossa koirille kehittyy hermostollisia häiriöitä | häiriöitä | häiriöitä",3,/home/vitus/floently-finnish/apps/backend/materials/cards/published/professional/doctor/phrases/b1_b2.json,card.sentence.doctor.bernin.ja.minnesotan.yliopistojen.yhteisessa.tutkimuksessa.loyde.0182 || card.sentence.doctor.bernin.ja.minnesotan.yliopistojen.yhteisessa.tutkimuksessa.loyde.0669 || card.sentence.doctor.bernin.ja.minnesotan.yliopistojen.yhteisessa.tutkimuksessa.loyde.5502
sentence_card,doctor,complete the missing part of the sentence.,diagnoosi tarkoittaa oireiden perusteella tehtyä päätelmää niitä aiheuttavasta sairaudesta | sairaudesta | sairaudesta,3,/home/vitus/floently-finnish/apps/backend/materials/cards/published/professional/doctor/phrases/b1_b2.json,card.sentence.doctor.diagnoosi.tarkoittaa.oireiden.perusteella.tehtya.paatelmaa.niita.0310 || card.sentence.doctor.diagnoosi.tarkoittaa.oireiden.perusteella.tehtya.paatelmaa.niita.8422 || card.sentence.doctor.diagnoosi.tarkoittaa.oireiden.perusteella.tehtya.paatelmaa.niita.8427
sentence_card,doctor,complete the missing part of the sentence.,diagnoosin perusteella lääkäri määrää tarvittavat mahdolliset hoitotoimenpiteet. | hoitotoimenpiteet | hoitotoimenpiteet,3,/home/vitus/floently-finnish/apps/backend/materials/cards/published/professional/doctor/phrases/b1_b2.json,card.sentence.doctor.diagnoosin.perusteella.laakari.maaraa.tarvittavat.mahdolliset.ho.10229 || card.sentence.doctor.diagnoosin.perusteella.laakari.maaraa.tarvittavat.mahdolliset.ho.11390 || card.sentence.doctor.diagnoosin.perusteella.laakari.maaraa.tarvittavat.mahdolliset.ho.1760
sentence_card,doctor,complete the missing part of the sentence.,elektiivisiin leikkauksiin kuuluu muun muassa erilaisten ei-henkeä vaarantavien terveysongelmien korjaaminen.[5] | terveysongelmien | terveysongelmien,3,/home/vitus/floently-finnish/apps/backend/materials/cards/published/professional/doctor/phrases/b1_b2.json,card.sentence.doctor.elektiivisiin.leikkauksiin.kuuluu.muun.muassa.erilaisten.ei.henk.0520 || card.sentence.doctor.elektiivisiin.leikkauksiin.kuuluu.muun.muassa.erilaisten.ei.henk.4139 || card.sentence.doctor.elektiivisiin.leikkauksiin.kuuluu.muun.muassa.erilaisten.ei.henk.4144
sentence_card,doctor,complete the missing part of the sentence.,endotoksemian katsotaan yleisesti johtuvan suoliston lisääntyneestä läpäisevyydestä | läpäisevyydestä | läpäisevyydestä,3,/home/vitus/floently-finnish/apps/backend/materials/cards/published/professional/doctor/phrases/b1_b2.json,card.sentence.doctor.endotoksemian.katsotaan.yleisesti.johtuvan.suoliston.lisaantynee.5172 || card.sentence.doctor.endotoksemian.katsotaan.yleisesti.johtuvan.suoliston.lisaantynee.6906 || card.sentence.doctor.endotoksemian.katsotaan.yleisesti.johtuvan.suoliston.lisaantynee.9877
sentence_card,doctor,complete the missing part of the sentence.,ennen hoitoa täytyy määrittää tarkasti syöpätyyppi ja syövän levinneisyys | levinneisyys | levinneisyys,3,/home/vitus/floently-finnish/apps/backend/materials/cards/published/professional/doctor/phrases/b1_b2.json,card.sentence.doctor.ennen.hoitoa.taytyy.maarittaa.tarkasti.syopatyyppi.ja.syovan.lev.1263 || card.sentence.doctor.ennen.hoitoa.taytyy.maarittaa.tarkasti.syopatyyppi.ja.syovan.lev.2452 || card.sentence.doctor.ennen.hoitoa.taytyy.maarittaa.tarkasti.syopatyyppi.ja.syovan.lev.2457
sentence_card,doctor,complete the missing part of the sentence.,ennen nykyisiä hoitokeinoja oli hyvin suuri vaara että potilas vuosi kuiviin ennen hoitoa tai leikkauksen aikana | aikana | aikana,3,/home/vitus/floently-finnish/apps/backend/materials/cards/published/professional/doctor/phrases/b1_b2.json,card.sentence.doctor.ennen.nykyisia.hoitokeinoja.oli.hyvin.suuri.vaara.etta.potilas.v.0107 || card.sentence.doctor.ennen.nykyisia.hoitokeinoja.oli.hyvin.suuri.vaara.etta.potilas.v.1941 || card.sentence.doctor.ennen.nykyisia.hoitokeinoja.oli.hyvin.suuri.vaara.etta.potilas.v.5784
sentence_card,doctor,complete the missing part of the sentence.,"esimerkiksi homoseksuaalisuutta, masturbointia ja naisten seksuaalista aktiivisuutta pidettiin ennen lääketieteellisinä sairauksina.[1] | lääketieteellisinä | lääketieteellisinä",3,/home/vitus/floently-finnish/apps/backend/materials/cards/published/professional/doctor/phrases/b1_b2.json,card.sentence.doctor.esimerkiksi.homoseksuaalisuutta.masturbointia.ja.naisten.seksuaa.10468 || card.sentence.doctor.esimerkiksi.homoseksuaalisuutta.masturbointia.ja.naisten.seksuaa.8367 || card.sentence.doctor.esimerkiksi.homoseksuaalisuutta.masturbointia.ja.naisten.seksuaa.8372
sentence_card,doctor,complete the missing part of the sentence.,hämeenlinnan kaupungin varhaiskasvatusjohtajan erja hirvosen mukaan tapaus on vakava | vakava | vakava,3,/home/vitus/floently-finnish/apps/backend/materials/cards/published/professional/doctor/phrases/b1_b2.json,card.sentence.doctor.hameenlinnan.kaupungin.varhaiskasvatusjohtajan.erja.hirvosen.muk.0437 || card.sentence.doctor.hameenlinnan.kaupungin.varhaiskasvatusjohtajan.erja.hirvosen.muk.2737 || card.sentence.doctor.hameenlinnan.kaupungin.varhaiskasvatusjohtajan.erja.hirvosen.muk.4880
sentence_card,doctor,complete the missing part of the sentence.,hammasperäinen tulehdus lisää valtimokovettumataudin riskiä ja saattaa johtaa märkäpesäkkeeseen eli paiseeseen ja yleisinfektioon bakteereiden levitessä verenkiertoon[32]. | levitessä | levitessä,3,/home/vitus/floently-finnish/apps/backend/materials/cards/published/professional/doctor/phrases/b1_b2.json,card.sentence.doctor.hammasperainen.tulehdus.lisaa.valtimokovettumataudin.riskia.ja.s.4051 || card.sentence.doctor.hammasperainen.tulehdus.lisaa.valtimokovettumataudin.riskia.ja.s.4059 || card.sentence.doctor.hammasperainen.tulehdus.lisaa.valtimokovettumataudin.riskia.ja.s.4067
sentence_card,doctor,complete the missing part of the sentence.,"hän esiintyy tässä jutussa pelkällä etunimellään, koska aihe käsittelee arkaluontoisia terveystietoja | terveystietoja | terveystietoja",3,/home/vitus/floently-finnish/apps/backend/materials/cards/published/professional/doctor/phrases/b1_b2.json,card.sentence.doctor.han.esiintyy.tassa.jutussa.pelkalla.etunimellaan.koska.aihe.kasi.0679 || card.sentence.doctor.han.esiintyy.tassa.jutussa.pelkalla.etunimellaan.koska.aihe.kasi.4744 || card.sentence.doctor.han.esiintyy.tassa.jutussa.pelkalla.etunimellaan.koska.aihe.kasi.4749
sentence_card,doctor,complete the missing part of the sentence.,"hän on koulutukseltaan sairaanhoitaja, mutta laphan lääkärin kirjoittaman arvion mukaan hänellä voi olla muistisairaus. | muistisairaus | muistisairaus",3,/home/vitus/floently-finnish/apps/backend/materials/cards/published/professional/doctor/phrases/b1_b2.json,card.sentence.doctor.han.on.koulutukseltaan.sairaanhoitaja.mutta.laphan.laakarin.kirj.1534 || card.sentence.doctor.han.on.koulutukseltaan.sairaanhoitaja.mutta.laphan.laakarin.kirj.3523 || card.sentence.doctor.han.on.koulutukseltaan.sairaanhoitaja.mutta.laphan.laakarin.kirj.6895
sentence_card,doctor,complete the missing part of the sentence.,hänen auktoriteettinsa ohjasi länsimaista lääketiedettä aina 1700-luvun alkupuolelle saakka | saakka | saakka,3,/home/vitus/floently-finnish/apps/backend/materials/cards/published/professional/doctor/phrases/b1_b2.json,card.sentence.doctor.hanen.auktoriteettinsa.ohjasi.lansimaista.laaketiedetta.aina.170.2140 || card.sentence.doctor.hanen.auktoriteettinsa.ohjasi.lansimaista.laaketiedetta.aina.170.2151 || card.sentence.doctor.hanen.auktoriteettinsa.ohjasi.lansimaista.laaketiedetta.aina.170.9405
sentence_card,doctor,complete the missing part of the sentence.,"hoitojakson syynä oli sairaus, jonka ilmaantuminen saattaa johtua siitä, että äiti ei ollut ottanut kaikkia hänelle määrättyjä lääkkeitä. | lääkkeitä | lääkkeitä",3,/home/vitus/floently-finnish/apps/backend/materials/cards/published/professional/doctor/phrases/b1_b2.json,card.sentence.doctor.hoitojakson.syyna.oli.sairaus.jonka.ilmaantuminen.saattaa.johtua.0112 || card.sentence.doctor.hoitojakson.syyna.oli.sairaus.jonka.ilmaantuminen.saattaa.johtua.2212 || card.sentence.doctor.hoitojakson.syyna.oli.sairaus.jonka.ilmaantuminen.saattaa.johtua.2217
sentence_card,doctor,complete the missing part of the sentence.,"hormonihoitoja käytetään yleensä rintasyövän, eturauhasen syövän, kilpirauhassyövän ja kohdun runko-osan syövän hoidossa | hoidossa | hoidossa",3,/home/vitus/floently-finnish/apps/backend/materials/cards/published/professional/doctor/phrases/b1_b2.json,card.sentence.doctor.hormonihoitoja.kaytetaan.yleensa.rintasyovan.eturauhasen.syovan..1066 || card.sentence.doctor.hormonihoitoja.kaytetaan.yleensa.rintasyovan.eturauhasen.syovan..7532 || card.sentence.doctor.hormonihoitoja.kaytetaan.yleensa.rintasyovan.eturauhasen.syovan..7540
sentence_card,doctor,complete the missing part of the sentence.,"jos hinta on yli enimmäispalkkion, pitää lääkäriasema ylimenevän summan itsellään. | itsellään | itsellään",3,/home/vitus/floently-finnish/apps/backend/materials/cards/published/professional/doctor/phrases/b1_b2.json,card.sentence.doctor.jos.hinta.on.yli.enimmaispalkkion.pitaa.laakariasema.ylimenevan..0576 || card.sentence.doctor.jos.hinta.on.yli.enimmaispalkkion.pitaa.laakariasema.ylimenevan..1153 || card.sentence.doctor.jos.hinta.on.yli.enimmaispalkkion.pitaa.laakariasema.ylimenevan..2207
sentence_card,doctor,complete the missing part of the sentence.,"– jos lihavuutta hoidetaan lääkkeillä pitkäaikaisesti, niin kyllä paino pitää voida mitata vastaanotolla. | vastaanotolla | vastaanotolla",3,/home/vitus/floently-finnish/apps/backend/materials/cards/published/professional/doctor/phrases/b1_b2.json,card.sentence.doctor.jos.lihavuutta.hoidetaan.laakkeilla.pitkaaikaisesti.niin.kylla.p.1496 || card.sentence.doctor.jos.lihavuutta.hoidetaan.laakkeilla.pitkaaikaisesti.niin.kylla.p.5720 || card.sentence.doctor.jos.lihavuutta.hoidetaan.laakkeilla.pitkaaikaisesti.niin.kylla.p.8305
sentence_card,doctor,complete the missing part of the sentence.,"jos niitä käytetään ja saasteita on, voi ilmetä esimerkiksi erilaisille sairauksille ja syövälle altistumista pidemmällä aikavälillä, emma hakala sanoo. | sanoo | sanoo",3,/home/vitus/floently-finnish/apps/backend/materials/cards/published/professional/doctor/phrases/b1_b2.json,card.sentence.doctor.jos.niita.kaytetaan.ja.saasteita.on.voi.ilmeta.esimerkiksi.erila.1053 || card.sentence.doctor.jos.niita.kaytetaan.ja.saasteita.on.voi.ilmeta.esimerkiksi.erila.7494 || card.sentence.doctor.jos.niita.kaytetaan.ja.saasteita.on.voi.ilmeta.esimerkiksi.erila.7505
sentence_card,doctor,complete the missing part of the sentence.,"kelan johtava ylilääkäri janne leinonen myöntää, että digivastaanottoihin liittyy ylilyöntien riski | riski | riski",3,/home/vitus/floently-finnish/apps/backend/materials/cards/published/professional/doctor/phrases/b1_b2.json,card.sentence.doctor.kelan.johtava.ylilaakari.janne.leinonen.myontaa.etta.digivastaan.3626 || card.sentence.doctor.kelan.johtava.ylilaakari.janne.leinonen.myontaa.etta.digivastaan.9110 || card.sentence.doctor.kelan.johtava.ylilaakari.janne.leinonen.myontaa.etta.digivastaan.9115
sentence_card,doctor,complete the missing part of the sentence.,kliinisen metabolian professori kirsi pietiläinen on tavannut tuhansia lihavuudesta kärsiviä | kärsiviä | kärsiviä,3,/home/vitus/floently-finnish/apps/backend/materials/cards/published/professional/doctor/phrases/b1_b2.json,card.sentence.doctor.kliinisen.metabolian.professori.kirsi.pietilainen.on.tavannut.tu.0571 || card.sentence.doctor.kliinisen.metabolian.professori.kirsi.pietilainen.on.tavannut.tu.3006 || card.sentence.doctor.kliinisen.metabolian.professori.kirsi.pietilainen.on.tavannut.tu.6335
sentence_card,doctor,complete the missing part of the sentence.,"kohonneen verenpaineen syitä ovat perinnölliset tekijät, eräät sairaudet sekä seuraavat:[9] | sekä | sekä",3,/home/vitus/floently-finnish/apps/backend/materials/cards/published/professional/doctor/phrases/b1_b2.json,card.sentence.doctor.kohonneen.verenpaineen.syita.ovat.perinnolliset.tekijat.eraat.sa.1085 || card.sentence.doctor.kohonneen.verenpaineen.syita.ovat.perinnolliset.tekijat.eraat.sa.4829 || card.sentence.doctor.kohonneen.verenpaineen.syita.ovat.perinnolliset.tekijat.eraat.sa.4834
sentence_card,doctor,complete the missing part of the sentence.,korkea verensokeripitoisuus vaurioittaa vuosien saatossa monia elimiä lisäten kuolleisuutta moniin sairauksiin | sairauksiin | sairauksiin,3,/home/vitus/floently-finnish/apps/backend/materials/cards/published/professional/doctor/phrases/b1_b2.json,card.sentence.doctor.korkea.verensokeripitoisuus.vaurioittaa.vuosien.saatossa.monia.e.2595 || card.sentence.doctor.korkea.verensokeripitoisuus.vaurioittaa.vuosien.saatossa.monia.e.2600 || card.sentence.doctor.korkea.verensokeripitoisuus.vaurioittaa.vuosien.saatossa.monia.e.2613
sentence_card,doctor,complete the missing part of the sentence.,"kuinka paljon silloin pystymme sijoittamaan sosiaali- ja terveydenhuollon palvelujärjestelmään tulevaisuudessa, kun potilaiden tarpeisiin on kuitenkin pystyttävä vastaamaan, heistaro pohtii. | pohtii | pohtii",3,/home/vitus/floently-finnish/apps/backend/materials/cards/published/professional/doctor/phrases/b1_b2.json,card.sentence.doctor.kuinka.paljon.silloin.pystymme.sijoittamaan.sosiaali.ja.terveyde.5705 || card.sentence.doctor.kuinka.paljon.silloin.pystymme.sijoittamaan.sosiaali.ja.terveyde.5710 || card.sentence.doctor.kuinka.paljon.silloin.pystymme.sijoittamaan.sosiaali.ja.terveyde.5715
sentence_card,doctor,complete the missing part of the sentence.,"kysyimme lukijoilta, millaisia oireita heillä on ollut, jos he ovat sairastuneet norovirukseen tai influenssaan. | influenssaan | influenssaan",3,/home/vitus/floently-finnish/apps/backend/materials/cards/published/professional/doctor/phrases/b1_b2.json,card.sentence.doctor.kysyimme.lukijoilta.millaisia.oireita.heilla.on.ollut.jos.he.ova.2379 || card.sentence.doctor.kysyimme.lukijoilta.millaisia.oireita.heilla.on.ollut.jos.he.ova.2387 || card.sentence.doctor.kysyimme.lukijoilta.millaisia.oireita.heilla.on.ollut.jos.he.ova.6400
sentence_card,doctor,complete the missing part of the sentence.,kysyimme terveystalolta ja pihlajalinnalta kommentteja ylen haastattelemien henkilöiden väitteisiin | väitteisiin | väitteisiin,3,/home/vitus/floently-finnish/apps/backend/materials/cards/published/professional/doctor/phrases/b1_b2.json,card.sentence.doctor.kysyimme.terveystalolta.ja.pihlajalinnalta.kommentteja.ylen.haas.0510 || card.sentence.doctor.kysyimme.terveystalolta.ja.pihlajalinnalta.kommentteja.ylen.haas.6867 || card.sentence.doctor.kysyimme.terveystalolta.ja.pihlajalinnalta.kommentteja.ylen.haas.6872
sentence_card,doctor,complete the missing part of the sentence.,"lääkärien lisäksi ammatinharjoittajina työskentelee hammaslääkäreitä, fysioterapeutteja, ravitsemusterapeutteja, psykologeja, psykoterapeutteja ja muita terveydenhuollon ammattilaisia | ammattilaisia | ammattilaisia",3,/home/vitus/floently-finnish/apps/backend/materials/cards/published/professional/doctor/phrases/b1_b2.json,card.sentence.doctor.laakarien.lisaksi.ammatinharjoittajina.tyoskentelee.hammaslaakar.0612 || card.sentence.doctor.laakarien.lisaksi.ammatinharjoittajina.tyoskentelee.hammaslaakar.0963 || card.sentence.doctor.laakarien.lisaksi.ammatinharjoittajina.tyoskentelee.hammaslaakar.0968
sentence_card,doctor,complete the missing part of the sentence.,lääkärilehti on kirjoittanut samasta ilmiöstä omiin lähteisiinsä vedoten | vedoten | vedoten,3,/home/vitus/floently-finnish/apps/backend/materials/cards/published/professional/doctor/phrases/b1_b2.json,card.sentence.doctor.laakarilehti.on.kirjoittanut.samasta.ilmiosta.omiin.lahteisiinsa.1357 || card.sentence.doctor.laakarilehti.on.kirjoittanut.samasta.ilmiosta.omiin.lahteisiinsa.9025 || card.sentence.doctor.laakarilehti.on.kirjoittanut.samasta.ilmiosta.omiin.lahteisiinsa.9030
sentence_card,doctor,complete the missing part of the sentence.,lääkärin chattivastaanotto kesti reilut viisi minuuttia | minuuttia | minuuttia,3,/home/vitus/floently-finnish/apps/backend/materials/cards/published/professional/doctor/phrases/b1_b2.json,card.sentence.doctor.laakarin.chattivastaanotto.kesti.reilut.viisi.minuuttia.0358 || card.sentence.doctor.laakarin.chattivastaanotto.kesti.reilut.viisi.minuuttia.4460 || card.sentence.doctor.laakarin.chattivastaanotto.kesti.reilut.viisi.minuuttia.4465
sentence_card,doctor,complete the missing part of the sentence.,"lääketiede on soveltava tiede, jossa sovelletaan useita luonnontieteitä, kuten biologiaa, kemiaa ja fysiikkaa | fysiikkaa | fysiikkaa",3,/home/vitus/floently-finnish/apps/backend/materials/cards/published/professional/doctor/phrases/b1_b2.json,card.sentence.doctor.laaketiede.on.soveltava.tiede.jossa.sovelletaan.useita.luonnonti.8189 || card.sentence.doctor.laaketiede.on.soveltava.tiede.jossa.sovelletaan.useita.luonnonti.8197 || card.sentence.doctor.laaketiede.on.soveltava.tiede.jossa.sovelletaan.useita.luonnonti.8202
sentence_card,doctor,complete the missing part of the sentence.,"lääketieteellinen ymmärrys sairauksista, niiden syistä ja hoitomenetelmistä kehittyy kaiken aikaa[2]. | kaiken | kaiken",3,/home/vitus/floently-finnish/apps/backend/materials/cards/published/professional/doctor/phrases/b1_b2.json,card.sentence.doctor.laaketieteellinen.ymmarrys.sairauksista.niiden.syista.ja.hoitome.11428 || card.sentence.doctor.laaketieteellinen.ymmarrys.sairauksista.niiden.syista.ja.hoitome.2765 || card.sentence.doctor.laaketieteellinen.ymmarrys.sairauksista.niiden.syista.ja.hoitome.2770
sentence_card,doctor,complete the missing part of the sentence.,lääketieteen historia on pitkä ja siksi osin myös hämärä | hämärä | hämärä,3,/home/vitus/floently-finnish/apps/backend/materials/cards/published/professional/doctor/phrases/b1_b2.json,card.sentence.doctor.laaketieteen.historia.on.pitka.ja.siksi.osin.myos.hamara.10436 || card.sentence.doctor.laaketieteen.historia.on.pitka.ja.siksi.osin.myos.hamara.1281 || card.sentence.doctor.laaketieteen.historia.on.pitka.ja.siksi.osin.myos.hamara.2521
sentence_card,doctor,complete the missing part of the sentence.,lääketieteen sukupuolivinouma tulee esiin sekä tappavien että toimintakykyä heikentävien sairauksien kohdalla | kohdalla | kohdalla,3,/home/vitus/floently-finnish/apps/backend/materials/cards/published/professional/doctor/phrases/b1_b2.json,card.sentence.doctor.laaketieteen.sukupuolivinouma.tulee.esiin.seka.tappavien.etta.to.7214 || card.sentence.doctor.laaketieteen.sukupuolivinouma.tulee.esiin.seka.tappavien.etta.to.7222 || card.sentence.doctor.laaketieteen.sukupuolivinouma.tulee.esiin.seka.tappavien.etta.to.7227
sentence_card,doctor,complete the missing part of the sentence.,lähes 30 000:ta lääkäriä edustava lääkäriliitto on alusta alkaen suhtautunut valinnanvapauskokeiluun kriittisesti | kriittisesti | kriittisesti,3,/home/vitus/floently-finnish/apps/backend/materials/cards/published/professional/doctor/phrases/b1_b2.json,card.sentence.doctor.lahes.30.000.ta.laakaria.edustava.laakariliitto.on.alusta.alkaen.1979 || card.sentence.doctor.lahes.30.000.ta.laakaria.edustava.laakariliitto.on.alusta.alkaen.6917 || card.sentence.doctor.lahes.30.000.ta.laakaria.edustava.laakariliitto.on.alusta.alkaen.7814
sentence_card,doctor,complete the missing part of the sentence.,"lapha kiinnostui elina hanhivaaran äidin tilanteesta viime kesänä, kun hän joutui tehohoitoon | tehohoitoon | tehohoitoon",3,/home/vitus/floently-finnish/apps/backend/materials/cards/published/professional/doctor/phrases/b1_b2.json,card.sentence.doctor.lapha.kiinnostui.elina.hanhivaaran.aidin.tilanteesta.viime.kesan.2349 || card.sentence.doctor.lapha.kiinnostui.elina.hanhivaaran.aidin.tilanteesta.viime.kesan.2354 || card.sentence.doctor.lapha.kiinnostui.elina.hanhivaaran.aidin.tilanteesta.viime.kesan.4694
sentence_card,doctor,complete the missing part of the sentence.,leikkauksen aiheet vaihtelevat välittömistä henkeäpelastavista toimenpiteistä täysin kiireettömiin elämänlaadun mahdollista parantamista tavoitteleviin leikkauksiin | leikkauksiin | leikkauksiin,3,/home/vitus/floently-finnish/apps/backend/materials/cards/published/professional/doctor/phrases/b1_b2.json,card.sentence.doctor.leikkauksen.aiheet.vaihtelevat.valittomista.henkeapelastavista.t.2493 || card.sentence.doctor.leikkauksen.aiheet.vaihtelevat.valittomista.henkeapelastavista.t.3867 || card.sentence.doctor.leikkauksen.aiheet.vaihtelevat.valittomista.henkeapelastavista.t.3872
sentence_card,doctor,complete the missing part of the sentence.,leikkauksissa pyritään säästävään kirurgiaan | kirurgiaan | kirurgiaan,3,/home/vitus/floently-finnish/apps/backend/materials/cards/published/professional/doctor/phrases/b1_b2.json,card.sentence.doctor.leikkauksissa.pyritaan.saastavaan.kirurgiaan.10191 || card.sentence.doctor.leikkauksissa.pyritaan.saastavaan.kirurgiaan.3696 || card.sentence.doctor.leikkauksissa.pyritaan.saastavaan.kirurgiaan.3701
sentence_card,doctor,complete the missing part of the sentence.,lihavuus kuuluu väestötasolla matala-asteisen tulehduksen keskeisiin syihin[52][53] | keskeisiin | keskeisiin,3,/home/vitus/floently-finnish/apps/backend/materials/cards/published/professional/doctor/phrases/b1_b2.json,card.sentence.doctor.lihavuus.kuuluu.vaestotasolla.matala.asteisen.tulehduksen.keskei.1659 || card.sentence.doctor.lihavuus.kuuluu.vaestotasolla.matala.asteisen.tulehduksen.keskei.7463 || card.sentence.doctor.lihavuus.kuuluu.vaestotasolla.matala.asteisen.tulehduksen.keskei.7468
sentence_card,doctor,complete the missing part of the sentence.,"– lihavuuslääkkeet ovat sisäänheittotuote, jota verkkoklinikat käyttävät houkuttimena, sanoo pietiläinen. | pietiläinen | pietiläinen",3,/home/vitus/floently-finnish/apps/backend/materials/cards/published/professional/doctor/phrases/b1_b2.json,card.sentence.doctor.lihavuuslaakkeet.ovat.sisaanheittotuote.jota.verkkoklinikat.kayt.3365 || card.sentence.doctor.lihavuuslaakkeet.ovat.sisaanheittotuote.jota.verkkoklinikat.kayt.3370 || card.sentence.doctor.lihavuuslaakkeet.ovat.sisaanheittotuote.jota.verkkoklinikat.kayt.9703
sentence_card,doctor,complete the missing part of the sentence.,– lihavuuslääkkeiden kirjoittaminen chatin kautta pitäisi kieltää | kieltää | kieltää,3,/home/vitus/floently-finnish/apps/backend/materials/cards/published/professional/doctor/phrases/b1_b2.json,card.sentence.doctor.lihavuuslaakkeiden.kirjoittaminen.chatin.kautta.pitaisi.kieltaa.7948 || card.sentence.doctor.lihavuuslaakkeiden.kirjoittaminen.chatin.kautta.pitaisi.kieltaa.7953 || card.sentence.doctor.lihavuuslaakkeiden.kirjoittaminen.chatin.kautta.pitaisi.kieltaa.7958
sentence_card,doctor,complete the missing part of the sentence.,"masennuksen hoito on tärkeää, ja ssri-lääkkeiden käyttö näyttää suojaavan masennukseen liittyvältä ennenaikaisuuden riskiltä | riskiltä | riskiltä",3,/home/vitus/floently-finnish/apps/backend/materials/cards/published/professional/doctor/phrases/b1_b2.json,card.sentence.doctor.masennuksen.hoito.on.tarkeaa.ja.ssri.laakkeiden.kaytto.nayttaa.s.2803 || card.sentence.doctor.masennuksen.hoito.on.tarkeaa.ja.ssri.laakkeiden.kaytto.nayttaa.s.2808 || card.sentence.doctor.masennuksen.hoito.on.tarkeaa.ja.ssri.laakkeiden.kaytto.nayttaa.s.2813
sentence_card,doctor,complete the missing part of the sentence.,medikalisaatiossa lääketieteen valta laajenee aiemmin ei-lääketieteellisinä pidetyille alueille | alueille | alueille,3,/home/vitus/floently-finnish/apps/backend/materials/cards/published/professional/doctor/phrases/b1_b2.json,card.sentence.doctor.medikalisaatiossa.laaketieteen.valta.laajenee.aiemmin.ei.laaketi.11395 || card.sentence.doctor.medikalisaatiossa.laaketieteen.valta.laajenee.aiemmin.ei.laaketi.7878 || card.sentence.doctor.medikalisaatiossa.laaketieteen.valta.laajenee.aiemmin.ei.laaketi.7883
sentence_card,doctor,complete the missing part of the sentence.,muissa tapauksissa potilaan edun mukaista on yleensä aloittaa mahdollisimman vähäinvasiivisesta hoidosta ja päätyä leikkaukseen vain viimeisenä keinona | keinona | keinona,3,/home/vitus/floently-finnish/apps/backend/materials/cards/published/professional/doctor/phrases/b1_b2.json,card.sentence.doctor.muissa.tapauksissa.potilaan.edun.mukaista.on.yleensa.aloittaa.ma.0848 || card.sentence.doctor.muissa.tapauksissa.potilaan.edun.mukaista.on.yleensa.aloittaa.ma.10848 || card.sentence.doctor.muissa.tapauksissa.potilaan.edun.mukaista.on.yleensa.aloittaa.ma.2064
sentence_card,doctor,complete the missing part of the sentence.,"mutta voiko potilas luottaa siihen, että lääkäri on taidoiltaan yhtä pätevä kuin suomalaisessa yliopistossa oppinsa saanut? | saanut | saanut",3,/home/vitus/floently-finnish/apps/backend/materials/cards/published/professional/doctor/phrases/b1_b2.json,card.sentence.doctor.mutta.voiko.potilas.luottaa.siihen.etta.laakari.on.taidoiltaan.y.3327 || card.sentence.doctor.mutta.voiko.potilas.luottaa.siihen.etta.laakari.on.taidoiltaan.y.3332 || card.sentence.doctor.mutta.voiko.potilas.luottaa.siihen.etta.laakari.on.taidoiltaan.y.3337
sentence_card,doctor,complete the missing part of the sentence.,myös depression ja skitsofrenian taustalta on löytynyt merkkejä aivojen matala-asteisesta tulehduksesta[43] | aivojen | aivojen,3,/home/vitus/floently-finnish/apps/backend/materials/cards/published/professional/doctor/phrases/b1_b2.json,card.sentence.doctor.myos.depression.ja.skitsofrenian.taustalta.on.loytynyt.merkkeja..6644 || card.sentence.doctor.myos.depression.ja.skitsofrenian.taustalta.on.loytynyt.merkkeja..6649 || card.sentence.doctor.myos.depression.ja.skitsofrenian.taustalta.on.loytynyt.merkkeja..6654
sentence_card,doctor,complete the missing part of the sentence.,myös prioninit ja viroidit kuuluvat taudinaihettajiin | taudinaihettajiin | taudinaihettajiin,3,/home/vitus/floently-finnish/apps/backend/materials/cards/published/professional/doctor/phrases/b1_b2.json,card.sentence.doctor.myos.prioninit.ja.viroidit.kuuluvat.taudinaihettajiin.10064 || card.sentence.doctor.myos.prioninit.ja.viroidit.kuuluvat.taudinaihettajiin.8069 || card.sentence.doctor.myos.prioninit.ja.viroidit.kuuluvat.taudinaihettajiin.8074
sentence_card,doctor,complete the missing part of the sentence.,"näin nopeasti mika, 35, pääsi käsiksi suosittuun laihdutuslääke ozempiciin. | ozempiciin | ozempiciin",3,/home/vitus/floently-finnish/apps/backend/materials/cards/published/professional/doctor/phrases/b1_b2.json,card.sentence.doctor.nain.nopeasti.mika.35.paasi.kasiksi.suosittuun.laihdutuslaake.oz.1954 || card.sentence.doctor.nain.nopeasti.mika.35.paasi.kasiksi.suosittuun.laihdutuslaake.oz.8245 || card.sentence.doctor.nain.nopeasti.mika.35.paasi.kasiksi.suosittuun.laihdutuslaake.oz.8250
sentence_card,doctor,complete the missing part of the sentence.,näistä palkkioista terveysjätit perivät lääkäreiltä vielä samansuuruisen vuokran kuin valinnanvapauskokeilussa. | valinnanvapauskokeilussa | valinnanvapauskokeilussa,3,/home/vitus/floently-finnish/apps/backend/materials/cards/published/professional/doctor/phrases/b1_b2.json,card.sentence.doctor.naista.palkkioista.terveysjatit.perivat.laakareilta.viela.samans.0733 || card.sentence.doctor.naista.palkkioista.terveysjatit.perivat.laakareilta.viela.samans.1347 || card.sentence.doctor.naista.palkkioista.terveysjatit.perivat.laakareilta.viela.samans.7635
sentence_card,doctor,complete the missing part of the sentence.,naisten oireiden vähättely ja niiden väärä tulkinta johtaakin usein siihen etteivät naiset saa diagnoosia ja hoitoa tai ne viivästyvät tarpeettomasti | tarpeettomasti | tarpeettomasti,3,/home/vitus/floently-finnish/apps/backend/materials/cards/published/professional/doctor/phrases/b1_b2.json,card.sentence.doctor.naisten.oireiden.vahattely.ja.niiden.vaara.tulkinta.johtaakin.us.4640 || card.sentence.doctor.naisten.oireiden.vahattely.ja.niiden.vaara.tulkinta.johtaakin.us.4645 || card.sentence.doctor.naisten.oireiden.vahattely.ja.niiden.vaara.tulkinta.johtaakin.us.4650
sentence_card,doctor,complete the missing part of the sentence.,"ne aiheuttavat rintasyöpää, munasarjasyöpää sekä paksusuolen, haiman ja kilpirauhasen syöpiä, sekä melanoomaa.[48] | sekä | sekä",3,/home/vitus/floently-finnish/apps/backend/materials/cards/published/professional/doctor/phrases/b1_b2.json,card.sentence.doctor.ne.aiheuttavat.rintasyopaa.munasarjasyopaa.seka.paksusuolen.haim.6715 || card.sentence.doctor.ne.aiheuttavat.rintasyopaa.munasarjasyopaa.seka.paksusuolen.haim.7622 || card.sentence.doctor.ne.aiheuttavat.rintasyopaa.munasarjasyopaa.seka.paksusuolen.haim.7627
sentence_card,doctor,complete the missing part of the sentence.,ne vetoavat maailman terveysjärjestö who:n mukaan nyt etenkin teinityttöihin euroopassa | euroopassa | euroopassa,3,/home/vitus/floently-finnish/apps/backend/materials/cards/published/professional/doctor/phrases/b1_b2.json,card.sentence.doctor.ne.vetoavat.maailman.terveysjarjesto.who.n.mukaan.nyt.etenkin.te.4724 || card.sentence.doctor.ne.vetoavat.maailman.terveysjarjesto.who.n.mukaan.nyt.etenkin.te.4729 || card.sentence.doctor.ne.vetoavat.maailman.terveysjarjesto.who.n.mukaan.nyt.etenkin.te.4734
sentence_card,doctor,complete the missing part of the sentence.,"nuoruuden adhd-oireet voivat ennustaa psykiatrisia häiriöitä aikuisiällä, selviää oulun yliopiston tutkimuksesta | tutkimuksesta | tutkimuksesta",3,/home/vitus/floently-finnish/apps/backend/materials/cards/published/professional/doctor/phrases/b1_b2.json,card.sentence.doctor.nuoruuden.adhd.oireet.voivat.ennustaa.psykiatrisia.hairioita.aik.3051 || card.sentence.doctor.nuoruuden.adhd.oireet.voivat.ennustaa.psykiatrisia.hairioita.aik.3056 || card.sentence.doctor.nuoruuden.adhd.oireet.voivat.ennustaa.psykiatrisia.hairioita.aik.3061
sentence_card,doctor,complete the missing part of the sentence.,osalle lääkäreistäkin harvinainen geenivirhe tuntui olevan uusi ja outo asia. | asia | asia,3,/home/vitus/floently-finnish/apps/backend/materials/cards/published/professional/doctor/phrases/b1_b2.json,card.sentence.doctor.osalle.laakareistakin.harvinainen.geenivirhe.tuntui.olevan.uusi..0127 || card.sentence.doctor.osalle.laakareistakin.harvinainen.geenivirhe.tuntui.olevan.uusi..6659 || card.sentence.doctor.osalle.laakareistakin.harvinainen.geenivirhe.tuntui.olevan.uusi..6672
sentence_card,doctor,complete the missing part of the sentence.,"päiväkirurgiassa tehdään toimenpiteitä, jotka eivät vaadi potilaan jälkihoitoa sairaalassa.[8] | jälkihoitoa | jälkihoitoa",3,/home/vitus/floently-finnish/apps/backend/materials/cards/published/professional/doctor/phrases/b1_b2.json,card.sentence.doctor.paivakirurgiassa.tehdaan.toimenpiteita.jotka.eivat.vaadi.potilaa.10075 || card.sentence.doctor.paivakirurgiassa.tehdaan.toimenpiteita.jotka.eivat.vaadi.potilaa.1643 || card.sentence.doctor.paivakirurgiassa.tehdaan.toimenpiteita.jotka.eivat.vaadi.potilaa.8313
sentence_card,doctor,complete the missing part of the sentence.,"parhaan hoidon valinta riippuu monista tekijöistä kuten kasvaimen laadusta, sijainnista, potilaan iästä, muista sairauksista jne | sairauksista | sairauksista",3,/home/vitus/floently-finnish/apps/backend/materials/cards/published/professional/doctor/phrases/b1_b2.json,card.sentence.doctor.parhaan.hoidon.valinta.riippuu.monista.tekijoista.kuten.kasvaime.2483 || card.sentence.doctor.parhaan.hoidon.valinta.riippuu.monista.tekijoista.kuten.kasvaime.2488 || card.sentence.doctor.parhaan.hoidon.valinta.riippuu.monista.tekijoista.kuten.kasvaime.3106
sentence_card,doctor,complete the missing part of the sentence.,"potilaan oikeuksien kunnioitusta on korostanut myös korkein oikeus päätöksessään tapauksesta, jossa nainen pakotettiin syömään lääkkeitä tahdonvastaisessa psykiatrisessa hoidossa. | hoidossa | hoidossa",3,/home/vitus/floently-finnish/apps/backend/materials/cards/published/professional/doctor/phrases/b1_b2.json,card.sentence.doctor.potilaan.oikeuksien.kunnioitusta.on.korostanut.myos.korkein.oike.6001 || card.sentence.doctor.potilaan.oikeuksien.kunnioitusta.on.korostanut.myos.korkein.oike.6006 || card.sentence.doctor.potilaan.oikeuksien.kunnioitusta.on.korostanut.myos.korkein.oike.6011
sentence_card,doctor,complete the missing part of the sentence.,potilaan omissa kudoksissa olevat bakteerit ovat nykyisin tärkein mikrobikontaminaation lähde[20] | mikrobikontaminaation | mikrobikontaminaation,3,/home/vitus/floently-finnish/apps/backend/materials/cards/published/professional/doctor/phrases/b1_b2.json,card.sentence.doctor.potilaan.omissa.kudoksissa.olevat.bakteerit.ovat.nykyisin.tarkei.3598 || card.sentence.doctor.potilaan.omissa.kudoksissa.olevat.bakteerit.ovat.nykyisin.tarkei.3603 || card.sentence.doctor.potilaan.omissa.kudoksissa.olevat.bakteerit.ovat.nykyisin.tarkei.9366
sentence_card,doctor,complete the missing part of the sentence.,"rintasyöpäriski olisi niin suuri, että lääkärit puhuivat jo rintojen ennaltaehkäisevästä poistosta. | poistosta | poistosta",3,/home/vitus/floently-finnish/apps/backend/materials/cards/published/professional/doctor/phrases/b1_b2.json,card.sentence.doctor.rintasyopariski.olisi.niin.suuri.etta.laakarit.puhuivat.jo.rinto.10639 || card.sentence.doctor.rintasyopariski.olisi.niin.suuri.etta.laakarit.puhuivat.jo.rinto.8522 || card.sentence.doctor.rintasyopariski.olisi.niin.suuri.etta.laakarit.puhuivat.jo.rinto.8527
sentence_card,doctor,complete the missing part of the sentence.,"– rytmihäiriötä, eteisvärinää, jopa syöpiä | syöpiä | syöpiä",3,/home/vitus/floently-finnish/apps/backend/materials/cards/published/professional/doctor/phrases/b1_b2.json,card.sentence.doctor.rytmihairiota.eteisvarinaa.jopa.syopia.1773 || card.sentence.doctor.rytmihairiota.eteisvarinaa.jopa.syopia.4514 || card.sentence.doctor.rytmihairiota.eteisvarinaa.jopa.syopia.8651
sentence_card,doctor,complete the missing part of the sentence.,se yhdistettynä ulkomailla opiskelun suosioon voi jollain aikavälillä johtaa jopa lääkärien ylitarjontaan. | ylitarjontaan | ylitarjontaan,3,/home/vitus/floently-finnish/apps/backend/materials/cards/published/professional/doctor/phrases/b1_b2.json,card.sentence.doctor.se.yhdistettyna.ulkomailla.opiskelun.suosioon.voi.jollain.aikava.2101 || card.sentence.doctor.se.yhdistettyna.ulkomailla.opiskelun.suosioon.voi.jollain.aikava.7843 || card.sentence.doctor.se.yhdistettyna.ulkomailla.opiskelun.suosioon.voi.jollain.aikava.7848
sentence_card,doctor,complete the missing part of the sentence.,siihen ei liity ylipaino ja sitä sairastavien tulee poikkeuksetta aloittaa insuliinin tai sen johdannaisten lääkekäyttö | lääkekäyttö | lääkekäyttö,3,/home/vitus/floently-finnish/apps/backend/materials/cards/published/professional/doctor/phrases/b1_b2.json,card.sentence.doctor.siihen.ei.liity.ylipaino.ja.sita.sairastavien.tulee.poikkeuksett.1946 || card.sentence.doctor.siihen.ei.liity.ylipaino.ja.sita.sairastavien.tulee.poikkeuksett.7938 || card.sentence.doctor.siihen.ei.liity.ylipaino.ja.sita.sairastavien.tulee.poikkeuksett.7943
sentence_card,doctor,complete the missing part of the sentence.,silloin voisi ehkä tehdä enemmän ennaltaehkäisevääkin lääkärityötä ja soveltaa omalääkärimallia. | omalääkärimallia | omalääkärimallia,3,/home/vitus/floently-finnish/apps/backend/materials/cards/published/professional/doctor/phrases/b1_b2.json,card.sentence.doctor.silloin.voisi.ehka.tehda.enemman.ennaltaehkaisevaakin.laakarityo.0910 || card.sentence.doctor.silloin.voisi.ehka.tehda.enemman.ennaltaehkaisevaakin.laakarityo.1584 || card.sentence.doctor.silloin.voisi.ehka.tehda.enemman.ennaltaehkaisevaakin.laakarityo.3660
sentence_card,doctor,complete the missing part of the sentence.,solunsalpaajia annetaan kolmannekselle potilaista.lähde? | kolmannekselle | kolmannekselle,3,/home/vitus/floently-finnish/apps/backend/materials/cards/published/professional/doctor/phrases/b1_b2.json,card.sentence.doctor.solunsalpaajia.annetaan.kolmannekselle.potilaista.lahde.11162 || card.sentence.doctor.solunsalpaajia.annetaan.kolmannekselle.potilaista.lahde.2173 || card.sentence.doctor.solunsalpaajia.annetaan.kolmannekselle.potilaista.lahde.2239
sentence_card,doctor,complete the missing part of the sentence.,suurin yksittäinen kontaminoitumisriski liittyy haavan sulkemisvaiheeseen leikkauksen lopussa[21]. | leikkauksen | leikkauksen,3,/home/vitus/floently-finnish/apps/backend/materials/cards/published/professional/doctor/phrases/b1_b2.json,card.sentence.doctor.suurin.yksittainen.kontaminoitumisriski.liittyy.haavan.sulkemisv.2462 || card.sentence.doctor.suurin.yksittainen.kontaminoitumisriski.liittyy.haavan.sulkemisv.2467 || card.sentence.doctor.suurin.yksittainen.kontaminoitumisriski.liittyy.haavan.sulkemisv.2475
sentence_card,doctor,complete the missing part of the sentence.,"syöpä ei kuitenkaan ole se ainoa asia sairastuneen elämässä, hän muistuttaa. | muistuttaa | muistuttaa",3,/home/vitus/floently-finnish/apps/backend/materials/cards/published/professional/doctor/phrases/b1_b2.json,card.sentence.doctor.syopa.ei.kuitenkaan.ole.se.ainoa.asia.sairastuneen.elamassa.han..0596 || card.sentence.doctor.syopa.ei.kuitenkaan.ole.se.ainoa.asia.sairastuneen.elamassa.han..1296 || card.sentence.doctor.syopa.ei.kuitenkaan.ole.se.ainoa.asia.sairastuneen.elamassa.han..2574
sentence_card,doctor,complete the missing part of the sentence.,"syöpäsairauksia hoidetaan muun muassa lääkkein (kemoterapia), hormonihoidolla, sädehoidolla tai poistamalla kasvaimet kirurgisesti | kirurgisesti | kirurgisesti",3,/home/vitus/floently-finnish/apps/backend/materials/cards/published/professional/doctor/phrases/b1_b2.json,card.sentence.doctor.syopasairauksia.hoidetaan.muun.muassa.laakkein.kemoterapia.hormo.3932 || card.sentence.doctor.syopasairauksia.hoidetaan.muun.muassa.laakkein.kemoterapia.hormo.3937 || card.sentence.doctor.syopasairauksia.hoidetaan.muun.muassa.laakkein.kemoterapia.hormo.9888
sentence_card,doctor,complete the missing part of the sentence.,syöpäsairauksia käsittelevä lääketieteen osa-alue on onkologia.lähde? | lääketieteen | lääketieteen,3,/home/vitus/floently-finnish/apps/backend/materials/cards/published/professional/doctor/phrases/b1_b2.json,card.sentence.doctor.syopasairauksia.kasitteleva.laaketieteen.osa.alue.on.onkologia.l.10719 || card.sentence.doctor.syopasairauksia.kasitteleva.laaketieteen.osa.alue.on.onkologia.l.6060 || card.sentence.doctor.syopasairauksia.kasitteleva.laaketieteen.osa.alue.on.onkologia.l.6596
sentence_card,doctor,complete the missing part of the sentence.,"syövän hoito perustuu leikkaukseen, lääkehoitoon ja sädehoitoon sekä kaikkien hoitojen yhdistelmiin | yhdistelmiin | yhdistelmiin",3,/home/vitus/floently-finnish/apps/backend/materials/cards/published/professional/doctor/phrases/b1_b2.json,card.sentence.doctor.syovan.hoito.perustuu.leikkaukseen.laakehoitoon.ja.sadehoitoon.s.0384 || card.sentence.doctor.syovan.hoito.perustuu.leikkaukseen.laakehoitoon.ja.sadehoitoon.s.10815 || card.sentence.doctor.syovan.hoito.perustuu.leikkaukseen.laakehoitoon.ja.sadehoitoon.s.5792
sentence_card,doctor,complete the missing part of the sentence.,"syövän toteamiseen, syövän levinneisyyteen, hoitojen onnistumisen selvittämiseen sekä syövän seurantaan käytetään usein radiologisia kuvantamismenetelmiä | kuvantamismenetelmiä | kuvantamismenetelmiä",3,/home/vitus/floently-finnish/apps/backend/materials/cards/published/professional/doctor/phrases/b1_b2.json,card.sentence.doctor.syovan.toteamiseen.syovan.levinneisyyteen.hoitojen.onnistumisen..0192 || card.sentence.doctor.syovan.toteamiseen.syovan.levinneisyyteen.hoitojen.onnistumisen..0751 || card.sentence.doctor.syovan.toteamiseen.syovan.levinneisyyteen.hoitojen.onnistumisen..9014
sentence_card,doctor,complete the missing part of the sentence.,tartuntataudit aiheuttavat usein kognitiivisia ongelmia eli niin sanottua aivosumua sekä ihmisillä että muilla eläimillä | eläimillä | eläimillä,3,/home/vitus/floently-finnish/apps/backend/materials/cards/published/professional/doctor/phrases/b1_b2.json,card.sentence.doctor.tartuntataudit.aiheuttavat.usein.kognitiivisia.ongelmia.eli.niin.10924 || card.sentence.doctor.tartuntataudit.aiheuttavat.usein.kognitiivisia.ongelmia.eli.niin.7774 || card.sentence.doctor.tartuntataudit.aiheuttavat.usein.kognitiivisia.ongelmia.eli.niin.7779
sentence_card,doctor,complete the missing part of the sentence.,– tässä ilmeisesti sekoitetaan vaurio ja ensimmäinen kokemus oireesta | oireesta | oireesta,3,/home/vitus/floently-finnish/apps/backend/materials/cards/published/professional/doctor/phrases/b1_b2.json,card.sentence.doctor.tassa.ilmeisesti.sekoitetaan.vaurio.ja.ensimmainen.kokemus.oiree.0741 || card.sentence.doctor.tassa.ilmeisesti.sekoitetaan.vaurio.ja.ensimmainen.kokemus.oiree.7545 || card.sentence.doctor.tassa.ilmeisesti.sekoitetaan.vaurio.ja.ensimmainen.kokemus.oiree.7555
sentence_card,doctor,complete the missing part of the sentence.,terveyskirjaston mukaan noroviruksessa itsehoito on sama kuin muissakin äkillisissä ripulitaudeissa. | ripulitaudeissa | ripulitaudeissa,3,/home/vitus/floently-finnish/apps/backend/materials/cards/published/professional/doctor/phrases/b1_b2.json,card.sentence.doctor.terveyskirjaston.mukaan.noroviruksessa.itsehoito.on.sama.kuin.mu.2752 || card.sentence.doctor.terveyskirjaston.mukaan.noroviruksessa.itsehoito.on.sama.kuin.mu.2760 || card.sentence.doctor.terveyskirjaston.mukaan.noroviruksessa.itsehoito.on.sama.kuin.mu.8750
sentence_card,doctor,complete the missing part of the sentence.,tietyissä tilanteissa kirurgiset toimenpiteet ovat ainoa mahdollinen hoito ja leikkaus ei käytännössä ole vältettävissä | vältettävissä | vältettävissä,3,/home/vitus/floently-finnish/apps/backend/materials/cards/published/professional/doctor/phrases/b1_b2.json,card.sentence.doctor.tietyissa.tilanteissa.kirurgiset.toimenpiteet.ovat.ainoa.mahdoll.0237 || card.sentence.doctor.tietyissa.tilanteissa.kirurgiset.toimenpiteet.ovat.ainoa.mahdoll.11465 || card.sentence.doctor.tietyissa.tilanteissa.kirurgiset.toimenpiteet.ovat.ainoa.mahdoll.6568
sentence_card,doctor,complete the missing part of the sentence.,"toinen lääkäri kertoo kieltäytyneensä tekemästä kokeilun vastaanottoja, sillä hän kokee, että 20 minuutin vastaanotolla ei ehdi käsitellä ikääntyvien ongelmia. | ongelmia | ongelmia",3,/home/vitus/floently-finnish/apps/backend/materials/cards/published/professional/doctor/phrases/b1_b2.json,card.sentence.doctor.toinen.laakari.kertoo.kieltaytyneensa.tekemasta.kokeilun.vastaan.0718 || card.sentence.doctor.toinen.laakari.kertoo.kieltaytyneensa.tekemasta.kokeilun.vastaan.6525 || card.sentence.doctor.toinen.laakari.kertoo.kieltaytyneensa.tekemasta.kokeilun.vastaan.9945
sentence_card,doctor,complete the missing part of the sentence.,tulehdukset olivat suuri syy siihen että leikkauksen jälkeinen parantuminen ei ollut toivotun tapainen | tapainen | tapainen,3,/home/vitus/floently-finnish/apps/backend/materials/cards/published/professional/doctor/phrases/b1_b2.json,card.sentence.doctor.tulehdukset.olivat.suuri.syy.siihen.etta.leikkauksen.jalkeinen.p.3347 || card.sentence.doctor.tulehdukset.olivat.suuri.syy.siihen.etta.leikkauksen.jalkeinen.p.3352 || card.sentence.doctor.tulehdukset.olivat.suuri.syy.siihen.etta.leikkauksen.jalkeinen.p.3360
sentence_card,doctor,complete the missing part of the sentence.,"tulehdus alkaa sen jälkeen, kun elimistön immuunipuolustusjärjestelmä on havainnut solujen vaurioitumisen tai taudinaiheuttajia taikka ärsytystä aiheuttavia vierasaineita.[12] | aiheuttavia | aiheuttavia",3,/home/vitus/floently-finnish/apps/backend/materials/cards/published/professional/doctor/phrases/b1_b2.json,card.sentence.doctor.tulehdus.alkaa.sen.jalkeen.kun.elimiston.immuunipuolustusjarjest.10319 || card.sentence.doctor.tulehdus.alkaa.sen.jalkeen.kun.elimiston.immuunipuolustusjarjest.4256 || card.sentence.doctor.tulehdus.alkaa.sen.jalkeen.kun.elimiston.immuunipuolustusjarjest.9280
sentence_card,doctor,complete the missing part of the sentence.,tutkimukseen osallistui kuopion yliopistollisessa sairaalassa synnyttäviä naisia ja heille syntyviä lapsia. | lapsia | lapsia,3,/home/vitus/floently-finnish/apps/backend/materials/cards/published/professional/doctor/phrases/b1_b2.json,card.sentence.doctor.tutkimukseen.osallistui.kuopion.yliopistollisessa.sairaalassa.sy.7646 || card.sentence.doctor.tutkimukseen.osallistui.kuopion.yliopistollisessa.sairaalassa.sy.7651 || card.sentence.doctor.tutkimukseen.osallistui.kuopion.yliopistollisessa.sairaalassa.sy.7656
sentence_card,doctor,complete the missing part of the sentence.,"tutkimuksen mukaan voiteella on myönteisiä vaikutuksia haavoihin, tulehduksiin ja ihosairauksiin.[8] | tulehduksiin | tulehduksiin",3,/home/vitus/floently-finnish/apps/backend/materials/cards/published/professional/doctor/phrases/b1_b2.json,card.sentence.doctor.tutkimuksen.mukaan.voiteella.on.myonteisia.vaikutuksia.haavoihin.2328 || card.sentence.doctor.tutkimuksen.mukaan.voiteella.on.myonteisia.vaikutuksia.haavoihin.3849 || card.sentence.doctor.tutkimuksen.mukaan.voiteella.on.myonteisia.vaikutuksia.haavoihin.3859
sentence_card,doctor,complete the missing part of the sentence.,"tutkimuksessa arvioitiin lähes 1,9 miljoonan lonkan tekonivelleikkauksen pitkäaikaispysyvyyttä eri liukupintavaihtoehdoilla rekisterien perusteella | perusteella | perusteella",3,/home/vitus/floently-finnish/apps/backend/materials/cards/published/professional/doctor/phrases/b1_b2.json,card.sentence.doctor.tutkimuksessa.arvioitiin.lahes.1.9.miljoonan.lonkan.tekonivellei.0543 || card.sentence.doctor.tutkimuksessa.arvioitiin.lahes.1.9.miljoonan.lonkan.tekonivellei.5075 || card.sentence.doctor.tutkimuksessa.arvioitiin.lahes.1.9.miljoonan.lonkan.tekonivellei.5080
sentence_card,doctor,complete the missing part of the sentence.,"tutkimuksissa on havaittu, että naispotilaille tehdään miespotilaita vähemmän diagnostisia tutkimuksia | tutkimuksia | tutkimuksia",3,/home/vitus/floently-finnish/apps/backend/materials/cards/published/professional/doctor/phrases/b1_b2.json,card.sentence.doctor.tutkimuksissa.on.havaittu.etta.naispotilaille.tehdaan.miespotila.7206 || card.sentence.doctor.tutkimuksissa.on.havaittu.etta.naispotilaille.tehdaan.miespotila.8987 || card.sentence.doctor.tutkimuksissa.on.havaittu.etta.naispotilaille.tehdaan.miespotila.8992
sentence_card,doctor,complete the missing part of the sentence.,"uutta tutkimuksessa onkin se, että siinä on tarkasteltu nimenomaan adhd-oireiden yhteyttä mielenterveysongelmiin, ei diagnosoidun adhd:n yhteyttä niihin. | niihin | niihin",3,/home/vitus/floently-finnish/apps/backend/materials/cards/published/professional/doctor/phrases/b1_b2.json,card.sentence.doctor.uutta.tutkimuksessa.onkin.se.etta.siina.on.tarkasteltu.nimenomaa.2659 || card.sentence.doctor.uutta.tutkimuksessa.onkin.se.etta.siina.on.tarkasteltu.nimenomaa.2664 || card.sentence.doctor.uutta.tutkimuksessa.onkin.se.etta.siina.on.tarkasteltu.nimenomaa.9698
sentence_card,doctor,complete the missing part of the sentence.,veren kokonaisvoluumiin vaikuttavat ainakin reniini-angiotensiinijärjestelmä ja antidiureettinen hormoni (adh) eli vasopressiini.[24] | hormoni | hormoni,3,/home/vitus/floently-finnish/apps/backend/materials/cards/published/professional/doctor/phrases/b1_b2.json,card.sentence.doctor.veren.kokonaisvoluumiin.vaikuttavat.ainakin.reniini.angiotensiin.3982 || card.sentence.doctor.veren.kokonaisvoluumiin.vaikuttavat.ainakin.reniini.angiotensiin.3987 || card.sentence.doctor.veren.kokonaisvoluumiin.vaikuttavat.ainakin.reniini.angiotensiin.6246
sentence_card,doctor,complete the missing part of the sentence.,"virkkalan mukaan viranomainen totesi, että sairastumisen todennäköisyys viikon jälkeen altistumisesta on hyvin pieni. | pieni | pieni",3,/home/vitus/floently-finnish/apps/backend/materials/cards/published/professional/doctor/phrases/b1_b2.json,card.sentence.doctor.virkkalan.mukaan.viranomainen.totesi.etta.sairastumisen.todennak.8735 || card.sentence.doctor.virkkalan.mukaan.viranomainen.totesi.etta.sairastumisen.todennak.8740 || card.sentence.doctor.virkkalan.mukaan.viranomainen.totesi.etta.sairastumisen.todennak.8745
sentence_card,doctor,complete the missing part of the sentence.,yhdistelmäehkäisypillereiden yleensä sisältämä etinyyliestradioli lisää tutkimusten mukaan elimistön matala-asteista tulehdusta[66]. | elimistön | elimistön,3,/home/vitus/floently-finnish/apps/backend/materials/cards/published/professional/doctor/phrases/b1_b2.json,card.sentence.doctor.yhdistelmaehkaisypillereiden.yleensa.sisaltama.etinyyliestradiol.0031 || card.sentence.doctor.yhdistelmaehkaisypillereiden.yleensa.sisaltama.etinyyliestradiol.6379 || card.sentence.doctor.yhdistelmaehkaisypillereiden.yleensa.sisaltama.etinyyliestradiol.6384
sentence_card,doctor,complete the missing part of the sentence.,ylen haastattelemat henkilöt kertovat pidempiaikaisesta luottamuksen murenemisesta terveysalan ammatinharjoittajien ja isojen lääkäriasemien välillä | välillä | välillä,3,/home/vitus/floently-finnish/apps/backend/materials/cards/published/professional/doctor/phrases/b1_b2.json,card.sentence.doctor.ylen.haastattelemat.henkilot.kertovat.pidempiaikaisesta.luottamu.3262 || card.sentence.doctor.ylen.haastattelemat.henkilot.kertovat.pidempiaikaisesta.luottamu.3645 || card.sentence.doctor.ylen.haastattelemat.henkilot.kertovat.pidempiaikaisesta.luottamu.3650
sentence_card,doctor,complete the missing part of the sentence.,"yli-sissalan kehoa skannattiin joka puolelta ja lääkärit pudottelivat prosenttilukuja peräjälkeen: syöpäriski lähellä 90 prosenttia, periytyvyys 50 prosenttia. | prosenttia | prosenttia",3,/home/vitus/floently-finnish/apps/backend/materials/cards/published/professional/doctor/phrases/b1_b2.json,card.sentence.doctor.yli.sissalan.kehoa.skannattiin.joka.puolelta.ja.laakarit.pudotte.0076 || card.sentence.doctor.yli.sissalan.kehoa.skannattiin.joka.puolelta.ja.laakarit.pudotte.1336 || card.sentence.doctor.yli.sissalan.kehoa.skannattiin.joka.puolelta.ja.laakarit.pudotte.2838
vocabulary_card,doctor,conflict,conflict,3,/home/vitus/floently-finnish/apps/backend/practice/data/cards/doctor_cards.json,doctor_9904 || doctor_9905 || doctor_9906
vocabulary_card,doctor,countries,countries,3,/home/vitus/floently-finnish/apps/backend/practice/data/cards/doctor_cards.json,doctor_10024 || doctor_10025 || doctor_10026
vocabulary_card,doctor,crp,crp,3,/home/vitus/floently-finnish/apps/backend/practice/data/cards/doctor_cards.json,doctor_6202 || doctor_6203 || doctor_6204
vocabulary_card,doctor,crparvoa,crparvoa,3,/home/vitus/floently-finnish/apps/backend/practice/data/cards/doctor_cards.json,doctor_3264 || doctor_3265 || doctor_3266
vocabulary_card,doctor,decisive,decisive,3,/home/vitus/floently-finnish/apps/backend/practice/data/cards/doctor_cards.json,doctor_10557 || doctor_10558 || doctor_10559
vocabulary_card,doctor,dementia,dementia,3,/home/vitus/floently-finnish/apps/backend/practice/data/cards/doctor_cards.json,doctor_7917 || doctor_7918 || doctor_7919
vocabulary_card,doctor,depressio,depressio,3,/home/vitus/floently-finnish/apps/backend/practice/data/cards/doctor_cards.json,doctor_6641 || doctor_6642 || doctor_6643
vocabulary_card,doctor,desinfektio,desinfektio,3,/home/vitus/floently-finnish/apps/backend/practice/data/cards/doctor_cards.json,doctor_7326 || doctor_7327 || doctor_7328
vocabulary_card,doctor,dia,dia,3,/home/vitus/floently-finnish/apps/backend/practice/data/cards/doctor_cards.json,doctor_7722 || doctor_7723 || doctor_7724
vocabulary_card,doctor,diabeetikkoa,diabeetikkoa,3,/home/vitus/floently-finnish/apps/backend/practice/data/cards/doctor_cards.json,doctor_9907 || doctor_9908 || doctor_9909
vocabulary_card,doctor,diabeteknen,diabeteknen,3,/home/vitus/floently-finnish/apps/backend/practice/data/cards/doctor_cards.json,doctor_2972 || doctor_2973 || doctor_2974
vocabulary_card,doctor,diabetekse,diabetekse,3,/home/vitus/floently-finnish/apps/backend/practice/data/cards/doctor_cards.json,doctor_1283 || doctor_1284 || doctor_1285
vocabulary_card,doctor,diabetekseksi,diabetekseksi,3,/home/vitus/floently-finnish/apps/backend/practice/data/cards/doctor_cards.json,doctor_3163 || doctor_3164 || doctor_3165
vocabulary_card,doctor,diabeteksella,diabeteksella,3,/home/vitus/floently-finnish/apps/backend/practice/data/cards/doctor_cards.json,doctor_9266 || doctor_9267 || doctor_9268
vocabulary_card,doctor,diabeteksi,diabeteksi,3,/home/vitus/floently-finnish/apps/backend/practice/data/cards/doctor_cards.json,doctor_5136 || doctor_5137 || doctor_5138
vocabulary_card,doctor,diabetenen,diabetenen,3,/home/vitus/floently-finnish/apps/backend/practice/data/cards/doctor_cards.json,doctor_1450 || doctor_1451 || doctor_1452
vocabulary_card,doctor,diabetesliito,diabetesliito,3,/home/vitus/floently-finnish/apps/backend/practice/data/cards/doctor_cards.json,doctor_9219 || doctor_9220 || doctor_9221
vocabulary_card,doctor,diabetesliiton,diabetesliiton,3,/home/vitus/floently-finnish/apps/backend/practice/data/cards/doctor_cards.json,doctor_10310 || doctor_10311 || doctor_10312
vocabulary_card,doctor,diabetesliitto,diabetesliitto,3,/home/vitus/floently-finnish/apps/backend/practice/data/cards/doctor_cards.json,doctor_9763 || doctor_9764 || doctor_9765
vocabulary_card,doctor,diagnoonen,diagnoonen,3,/home/vitus/floently-finnish/apps/backend/practice/data/cards/doctor_cards.json,doctor_1775 || doctor_1776 || doctor_1777
vocabulary_card,doctor,diagnoos,diagnoos,3,/home/vitus/floently-finnish/apps/backend/practice/data/cards/doctor_cards.json,doctor_4240 || doctor_4241 || doctor_4242
vocabulary_card,doctor,diagnoosei,diagnoosei,3,/home/vitus/floently-finnish/apps/backend/practice/data/cards/doctor_cards.json,doctor_8938 || doctor_8939 || doctor_8940
vocabulary_card,doctor,diagnooseja,diagnooseja,3,/home/vitus/floently-finnish/apps/backend/practice/data/cards/doctor_cards.json,doctor_2361 || doctor_2362 || doctor_2363
vocabulary_card,doctor,diagnoosi,diagnoosi,3,/home/vitus/floently-finnish/apps/backend/practice/data/cards/doctor_cards.json,doctor_224 || doctor_225 || doctor_226
vocabulary_card,doctor,diagnoosien,diagnoosien,3,/home/vitus/floently-finnish/apps/backend/practice/data/cards/doctor_cards.json,doctor_10993 || doctor_10994 || doctor_10995
vocabulary_card,doctor,diagnoosis,diagnoosis,3,/home/vitus/floently-finnish/apps/backend/practice/data/cards/doctor_cards.json,doctor_8832 || doctor_8833 || doctor_8834
vocabulary_card,doctor,diagnosoida,diagnosoida,3,/home/vitus/floently-finnish/apps/backend/practice/data/cards/doctor_cards.json,doctor_3158 || doctor_3159 || doctor_3160
vocabulary_card,doctor,diagnosoidun,diagnosoidun,3,/home/vitus/floently-finnish/apps/backend/practice/data/cards/doctor_cards.json,doctor_2661 || doctor_2662 || doctor_2663
vocabulary_card,doctor,diagnostiikkakäytäntö,diagnostiikkakäytäntö,3,/home/vitus/floently-finnish/apps/backend/practice/data/cards/doctor_cards.json,doctor_4686 || doctor_4687 || doctor_4688
vocabulary_card,doctor,diagnostinen,diagnostinen,3,/home/vitus/floently-finnish/apps/backend/practice/data/cards/doctor_cards.json,doctor_8994 || doctor_8995 || doctor_8996
vocabulary_card,doctor,dialyysi,dialyysi,3,/home/vitus/floently-finnish/apps/backend/practice/data/cards/doctor_cards.json,doctor_4767 || doctor_4768 || doctor_4769
vocabulary_card,doctor,diatermiaa,diatermiaa,3,/home/vitus/floently-finnish/apps/backend/practice/data/cards/doctor_cards.json,doctor_11122 || doctor_11123 || doctor_11124
vocabulary_card,doctor,difficulties,difficulties,3,/home/vitus/floently-finnish/apps/backend/practice/data/cards/doctor_cards.json,doctor_9263 || doctor_9264 || doctor_9265
vocabulary_card,doctor,digivastaanottoih,digivastaanottoih,3,/home/vitus/floently-finnish/apps/backend/practice/data/cards/doctor_cards.json,doctor_9112 || doctor_9113 || doctor_9114
vocabulary_card,doctor,disease,disease,3,/home/vitus/floently-finnish/apps/backend/practice/data/cards/doctor_cards.json,doctor_7121 || doctor_7122 || doctor_7123
vocabulary_card,doctor,diseases,diseases,3,/home/vitus/floently-finnish/apps/backend/practice/data/cards/doctor_cards.json,doctor_10374 || doctor_10375 || doctor_10376
vocabulary_card,doctor,dokumentissaan,dokumentissaan,3,/home/vitus/floently-finnish/apps/backend/practice/data/cards/doctor_cards.json,doctor_7568 || doctor_7569 || doctor_7570
vocabulary_card,doctor,dosentti,dosentti,3,/home/vitus/floently-finnish/apps/backend/practice/data/cards/doctor_cards.json,doctor_5494 || doctor_5495 || doctor_5496
vocabulary_card,doctor,dreeni,dreeni,3,/home/vitus/floently-finnish/apps/backend/practice/data/cards/doctor_cards.json,doctor_7272 || doctor_7273 || doctor_7274
vocabulary_card,doctor,dreeti,dreeti,3,/home/vitus/floently-finnish/apps/backend/practice/data/cards/doctor_cards.json,doctor_10307 || doctor_10308 || doctor_10309
vocabulary_card,doctor,earlier,earlier,3,/home/vitus/floently-finnish/apps/backend/practice/data/cards/doctor_cards.json,doctor_9708 || doctor_9709 || doctor_9710
vocabulary_card,doctor,edeltävä,edeltävä,3,/home/vitus/floently-finnish/apps/backend/practice/data/cards/doctor_cards.json,doctor_7850 || doctor_7851 || doctor_7852
vocabulary_card,doctor,edetä,edetä,3,/home/vitus/floently-finnish/apps/backend/practice/data/cards/doctor_cards.json,doctor_4908 || doctor_4909 || doctor_4910
vocabulary_card,doctor,edistäminen,edistäminen,3,/home/vitus/floently-finnish/apps/backend/practice/data/cards/doctor_cards.json,doctor_5208 || doctor_5209 || doctor_5210
vocabulary_card,doctor,edullinen,edullinen,3,/home/vitus/floently-finnish/apps/backend/practice/data/cards/doctor_cards.json,doctor_7030 || doctor_7031 || doctor_7032
vocabulary_card,doctor,edustaa,edustaa,3,/home/vitus/floently-finnish/apps/backend/practice/data/cards/doctor_cards.json,doctor_6911 || doctor_6912 || doctor_6913
vocabulary_card,doctor,edustaja,edustaja,3,/home/vitus/floently-finnish/apps/backend/practice/data/cards/doctor_cards.json,doctor_1705 || doctor_1706 || doctor_1707
vocabulary_card,doctor,effectively,effectively,3,/home/vitus/floently-finnish/apps/backend/practice/data/cards/doctor_cards.json,doctor_9371 || doctor_9372 || doctor_9373
vocabulary_card,doctor,ehdottaa,ehdottaa,3,/home/vitus/floently-finnish/apps/backend/practice/data/cards/doctor_cards.json,doctor_4887 || doctor_4888 || doctor_4889
vocabulary_card,doctor,ehkäinen,ehkäinen,3,/home/vitus/floently-finnish/apps/backend/practice/data/cards/doctor_cards.json,doctor_11275 || doctor_11276 || doctor_11277
vocabulary_card,doctor,ehkäiseminen,ehkäiseminen,3,/home/vitus/floently-finnish/apps/backend/practice/data/cards/doctor_cards.json,doctor_8404 || doctor_8405 || doctor_8406
vocabulary_card,doctor,ehkäisevän,ehkäisevän,3,/home/vitus/floently-finnish/apps/backend/practice/data/cards/doctor_cards.json,doctor_10240 || doctor_10241 || doctor_10242
vocabulary_card,doctor,ehkäisyväline,ehkäisyväline,3,/home/vitus/floently-finnish/apps/backend/practice/data/cards/doctor_cards.json,doctor_8156 || doctor_8157 || doctor_8158
vocabulary_card,doctor,ehkäisyvälineet,ehkäisyvälineet,3,/home/vitus/floently-finnish/apps/backend/practice/data/cards/doctor_cards.json,doctor_11457 || doctor_11458 || doctor_11459
vocabulary_card,doctor,ehkäisyä,ehkäisyä,3,/home/vitus/floently-finnish/apps/backend/practice/data/cards/doctor_cards.json,doctor_6062 || doctor_6063 || doctor_6064
vocabulary_card,doctor,ehtivät,ehtivät,3,/home/vitus/floently-finnish/apps/backend/practice/data/cards/doctor_cards.json,doctor_5554 || doctor_5555 || doctor_5556
vocabulary_card,doctor,ehtiä,ehtiä,3,/home/vitus/floently-finnish/apps/backend/practice/data/cards/doctor_cards.json,doctor_6527 || doctor_6528 || doctor_6529
vocabulary_card,doctor,ehto,ehto,3,/home/vitus/floently-finnish/apps/backend/practice/data/cards/doctor_cards.json,doctor_975 || doctor_976 || doctor_977
vocabulary_card,doctor,ei-henkeä,ei-henkeä,3,/home/vitus/floently-finnish/apps/backend/practice/data/cards/doctor_cards.json,doctor_4136 || doctor_4137 || doctor_4138
vocabulary_card,doctor,ei-lääketieteellisinä,ei-lääketieteellisinä,3,/home/vitus/floently-finnish/apps/backend/practice/data/cards/doctor_cards.json,doctor_7875 || doctor_7876 || doctor_7877
vocabulary_card,doctor,eksudaatti,eksudaatti,3,/home/vitus/floently-finnish/apps/backend/practice/data/cards/doctor_cards.json,doctor_10136 || doctor_10137 || doctor_10138
vocabulary_card,doctor,elektiivisessä,elektiivisessä,3,/home/vitus/floently-finnish/apps/backend/practice/data/cards/doctor_cards.json,doctor_3803 || doctor_3804 || doctor_3805
vocabulary_card,doctor,elektiivisi,elektiivisi,3,/home/vitus/floently-finnish/apps/backend/practice/data/cards/doctor_cards.json,doctor_4133 || doctor_4134 || doctor_4135
vocabulary_card,doctor,elektiivisten,elektiivisten,3,/home/vitus/floently-finnish/apps/backend/practice/data/cards/doctor_cards.json,doctor_8429 || doctor_8430 || doctor_8431
vocabulary_card,doctor,elektronitnen,elektronitnen,3,/home/vitus/floently-finnish/apps/backend/practice/data/cards/doctor_cards.json,doctor_4772 || doctor_4773 || doctor_4774
vocabulary_card,doctor,elimistö,elimistö,3,/home/vitus/floently-finnish/apps/backend/practice/data/cards/doctor_cards.json,doctor_312 || doctor_313 || doctor_314
vocabulary_card,doctor,elimistön,elimistön,3,/home/vitus/floently-finnish/apps/backend/practice/data/cards/doctor_cards.json,doctor_7988 || doctor_7989 || doctor_7990
vocabulary_card,doctor,elimistössä,elimistössä,3,/home/vitus/floently-finnish/apps/backend/practice/data/cards/doctor_cards.json,doctor_10049 || doctor_10050 || doctor_10051
vocabulary_card,doctor,elin,elin,3,/home/vitus/floently-finnish/apps/backend/practice/data/cards/doctor_cards.json,doctor_2605 || doctor_2606 || doctor_2607
vocabulary_card,doctor,elinaja,elinaja,3,/home/vitus/floently-finnish/apps/backend/practice/data/cards/doctor_cards.json,doctor_2276 || doctor_2277 || doctor_2278
vocabulary_card,doctor,elintapahoito,elintapahoito,3,/home/vitus/floently-finnish/apps/backend/practice/data/cards/doctor_cards.json,doctor_2777 || doctor_2778 || doctor_2779
vocabulary_card,doctor,elintapamuutokse,elintapamuutokse,3,/home/vitus/floently-finnish/apps/backend/practice/data/cards/doctor_cards.json,doctor_8338 || doctor_8339 || doctor_8340
vocabulary_card,doctor,elintapamuutoksi,elintapamuutoksi,3,/home/vitus/floently-finnish/apps/backend/practice/data/cards/doctor_cards.json,doctor_10513 || doctor_10514 || doctor_10515
vocabulary_card,doctor,elintapasairaus,elintapasairaus,3,/home/vitus/floently-finnish/apps/backend/practice/data/cards/doctor_cards.json,doctor_1382 || doctor_1383 || doctor_1384
vocabulary_card,doctor,elintason,elintason,3,/home/vitus/floently-finnish/apps/backend/practice/data/cards/doctor_cards.json,doctor_9648 || doctor_9649 || doctor_9650
vocabulary_card,doctor,elintärkeitä,elintärkeitä,3,/home/vitus/floently-finnish/apps/backend/practice/data/cards/doctor_cards.json,doctor_10103 || doctor_10104 || doctor_10105
vocabulary_card,doctor,elohopeamillimetriä,elohopeamillimetriä,3,/home/vitus/floently-finnish/apps/backend/practice/data/cards/doctor_cards.json,doctor_9798 || doctor_9799 || doctor_9800
vocabulary_card,doctor,eläimillä,eläimillä,3,/home/vitus/floently-finnish/apps/backend/practice/data/cards/doctor_cards.json,doctor_7776 || doctor_7777 || doctor_7778
vocabulary_card,doctor,eläin,eläin,3,/home/vitus/floently-finnish/apps/backend/practice/data/cards/doctor_cards.json,doctor_1556 || doctor_1557 || doctor_1558
vocabulary_card,doctor,elämä,elämä,3,/home/vitus/floently-finnish/apps/backend/practice/data/cards/doctor_cards.json,doctor_593 || doctor_594 || doctor_595
vocabulary_card,doctor,elämänlaatu,elämänlaatu,3,/home/vitus/floently-finnish/apps/backend/practice/data/cards/doctor_cards.json,doctor_3877 || doctor_3878 || doctor_3879
vocabulary_card,doctor,elämänlaatua,elämänlaatua,3,/home/vitus/floently-finnish/apps/backend/practice/data/cards/doctor_cards.json,doctor_10336 || doctor_10337 || doctor_10338
vocabulary_card,doctor,elänyt,elänyt,3,/home/vitus/floently-finnish/apps/backend/practice/data/cards/doctor_cards.json,doctor_10735 || doctor_10736 || doctor_10737
vocabulary_card,doctor,elää,elää,3,/home/vitus/floently-finnish/apps/backend/practice/data/cards/doctor_cards.json,doctor_1873 || doctor_1874 || doctor_1875
vocabulary_card,doctor,endoproteesi,endoproteesi,3,/home/vitus/floently-finnish/apps/backend/practice/data/cards/doctor_cards.json,doctor_1961 || doctor_1962 || doctor_1963
vocabulary_card,doctor,endoskopia,endoskopia,3,/home/vitus/floently-finnish/apps/backend/practice/data/cards/doctor_cards.json,doctor_7190 || doctor_7191 || doctor_7192
vocabulary_card,doctor,endotoksemia,endotoksemia,3,/home/vitus/floently-finnish/apps/backend/practice/data/cards/doctor_cards.json,doctor_1021 || doctor_1022 || doctor_1023
vocabulary_card,doctor,endotoksemika,endotoksemika,3,/home/vitus/floently-finnish/apps/backend/practice/data/cards/doctor_cards.json,doctor_8388 || doctor_8389 || doctor_8390
vocabulary_card,doctor,engl,engl,3,/home/vitus/floently-finnish/apps/backend/practice/data/cards/doctor_cards.json,doctor_2556 || doctor_2557 || doctor_2558
vocabulary_card,doctor,englanninkielisillä,englanninkielisillä,3,/home/vitus/floently-finnish/apps/backend/practice/data/cards/doctor_cards.json,doctor_7106 || doctor_7107 || doctor_7108
vocabulary_card,doctor,englantilainen,englantilainen,3,/home/vitus/floently-finnish/apps/backend/practice/data/cards/doctor_cards.json,doctor_1830 || doctor_1831 || doctor_1832
vocabulary_card,doctor,enimmäispalkkio,enimmäispalkkio,3,/home/vitus/floently-finnish/apps/backend/practice/data/cards/doctor_cards.json,doctor_1150 || doctor_1151 || doctor_1152
vocabulary_card,doctor,ennakoimaton,ennakoimaton,3,/home/vitus/floently-finnish/apps/backend/practice/data/cards/doctor_cards.json,doctor_7898 || doctor_7899 || doctor_7900
vocabulary_card,doctor,ennakoitava,ennakoitava,3,/home/vitus/floently-finnish/apps/backend/practice/data/cards/doctor_cards.json,doctor_7895 || doctor_7896 || doctor_7897
vocabulary_card,doctor,ennaltaehkäisevä,ennaltaehkäisevä,3,/home/vitus/floently-finnish/apps/backend/practice/data/cards/doctor_cards.json,doctor_2124 || doctor_2125 || doctor_2126
vocabulary_card,doctor,ennenaikainen,ennenaikainen,3,/home/vitus/floently-finnish/apps/backend/practice/data/cards/doctor_cards.json,doctor_5730 || doctor_5731 || doctor_5732
vocabulary_card,doctor,ennenaikaisuuden,ennenaikaisuuden,3,/home/vitus/floently-finnish/apps/backend/practice/data/cards/doctor_cards.json,doctor_2810 || doctor_2811 || doctor_2812
vocabulary_card,doctor,ennustaa,ennustaa,3,/home/vitus/floently-finnish/apps/backend/practice/data/cards/doctor_cards.json,doctor_3053 || doctor_3054 || doctor_3055
vocabulary_card,doctor,ennuste,ennuste,3,/home/vitus/floently-finnish/apps/backend/practice/data/cards/doctor_cards.json,doctor_4882 || doctor_4883 || doctor_4884
vocabulary_card,doctor,ensi,ensi,3,/home/vitus/floently-finnish/apps/backend/practice/data/cards/doctor_cards.json,doctor_1930 || doctor_1931 || doctor_1932
vocabulary_card,doctor,ensimmäinen,ensimmäinen,3,/home/vitus/floently-finnish/apps/backend/practice/data/cards/doctor_cards.json,doctor_738 || doctor_739 || doctor_740
vocabulary_card,doctor,epäillä,epäillä,3,/home/vitus/floently-finnish/apps/backend/practice/data/cards/doctor_cards.json,doctor_996 || doctor_997 || doctor_998
vocabulary_card,doctor,epäillään,epäillään,3,/home/vitus/floently-finnish/apps/backend/practice/data/cards/doctor_cards.json,doctor_11420 || doctor_11421 || doctor_11422
vocabulary_card,doctor,epämuodostuma,epämuodostuma,3,/home/vitus/floently-finnish/apps/backend/practice/data/cards/doctor_cards.json,doctor_4188 || doctor_4189 || doctor_4190
vocabulary_card,doctor,epäspesife,epäspesife,3,/home/vitus/floently-finnish/apps/backend/practice/data/cards/doctor_cards.json,doctor_2892 || doctor_2893 || doctor_2894
vocabulary_card,doctor,epävarma,epävarma,3,/home/vitus/floently-finnish/apps/backend/practice/data/cards/doctor_cards.json,doctor_7069 || doctor_7070 || doctor_7071
vocabulary_card,doctor,epävarmoissa,epävarmoissa,3,/home/vitus/floently-finnish/apps/backend/practice/data/cards/doctor_cards.json,doctor_2389 || doctor_2390 || doctor_2391
vocabulary_card,doctor,eri,eri,3,/home/vitus/floently-finnish/apps/backend/practice/data/cards/doctor_cards.json,doctor_264 || doctor_265 || doctor_266
vocabulary_card,doctor,erikoinen,erikoinen,3,/home/vitus/floently-finnish/apps/backend/practice/data/cards/doctor_cards.json,doctor_9070 || doctor_9071 || doctor_9072
vocabulary_card,doctor,erikoisala,erikoisala,3,/home/vitus/floently-finnish/apps/backend/practice/data/cards/doctor_cards.json,doctor_7483 || doctor_7484 || doctor_7485
vocabulary_card,doctor,erikoisalo,erikoisalo,3,/home/vitus/floently-finnish/apps/backend/practice/data/cards/doctor_cards.json,doctor_9462 || doctor_9463 || doctor_9464
vocabulary_card,doctor,erikoisaloi,erikoisaloi,3,/home/vitus/floently-finnish/apps/backend/practice/data/cards/doctor_cards.json,doctor_1359 || doctor_1360 || doctor_1361
vocabulary_card,doctor,erikoislääkäriyhdistys,erikoislääkäriyhdistys,3,/home/vitus/floently-finnish/apps/backend/practice/data/cards/doctor_cards.json,doctor_2257 || doctor_2258 || doctor_2259
vocabulary_card,doctor,erikoissairaanhoito,erikoissairaanhoito,3,/home/vitus/floently-finnish/apps/backend/practice/data/cards/doctor_cards.json,doctor_3316 || doctor_3317 || doctor_3318
vocabulary_card,doctor,erikoistua,erikoistua,3,/home/vitus/floently-finnish/apps/backend/practice/data/cards/doctor_cards.json,doctor_4470 || doctor_4471 || doctor_4472
vocabulary_card,doctor,erikoistunei,erikoistunei,3,/home/vitus/floently-finnish/apps/backend/practice/data/cards/doctor_cards.json,doctor_9145 || doctor_9146 || doctor_9147
vocabulary_card,doctor,erikoistuva,erikoistuva,3,/home/vitus/floently-finnish/apps/backend/practice/data/cards/doctor_cards.json,doctor_11347 || doctor_11348 || doctor_11349
vocabulary_card,doctor,erilainen,erilainen,3,/home/vitus/floently-finnish/apps/backend/practice/data/cards/doctor_cards.json,doctor_1599 || doctor_1600 || doctor_1601
vocabulary_card,doctor,erilainin,erilainin,3,/home/vitus/floently-finnish/apps/backend/practice/data/cards/doctor_cards.json,doctor_7496 || doctor_7497 || doctor_7498
vocabulary_card,doctor,erilaisia,erilaisia,3,/home/vitus/floently-finnish/apps/backend/practice/data/cards/doctor_cards.json,doctor_9582 || doctor_9583 || doctor_9584
vocabulary_card,doctor,erityinen,erityinen,3,/home/vitus/floently-finnish/apps/backend/practice/data/cards/doctor_cards.json,doctor_10066 || doctor_10067 || doctor_10068
vocabulary_card,doctor,erityisasea,erityisasea,3,/home/vitus/floently-finnish/apps/backend/practice/data/cards/doctor_cards.json,doctor_7711 || doctor_7712 || doctor_7713
vocabulary_card,doctor,erityisen,erityisen,3,/home/vitus/floently-finnish/apps/backend/practice/data/cards/doctor_cards.json,doctor_10976 || doctor_10977 || doctor_10978
vocabulary_card,doctor,erityistä,erityistä,3,/home/vitus/floently-finnish/apps/backend/practice/data/cards/doctor_cards.json,doctor_7331 || doctor_7332 || doctor_7333
vocabulary_card,doctor,eriää,eriää,3,/home/vitus/floently-finnish/apps/backend/practice/data/cards/doctor_cards.json,doctor_6606 || doctor_6607 || doctor_6608
vocabulary_card,doctor,ero,ero,3,/home/vitus/floently-finnish/apps/backend/practice/data/cards/doctor_cards.json,doctor_1308 || doctor_1309 || doctor_1310
vocabulary_card,doctor,erottaminen,erottaminen,3,/home/vitus/floently-finnish/apps/backend/practice/data/cards/doctor_cards.json,doctor_5242 || doctor_5243 || doctor_5244
vocabulary_card,doctor,erotuksi,erotuksi,3,/home/vitus/floently-finnish/apps/backend/practice/data/cards/doctor_cards.json,doctor_11252 || doctor_11253 || doctor_11254
vocabulary_card,doctor,erotusdiagnoosi,erotusdiagnoosi,3,/home/vitus/floently-finnish/apps/backend/practice/data/cards/doctor_cards.json,doctor_1697 || doctor_1698 || doctor_1699
vocabulary_card,doctor,erva,erva,3,/home/vitus/floently-finnish/apps/backend/practice/data/cards/doctor_cards.json,doctor_8413 || doctor_8414 || doctor_8415
vocabulary_card,doctor,eräänlainen,eräänlainen,3,/home/vitus/floently-finnish/apps/backend/practice/data/cards/doctor_cards.json,doctor_8509 || doctor_8510 || doctor_8511
vocabulary_card,doctor,esh-järjestöjen,esh-järjestöjen,3,/home/vitus/floently-finnish/apps/backend/practice/data/cards/doctor_cards.json,doctor_8775 || doctor_8776 || doctor_8777
vocabulary_card,doctor,esidiabeetikkoa,esidiabeetikkoa,3,/home/vitus/floently-finnish/apps/backend/practice/data/cards/doctor_cards.json,doctor_10055 || doctor_10056 || doctor_10057
vocabulary_card,doctor,esiinny,esiinny,3,/home/vitus/floently-finnish/apps/backend/practice/data/cards/doctor_cards.json,doctor_3414 || doctor_3415 || doctor_3416
vocabulary_card,doctor,esiintyminen,esiintyminen,3,/home/vitus/floently-finnish/apps/backend/practice/data/cards/doctor_cards.json,doctor_7864 || doctor_7865 || doctor_7866
vocabulary_card,doctor,esiintyvyyden,esiintyvyyden,3,/home/vitus/floently-finnish/apps/backend/practice/data/cards/doctor_cards.json,doctor_6187 || doctor_6188 || doctor_6189
vocabulary_card,doctor,esiintyä,esiintyä,3,/home/vitus/floently-finnish/apps/backend/practice/data/cards/doctor_cards.json,doctor_454 || doctor_455 || doctor_456
vocabulary_card,doctor,esim,esim,3,/home/vitus/floently-finnish/apps/backend/practice/data/cards/doctor_cards.json,doctor_720 || doctor_721 || doctor_722
vocabulary_card,doctor,esimerkki,esimerkki,3,/home/vitus/floently-finnish/apps/backend/practice/data/cards/doctor_cards.json,doctor_1112 || doctor_1113 || doctor_1114
vocabulary_card,doctor,esitietolomakkeen,esitietolomakkeen,3,/home/vitus/floently-finnish/apps/backend/practice/data/cards/doctor_cards.json,doctor_9179 || doctor_9180 || doctor_9181
vocabulary_card,doctor,esitätte,esitätte,3,/home/vitus/floently-finnish/apps/backend/practice/data/cards/doctor_cards.json,doctor_6405 || doctor_6406 || doctor_6407
vocabulary_card,doctor,estolääkityknen,estolääkityknen,3,/home/vitus/floently-finnish/apps/backend/practice/data/cards/doctor_cards.json,doctor_4546 || doctor_4547 || doctor_4548
vocabulary_card,doctor,eteisvärinää,eteisvärinää,3,/home/vitus/floently-finnish/apps/backend/practice/data/cards/doctor_cards.json,doctor_4511 || doctor_4512 || doctor_4513
vocabulary_card,doctor,etinyyliestradioli,etinyyliestradioli,3,/home/vitus/floently-finnish/apps/backend/practice/data/cards/doctor_cards.json,doctor_6376 || doctor_6377 || doctor_6378
vocabulary_card,doctor,etu,etu,3,/home/vitus/floently-finnish/apps/backend/practice/data/cards/doctor_cards.json,doctor_5802 || doctor_5803 || doctor_5804
vocabulary_card,doctor,etunimellä,etunimellä,3,/home/vitus/floently-finnish/apps/backend/practice/data/cards/doctor_cards.json,doctor_4746 || doctor_4747 || doctor_4748
vocabulary_card,doctor,etupenkillä,etupenkillä,3,/home/vitus/floently-finnish/apps/backend/practice/data/cards/doctor_cards.json,doctor_3662 || doctor_3663 || doctor_3664
vocabulary_card,doctor,eturauhanen,eturauhanen,3,/home/vitus/floently-finnish/apps/backend/practice/data/cards/doctor_cards.json,doctor_7526 || doctor_7527 || doctor_7528
vocabulary_card,doctor,etäkonsultaatiota,etäkonsultaatiota,3,/home/vitus/floently-finnish/apps/backend/practice/data/cards/doctor_cards.json,doctor_8760 || doctor_8761 || doctor_8762
vocabulary_card,doctor,etäpesäkke,etäpesäkke,3,/home/vitus/floently-finnish/apps/backend/practice/data/cards/doctor_cards.json,doctor_9389 || doctor_9390 || doctor_9391
vocabulary_card,doctor,euro,euro,3,/home/vitus/floently-finnish/apps/backend/practice/data/cards/doctor_cards.json,doctor_1097 || doctor_1098 || doctor_1099
vocabulary_card,doctor,evi,evi,3,/home/vitus/floently-finnish/apps/backend/practice/data/cards/doctor_cards.json,doctor_10541 || doctor_10542 || doctor_10543
vocabulary_card,doctor,expectation,expectation,3,/home/vitus/floently-finnish/apps/backend/practice/data/cards/doctor_cards.json,doctor_10041 || doctor_10042 || doctor_10043
vocabulary_card,doctor,facilities,facilities,3,/home/vitus/floently-finnish/apps/backend/practice/data/cards/doctor_cards.json,doctor_10579 || doctor_10580 || doctor_10581
vocabulary_card,doctor,family,family,3,/home/vitus/floently-finnish/apps/backend/practice/data/cards/doctor_cards.json,doctor_9962 || doctor_9963 || doctor_9964
vocabulary_card,doctor,feokromosytoomakasvain,feokromosytoomakasvain,3,/home/vitus/floently-finnish/apps/backend/practice/data/cards/doctor_cards.json,doctor_4324 || doctor_4325 || doctor_4326
vocabulary_card,doctor,fiksaatiovälineet,fiksaatiovälineet,3,/home/vitus/floently-finnish/apps/backend/practice/data/cards/doctor_cards.json,doctor_8161 || doctor_8162 || doctor_8163
vocabulary_card,doctor,finterveys-tutkimus,finterveys-tutkimus,3,/home/vitus/floently-finnish/apps/backend/practice/data/cards/doctor_cards.json,doctor_6612 || doctor_6613 || doctor_6614
vocabulary_card,doctor,first-aid,first-aid,3,/home/vitus/floently-finnish/apps/backend/practice/data/cards/doctor_cards.json,doctor_11067 || doctor_11068 || doctor_11069
vocabulary_card,doctor,flavonoideja,flavonoideja,3,/home/vitus/floently-finnish/apps/backend/practice/data/cards/doctor_cards.json,doctor_10769 || doctor_10770 || doctor_10771
vocabulary_card,doctor,fysiikka,fysiikka,3,/home/vitus/floently-finnish/apps/backend/practice/data/cards/doctor_cards.json,doctor_8199 || doctor_8200 || doctor_8201
vocabulary_card,doctor,fysiologiata,fysiologiata,3,/home/vitus/floently-finnish/apps/backend/practice/data/cards/doctor_cards.json,doctor_6950 || doctor_6951 || doctor_6952
vocabulary_card,doctor,fysioterapeutti,fysioterapeutti,3,/home/vitus/floently-finnish/apps/backend/practice/data/cards/doctor_cards.json,doctor_4199 || doctor_4200 || doctor_4201
vocabulary_card,doctor,fyysisen,fyysisen,3,/home/vitus/floently-finnish/apps/backend/practice/data/cards/doctor_cards.json,doctor_11220 || doctor_11221 || doctor_11222
vocabulary_card,doctor,geeneissä,geeneissä,3,/home/vitus/floently-finnish/apps/backend/practice/data/cards/doctor_cards.json,doctor_10507 || doctor_10508 || doctor_10509
vocabulary_card,doctor,geeneistä,geeneistä,3,/home/vitus/floently-finnish/apps/backend/practice/data/cards/doctor_cards.json,doctor_9150 || doctor_9151 || doctor_9152
vocabulary_card,doctor,geeni,geeni,3,/home/vitus/floently-finnish/apps/backend/practice/data/cards/doctor_cards.json,doctor_988 || doctor_989 || doctor_990
vocabulary_card,doctor,geenimuunnoknen,geenimuunnoknen,3,/home/vitus/floently-finnish/apps/backend/practice/data/cards/doctor_cards.json,doctor_7684 || doctor_7685 || doctor_7686
vocabulary_card,doctor,geenivirhe,geenivirhe,3,/home/vitus/floently-finnish/apps/backend/practice/data/cards/doctor_cards.json,doctor_6661 || doctor_6662 || doctor_6663
vocabulary_card,doctor,geenivirhe-diagnoosin,geenivirhe-diagnoosin,3,/home/vitus/floently-finnish/apps/backend/practice/data/cards/doctor_cards.json,doctor_7061 || doctor_7062 || doctor_7063
vocabulary_card,doctor,geenivirhee,geenivirhee,3,/home/vitus/floently-finnish/apps/backend/practice/data/cards/doctor_cards.json,doctor_9821 || doctor_9822 || doctor_9823
vocabulary_card,doctor,geenivirheen,geenivirheen,3,/home/vitus/floently-finnish/apps/backend/practice/data/cards/doctor_cards.json,doctor_8138 || doctor_8139 || doctor_8140
vocabulary_card,doctor,geenivirhes,geenivirhes,3,/home/vitus/floently-finnish/apps/backend/practice/data/cards/doctor_cards.json,doctor_6947 || doctor_6948 || doctor_6949
vocabulary_card,doctor,geneettinen,geneettinen,3,/home/vitus/floently-finnish/apps/backend/practice/data/cards/doctor_cards.json,doctor_11305 || doctor_11306 || doctor_11307
vocabulary_card,doctor,glukokortikoidei,glukokortikoidei,3,/home/vitus/floently-finnish/apps/backend/practice/data/cards/doctor_cards.json,doctor_10411 || doctor_10412 || doctor_10413
vocabulary_card,doctor,glukoosia,glukoosia,3,/home/vitus/floently-finnish/apps/backend/practice/data/cards/doctor_cards.json,doctor_5888 || doctor_5889 || doctor_5890
vocabulary_card,doctor,glukoosipitoisuus,glukoosipitoisuus,3,/home/vitus/floently-finnish/apps/backend/practice/data/cards/doctor_cards.json,doctor_1999 || doctor_2000 || doctor_2001
vocabulary_card,doctor,glukoosiylimäärästä,glukoosiylimäärästä,3,/home/vitus/floently-finnish/apps/backend/practice/data/cards/doctor_cards.json,doctor_10371 || doctor_10372 || doctor_10373
vocabulary_card,doctor,glykeeminen,glykeeminen,3,/home/vitus/floently-finnish/apps/backend/practice/data/cards/doctor_cards.json,doctor_4616 || doctor_4617 || doctor_4618
vocabulary_card,doctor,glykosidiyhdisteen,glykosidiyhdisteen,3,/home/vitus/floently-finnish/apps/backend/practice/data/cards/doctor_cards.json,doctor_10831 || doctor_10832 || doctor_10833
vocabulary_card,doctor,glymfaattisen,glymfaattisen,3,/home/vitus/floently-finnish/apps/backend/practice/data/cards/doctor_cards.json,doctor_10124 || doctor_10125 || doctor_10126
vocabulary_card,doctor,gnosis,gnosis,3,/home/vitus/floently-finnish/apps/backend/practice/data/cards/doctor_cards.json,doctor_7727 || doctor_7728 || doctor_7729
vocabulary_card,doctor,gramnegatiivinen,gramnegatiivinen,3,/home/vitus/floently-finnish/apps/backend/practice/data/cards/doctor_cards.json,doctor_11047 || doctor_11048 || doctor_11049
vocabulary_card,doctor,gynekologia,gynekologia,3,/home/vitus/floently-finnish/apps/backend/practice/data/cards/doctor_cards.json,doctor_2915 || doctor_2916 || doctor_2917
vocabulary_card,doctor,gynekologiset,gynekologiset,3,/home/vitus/floently-finnish/apps/backend/practice/data/cards/doctor_cards.json,doctor_3688 || doctor_3689 || doctor_3690
vocabulary_card,doctor,haaa,haaa,3,/home/vitus/floently-finnish/apps/backend/practice/data/cards/doctor_cards.json,doctor_2469 || doctor_2470 || doctor_2471
vocabulary_card,doctor,haastatella,haastatella,3,/home/vitus/floently-finnish/apps/backend/practice/data/cards/doctor_cards.json,doctor_9019 || doctor_9020 || doctor_9021
vocabulary_card,doctor,haastattelema,haastattelema,3,/home/vitus/floently-finnish/apps/backend/practice/data/cards/doctor_cards.json,doctor_912 || doctor_913 || doctor_914
vocabulary_card,doctor,haastattelemien,haastattelemien,3,/home/vitus/floently-finnish/apps/backend/practice/data/cards/doctor_cards.json,doctor_6864 || doctor_6865 || doctor_6866
vocabulary_card,doctor,haava,haava,3,/home/vitus/floently-finnish/apps/backend/practice/data/cards/doctor_cards.json,doctor_3851 || doctor_3852 || doctor_3853
vocabulary_card,doctor,haavainfektio,haavainfektio,3,/home/vitus/floently-finnish/apps/backend/practice/data/cards/doctor_cards.json,doctor_1682 || doctor_1683 || doctor_1684
vocabulary_card,doctor,haavaista,haavaista,3,/home/vitus/floently-finnish/apps/backend/practice/data/cards/doctor_cards.json,doctor_10732 || doctor_10733 || doctor_10734
vocabulary_card,doctor,haavan,haavan,3,/home/vitus/floently-finnish/apps/backend/practice/data/cards/doctor_cards.json,doctor_7786 || doctor_7787 || doctor_7788
vocabulary_card,doctor,haavo,haavo,3,/home/vitus/floently-finnish/apps/backend/practice/data/cards/doctor_cards.json,doctor_2325 || doctor_2326 || doctor_2327
vocabulary_card,doctor,haettae,haettae,3,/home/vitus/floently-finnish/apps/backend/practice/data/cards/doctor_cards.json,doctor_4115 || doctor_4116 || doctor_4117
vocabulary_card,doctor,haettaessa,haettaessa,3,/home/vitus/floently-finnish/apps/backend/practice/data/cards/doctor_cards.json,doctor_11105 || doctor_11106 || doctor_11107
vocabulary_card,doctor,haima,haima,3,/home/vitus/floently-finnish/apps/backend/practice/data/cards/doctor_cards.json,doctor_2087 || doctor_2088 || doctor_2089
vocabulary_card,doctor,haimasyövä,haimasyövä,3,/home/vitus/floently-finnish/apps/backend/practice/data/cards/doctor_cards.json,doctor_10354 || doctor_10355 || doctor_10356
vocabulary_card,doctor,haimasyövän,haimasyövän,3,/home/vitus/floently-finnish/apps/backend/practice/data/cards/doctor_cards.json,doctor_10327 || doctor_10328 || doctor_10329
vocabulary_card,doctor,haimatulehdus,haimatulehdus,3,/home/vitus/floently-finnish/apps/backend/practice/data/cards/doctor_cards.json,doctor_4447 || doctor_4448 || doctor_4449
vocabulary_card,doctor,haitallinen,haitallinen,3,/home/vitus/floently-finnish/apps/backend/practice/data/cards/doctor_cards.json,doctor_6973 || doctor_6974 || doctor_6975
vocabulary_card,doctor,haitoinen,haitoinen,3,/home/vitus/floently-finnish/apps/backend/practice/data/cards/doctor_cards.json,doctor_1754 || doctor_1755 || doctor_1756
vocabulary_card,doctor,haitta-aineet,haitta-aineet,3,/home/vitus/floently-finnish/apps/backend/practice/data/cards/doctor_cards.json,doctor_6452 || doctor_6453 || doctor_6454
vocabulary_card,doctor,haittavaikutus,haittavaikutus,3,/home/vitus/floently-finnish/apps/backend/practice/data/cards/doctor_cards.json,doctor_598 || doctor_599 || doctor_600
vocabulary_card,doctor,haitto,haitto,3,/home/vitus/floently-finnish/apps/backend/practice/data/cards/doctor_cards.json,doctor_5694 || doctor_5695 || doctor_5696
vocabulary_card,doctor,hajottaa,hajottaa,3,/home/vitus/floently-finnish/apps/backend/practice/data/cards/doctor_cards.json,doctor_10285 || doctor_10286 || doctor_10287
vocabulary_card,doctor,hakeutua,hakeutua,3,/home/vitus/floently-finnish/apps/backend/practice/data/cards/doctor_cards.json,doctor_4345 || doctor_4346 || doctor_4347
vocabulary_card,doctor,hallitsemattomaan,hallitsemattomaan,3,/home/vitus/floently-finnish/apps/backend/practice/data/cards/doctor_cards.json,doctor_10094 || doctor_10095 || doctor_10096
vocabulary_card,doctor,hallitus,hallitus,3,/home/vitus/floently-finnish/apps/backend/practice/data/cards/doctor_cards.json,doctor_1232 || doctor_1233 || doctor_1234
vocabulary_card,doctor,hallusta,hallusta,3,/home/vitus/floently-finnish/apps/backend/practice/data/cards/doctor_cards.json,doctor_6309 || doctor_6310 || doctor_6311
vocabulary_card,doctor,haluta,haluta,3,/home/vitus/floently-finnish/apps/backend/practice/data/cards/doctor_cards.json,doctor_768 || doctor_769 || doctor_770
vocabulary_card,doctor,halvimpien,halvimpien,3,/home/vitus/floently-finnish/apps/backend/practice/data/cards/doctor_cards.json,doctor_7596 || doctor_7597 || doctor_7598
vocabulary_card,doctor,hammasjuuri,hammasjuuri,3,/home/vitus/floently-finnish/apps/backend/practice/data/cards/doctor_cards.json,doctor_11482 || doctor_11483 || doctor_11484
vocabulary_card,doctor,hammaslääkäri,hammaslääkäri,3,/home/vitus/floently-finnish/apps/backend/practice/data/cards/doctor_cards.json,doctor_10052 || doctor_10053 || doctor_10054
vocabulary_card,doctor,hammaslääkäriä,hammaslääkäriä,3,/home/vitus/floently-finnish/apps/backend/practice/data/cards/doctor_cards.json,doctor_9714 || doctor_9715 || doctor_9716
vocabulary_card,doctor,hammasperäinen,hammasperäinen,3,/home/vitus/floently-finnish/apps/backend/practice/data/cards/doctor_cards.json,doctor_4042 || doctor_4043 || doctor_4044
vocabulary_card,doctor,hampaiden,hampaiden,3,/home/vitus/floently-finnish/apps/backend/practice/data/cards/doctor_cards.json,doctor_7396 || doctor_7397 || doctor_7398
vocabulary_card,doctor,hankkia,hankkia,3,/home/vitus/floently-finnish/apps/backend/practice/data/cards/doctor_cards.json,doctor_2692 || doctor_2693 || doctor_2694
vocabulary_card,doctor,hapensaanti,hapensaanti,3,/home/vitus/floently-finnish/apps/backend/practice/data/cards/doctor_cards.json,doctor_3831 || doctor_3832 || doctor_3833
vocabulary_card,doctor,happeutuminen,happeutuminen,3,/home/vitus/floently-finnish/apps/backend/practice/data/cards/doctor_cards.json,doctor_7298 || doctor_7299 || doctor_7300
vocabulary_card,doctor,harjoittaa,harjoittaa,3,/home/vitus/floently-finnish/apps/backend/practice/data/cards/doctor_cards.json,doctor_9307 || doctor_9308 || doctor_9309
vocabulary_card,doctor,harjoittaminen,harjoittaminen,3,/home/vitus/floently-finnish/apps/backend/practice/data/cards/doctor_cards.json,doctor_1894 || doctor_1895 || doctor_1896
vocabulary_card,doctor,harjoittelevia,harjoittelevia,3,/home/vitus/floently-finnish/apps/backend/practice/data/cards/doctor_cards.json,doctor_2700 || doctor_2701 || doctor_2702
vocabulary_card,doctor,harmillinen,harmillinen,3,/home/vitus/floently-finnish/apps/backend/practice/data/cards/doctor_cards.json,doctor_7362 || doctor_7363 || doctor_7364
vocabulary_card,doctor,harrastaa,harrastaa,3,/home/vitus/floently-finnish/apps/backend/practice/data/cards/doctor_cards.json,doctor_10961 || doctor_10962 || doctor_10963
vocabulary_card,doctor,harsoinen,harsoinen,3,/home/vitus/floently-finnish/apps/backend/practice/data/cards/doctor_cards.json,doctor_5518 || doctor_5519 || doctor_5520
vocabulary_card,doctor,harvinainen,harvinainen,3,/home/vitus/floently-finnish/apps/backend/practice/data/cards/doctor_cards.json,doctor_820 || doctor_821 || doctor_822
vocabulary_card,doctor,harvinaisempi,harvinaisempi,3,/home/vitus/floently-finnish/apps/backend/practice/data/cards/doctor_cards.json,doctor_9313 || doctor_9314 || doctor_9315
vocabulary_card,doctor,harvinaisinen,harvinaisinen,3,/home/vitus/floently-finnish/apps/backend/practice/data/cards/doctor_cards.json,doctor_4441 || doctor_4442 || doctor_4443
vocabulary_card,doctor,havaina,havaina,3,/home/vitus/floently-finnish/apps/backend/practice/data/cards/doctor_cards.json,doctor_4366 || doctor_4367 || doctor_4368
vocabulary_card,doctor,havaita,havaita,3,/home/vitus/floently-finnish/apps/backend/practice/data/cards/doctor_cards.json,doctor_360 || doctor_361 || doctor_362
vocabulary_card,doctor,havaitsemaan,havaitsemaan,3,/home/vitus/floently-finnish/apps/backend/practice/data/cards/doctor_cards.json,doctor_9336 || doctor_9337 || doctor_9338
vocabulary_card,doctor,heads,heads,3,/home/vitus/floently-finnish/apps/backend/practice/data/cards/doctor_cards.json,doctor_11333 || doctor_11334 || doctor_11335
vocabulary_card,doctor,health,health,3,/home/vitus/floently-finnish/apps/backend/practice/data/cards/doctor_cards.json,doctor_4159 || doctor_4160 || doctor_4161
vocabulary_card,doctor,healthcare,healthcare,3,/home/vitus/floently-finnish/apps/backend/practice/data/cards/doctor_cards.json,doctor_9416 || doctor_9417 || doctor_9418
vocabulary_card,doctor,heikentyny,heikentyny,3,/home/vitus/floently-finnish/apps/backend/practice/data/cards/doctor_cards.json,doctor_3826 || doctor_3827 || doctor_3828
vocabulary_card,doctor,heikentynyt,heikentynyt,3,/home/vitus/floently-finnish/apps/backend/practice/data/cards/doctor_cards.json,doctor_9913 || doctor_9914 || doctor_9915
vocabulary_card,doctor,heikentävien,heikentävien,3,/home/vitus/floently-finnish/apps/backend/practice/data/cards/doctor_cards.json,doctor_7224 || doctor_7225 || doctor_7226
vocabulary_card,doctor,heikentävä,heikentävä,3,/home/vitus/floently-finnish/apps/backend/practice/data/cards/doctor_cards.json,doctor_6223 || doctor_6224 || doctor_6225
vocabulary_card,doctor,heikkeneä,heikkeneä,3,/home/vitus/floently-finnish/apps/backend/practice/data/cards/doctor_cards.json,doctor_8532 || doctor_8533 || doctor_8534
vocabulary_card,doctor,helping,helping,3,/home/vitus/floently-finnish/apps/backend/practice/data/cards/doctor_cards.json,doctor_10038 || doctor_10039 || doctor_10040
vocabulary_card,doctor,helsinkiläinen,helsinkiläinen,3,/home/vitus/floently-finnish/apps/backend/practice/data/cards/doctor_cards.json,doctor_8125 || doctor_8126 || doctor_8127
vocabulary_card,doctor,hemostaanen,hemostaanen,3,/home/vitus/floently-finnish/apps/backend/practice/data/cards/doctor_cards.json,doctor_7290 || doctor_7291 || doctor_7292
vocabulary_card,doctor,hemostaasia,hemostaasia,3,/home/vitus/floently-finnish/apps/backend/practice/data/cards/doctor_cards.json,doctor_9481 || doctor_9482 || doctor_9483
vocabulary_card,doctor,hemostaasin,hemostaasin,3,/home/vitus/floently-finnish/apps/backend/practice/data/cards/doctor_cards.json,doctor_10496 || doctor_10497 || doctor_10498
vocabulary_card,doctor,hengenvaarallisiakin,hengenvaarallisiakin,3,/home/vitus/floently-finnish/apps/backend/practice/data/cards/doctor_cards.json,doctor_2186 || doctor_2187 || doctor_2188
vocabulary_card,doctor,hengityste,hengityste,3,/home/vitus/floently-finnish/apps/backend/practice/data/cards/doctor_cards.json,doctor_5615 || doctor_5616 || doctor_5617
vocabulary_card,doctor,hengitysteis,hengitysteis,3,/home/vitus/floently-finnish/apps/backend/practice/data/cards/doctor_cards.json,doctor_2312 || doctor_2313 || doctor_2314
vocabulary_card,doctor,hengitysteitä,hengitysteitä,3,/home/vitus/floently-finnish/apps/backend/practice/data/cards/doctor_cards.json,doctor_10649 || doctor_10650 || doctor_10651
vocabulary_card,doctor,hengitysvaikeuknen,hengitysvaikeuknen,3,/home/vitus/floently-finnish/apps/backend/practice/data/cards/doctor_cards.json,doctor_5357 || doctor_5358 || doctor_5359
vocabulary_card,doctor,hengitysvaikeuksi,hengitysvaikeuksi,3,/home/vitus/floently-finnish/apps/backend/practice/data/cards/doctor_cards.json,doctor_8481 || doctor_8482 || doctor_8483
vocabulary_card,doctor,henkeäpelastavista,henkeäpelastavista,3,/home/vitus/floently-finnish/apps/backend/practice/data/cards/doctor_cards.json,doctor_3869 || doctor_3870 || doctor_3871
vocabulary_card,doctor,henkilö,henkilö,3,/home/vitus/floently-finnish/apps/backend/practice/data/cards/doctor_cards.json,doctor_507 || doctor_508 || doctor_509
