id,profession,front,reasons,source,source_path
card.vocab.doctor.elektiivinen.leikkaus.0245,doctor,elektiivinen leikkaus,multiword_vocab_token,published,/home/vitus/floently-finnish/apps/backend/materials/cards/published/kielitaika_normalized_cards.json
card.vocab.doctor.kiireellinen.leikkaus.0278,doctor,kiireellinen leikkaus,multiword_vocab_token,published,/home/vitus/floently-finnish/apps/backend/materials/cards/published/kielitaika_normalized_cards.json
card.vocab.doctor.nayttoon.perustuva.0306,doctor,näyttöön perustuva,multiword_vocab_token,published,/home/vitus/floently-finnish/apps/backend/materials/cards/published/kielitaika_normalized_cards.json
card.vocab.doctor.ottaa.huomioon.0311,doctor,ottaa huomioon,multiword_vocab_token,published,/home/vitus/floently-finnish/apps/backend/materials/cards/published/kielitaika_normalized_cards.json
card.vocab.doctor.ottaa.kantaa.0312,doctor,ottaa kantaa,multiword_vocab_token,published,/home/vitus/floently-finnish/apps/backend/materials/cards/published/kielitaika_normalized_cards.json
card.vocab.doctor.sulkea.pois.0342,doctor,sulkea pois,multiword_vocab_token,published,/home/vitus/floently-finnish/apps/backend/materials/cards/published/kielitaika_normalized_cards.json
card.vocab.doctor.tt.id.0353,doctor,TT,too_short,published,/home/vitus/floently-finnish/apps/backend/materials/cards/published/kielitaika_normalized_cards.json
card.vocab.doctor.tiedolla.johtaminen.0422,doctor,tiedolla johtaminen,multiword_vocab_token,published,/home/vitus/floently-finnish/apps/backend/materials/cards/published/kielitaika_normalized_cards.json
card.vocab.nurse.ei.id.0566,nurse,ei,too_short,published,/home/vitus/floently-finnish/apps/backend/materials/cards/published/kielitaika_normalized_cards.json
card.vocab.nurse.hyvaa.huomenta.0576,nurse,hyvää huomenta,multiword_vocab_token,published,/home/vitus/floently-finnish/apps/backend/materials/cards/published/kielitaika_normalized_cards.json
card.vocab.nurse.hyvaa.iltaa.0577,nurse,hyvää iltaa,multiword_vocab_token,published,/home/vitus/floently-finnish/apps/backend/materials/cards/published/kielitaika_normalized_cards.json
card.vocab.nurse.hyvaa.paivaa.0578,nurse,hyvää päivää,multiword_vocab_token,published,/home/vitus/floently-finnish/apps/backend/materials/cards/published/kielitaika_normalized_cards.json
card.vocab.nurse.hyvaa.yota.0579,nurse,hyvää yötä,multiword_vocab_token,published,/home/vitus/floently-finnish/apps/backend/materials/cards/published/kielitaika_normalized_cards.json
card.vocab.nurse.moi.moi.0617,nurse,moi moi,multiword_vocab_token,published,/home/vitus/floently-finnish/apps/backend/materials/cards/published/kielitaika_normalized_cards.json
card.vocab.nurse.ole.hyva.0623,nurse,ole hyvä,multiword_vocab_token,published,/home/vitus/floently-finnish/apps/backend/materials/cards/published/kielitaika_normalized_cards.json
card.vocab.nurse.yo.id.0669,nurse,yö,too_short,published,/home/vitus/floently-finnish/apps/backend/materials/cards/published/kielitaika_normalized_cards.json
card.vocab.nurse.lahelta.piti.tilanne.1212,nurse,läheltä piti -tilanne,multiword_vocab_token,published,/home/vitus/floently-finnish/apps/backend/materials/cards/published/kielitaika_normalized_cards.json
card.vocab.nurse.nayttoon.perustuva.1230,nurse,näyttöön perustuva,multiword_vocab_token,published,/home/vitus/floently-finnish/apps/backend/materials/cards/published/kielitaika_normalized_cards.json
card.vocab.doctor.elektiivinen.leikkaus.0245,doctor,elektiivinen leikkaus,multiword_vocab_token,published,/home/vitus/floently-finnish/apps/backend/materials/cards/published/professional/doctor/words/b1_b2.json
card.vocab.doctor.kiireellinen.leikkaus.0278,doctor,kiireellinen leikkaus,multiword_vocab_token,published,/home/vitus/floently-finnish/apps/backend/materials/cards/published/professional/doctor/words/b1_b2.json
card.vocab.doctor.nayttoon.perustuva.0306,doctor,näyttöön perustuva,multiword_vocab_token,published,/home/vitus/floently-finnish/apps/backend/materials/cards/published/professional/doctor/words/b1_b2.json
card.vocab.doctor.ottaa.huomioon.0311,doctor,ottaa huomioon,multiword_vocab_token,published,/home/vitus/floently-finnish/apps/backend/materials/cards/published/professional/doctor/words/b1_b2.json
card.vocab.doctor.ottaa.kantaa.0312,doctor,ottaa kantaa,multiword_vocab_token,published,/home/vitus/floently-finnish/apps/backend/materials/cards/published/professional/doctor/words/b1_b2.json
card.vocab.doctor.sulkea.pois.0342,doctor,sulkea pois,multiword_vocab_token,published,/home/vitus/floently-finnish/apps/backend/materials/cards/published/professional/doctor/words/b1_b2.json
card.vocab.doctor.tt.id.0353,doctor,TT,too_short,published,/home/vitus/floently-finnish/apps/backend/materials/cards/published/professional/doctor/words/b1_b2.json
card.vocab.doctor.tiedolla.johtaminen.0422,doctor,tiedolla johtaminen,multiword_vocab_token,published,/home/vitus/floently-finnish/apps/backend/materials/cards/published/professional/doctor/words/c1_c2.json
card.vocab.nurse.ei.id.0566,nurse,ei,too_short,published,/home/vitus/floently-finnish/apps/backend/materials/cards/published/professional/nurse/words/a1_a2.json
card.vocab.nurse.hyvaa.huomenta.0576,nurse,hyvää huomenta,multiword_vocab_token,published,/home/vitus/floently-finnish/apps/backend/materials/cards/published/professional/nurse/words/a1_a2.json
card.vocab.nurse.hyvaa.iltaa.0577,nurse,hyvää iltaa,multiword_vocab_token,published,/home/vitus/floently-finnish/apps/backend/materials/cards/published/professional/nurse/words/a1_a2.json
card.vocab.nurse.hyvaa.paivaa.0578,nurse,hyvää päivää,multiword_vocab_token,published,/home/vitus/floently-finnish/apps/backend/materials/cards/published/professional/nurse/words/a1_a2.json
card.vocab.nurse.hyvaa.yota.0579,nurse,hyvää yötä,multiword_vocab_token,published,/home/vitus/floently-finnish/apps/backend/materials/cards/published/professional/nurse/words/a1_a2.json
card.vocab.nurse.moi.moi.0617,nurse,moi moi,multiword_vocab_token,published,/home/vitus/floently-finnish/apps/backend/materials/cards/published/professional/nurse/words/a1_a2.json
card.vocab.nurse.ole.hyva.0623,nurse,ole hyvä,multiword_vocab_token,published,/home/vitus/floently-finnish/apps/backend/materials/cards/published/professional/nurse/words/a1_a2.json
card.vocab.nurse.yo.id.0669,nurse,yö,too_short,published,/home/vitus/floently-finnish/apps/backend/materials/cards/published/professional/nurse/words/a1_a2.json
card.vocab.nurse.lahelta.piti.tilanne.1212,nurse,läheltä piti -tilanne,multiword_vocab_token,published,/home/vitus/floently-finnish/apps/backend/materials/cards/published/professional/nurse/words/b1_b2.json
card.vocab.nurse.nayttoon.perustuva.1230,nurse,näyttöön perustuva,multiword_vocab_token,published,/home/vitus/floently-finnish/apps/backend/materials/cards/published/professional/nurse/words/b1_b2.json
doctor_3,doctor,"Jos _____ ei voi syödä, hänen on hyvä saada hieman suolaa nesteen mukana.",multiword_vocab_token,legacy,/home/vitus/floently-finnish/apps/backend/practice/data/cards/doctor_cards.json
doctor_4,doctor,"Jos _____ ei voi syödä, hänen on hyvä saada hieman suolaa nesteen mukana.",multiword_vocab_token,legacy,/home/vitus/floently-finnish/apps/backend/practice/data/cards/doctor_cards.json
doctor_8,doctor,Suomea vaivannut _____pula onkin kääntymässä _____en runsauteen,multiword_vocab_token,legacy,/home/vitus/floently-finnish/apps/backend/practice/data/cards/doctor_cards.json
doctor_9,doctor,Suomea vaivannut _____pula onkin kääntymässä _____en runsauteen,multiword_vocab_token,legacy,/home/vitus/floently-finnish/apps/backend/practice/data/cards/doctor_cards.json
doctor_13,doctor,"1700-luvulla kirurgian ja lääketieteen oppialat alkoivat yhdistyä, kun kirurgian harjoittaminen siirtyi välskäreiltä lääkäreiden _____on",digit_in_token|multiword_vocab_token,legacy,/home/vitus/floently-finnish/apps/backend/practice/data/cards/doctor_cards.json
doctor_14,doctor,"1700-luvulla kirurgian ja lääketieteen oppialat alkoivat yhdistyä, kun kirurgian harjoittaminen siirtyi välskäreiltä lääkäreiden _____on",digit_in_token|multiword_vocab_token,legacy,/home/vitus/floently-finnish/apps/backend/practice/data/cards/doctor_cards.json
doctor_18,doctor,"Tämä _____ on usein autoimmuuni_____, jossa keho tuhoaa haiman insuliinia tuottavia beetasoluja",multiword_vocab_token,legacy,/home/vitus/floently-finnish/apps/backend/practice/data/cards/doctor_cards.json
doctor_19,doctor,"Tämä _____ on usein autoimmuuni_____, jossa keho tuhoaa haiman insuliinia tuottavia beetasoluja",multiword_vocab_token,legacy,/home/vitus/floently-finnish/apps/backend/practice/data/cards/doctor_cards.json
doctor_23,doctor,Suusta lähtöisin olevan tulehduksen aiheuttama paine ja luukalvon venytys saattavat _____ kovaa kipua[31],digit_in_token|citation_artifact|multiword_vocab_token,legacy,/home/vitus/floently-finnish/apps/backend/practice/data/cards/doctor_cards.json
doctor_24,doctor,Suusta lähtöisin olevan tulehduksen aiheuttama paine ja luukalvon venytys saattavat _____ kovaa kipua[31],digit_in_token|citation_artifact|multiword_vocab_token,legacy,/home/vitus/floently-finnish/apps/backend/practice/data/cards/doctor_cards.json
doctor_31,doctor,Yhdistelmäehkäisypillereiden yleensä sisältämä etinyyliestradioli lisää _____ten mukaan elimistön matala-asteista tulehdusta[66].,digit_in_token|citation_artifact|multiword_vocab_token,legacy,/home/vitus/floently-finnish/apps/backend/practice/data/cards/doctor_cards.json
doctor_32,doctor,Yhdistelmäehkäisypillereiden yleensä sisältämä etinyyliestradioli lisää _____ten mukaan elimistön matala-asteista tulehdusta[66].,digit_in_token|citation_artifact|multiword_vocab_token,legacy,/home/vitus/floently-finnish/apps/backend/practice/data/cards/doctor_cards.json
doctor_36,doctor,Paksusuolen syöpä todetaan Yhdysvalloissa _____ttain noin yhdellä miljoonasta alle 20-vuotiaasta henkilöstä[27].,digit_in_token|citation_artifact|multiword_vocab_token,legacy,/home/vitus/floently-finnish/apps/backend/practice/data/cards/doctor_cards.json
doctor_37,doctor,Paksusuolen syöpä todetaan Yhdysvalloissa _____ttain noin yhdellä miljoonasta alle 20-vuotiaasta henkilöstä[27].,digit_in_token|citation_artifact|multiword_vocab_token,legacy,/home/vitus/floently-finnish/apps/backend/practice/data/cards/doctor_cards.json
doctor_41,doctor,"Tulehdukseen saattaa _____ kipua etenkin silloin, kun tulehtuneessa kudoksessa on kipuhermopäätteitä.",multiword_vocab_token,legacy,/home/vitus/floently-finnish/apps/backend/practice/data/cards/doctor_cards.json
doctor_42,doctor,"Tulehdukseen saattaa _____ kipua etenkin silloin, kun tulehtuneessa kudoksessa on kipuhermopäätteitä.",multiword_vocab_token,legacy,/home/vitus/floently-finnish/apps/backend/practice/data/cards/doctor_cards.json
doctor_46,doctor,Tieteellisten tutkimusten tuloksiin perustuvaa _____ttä nimitetään näyttöön perustuvaksi lääketieteeksi (evidence based medicine),multiword_vocab_token,legacy,/home/vitus/floently-finnish/apps/backend/practice/data/cards/doctor_cards.json
doctor_47,doctor,Tieteellisten tutkimusten tuloksiin perustuvaa _____ttä nimitetään näyttöön perustuvaksi lääketieteeksi (evidence based medicine),multiword_vocab_token,legacy,/home/vitus/floently-finnish/apps/backend/practice/data/cards/doctor_cards.json
doctor_51,doctor,"Yleisesti masennuksen hoidossa käytetyt SSRI-lääkkeet lisäävät sekä raskausdiabeteksen _____ä että vastasyntyneen varhaisia sopeutumisongelmia, kerrotaan Turun yliopiston tiedotteessa.",multiword_vocab_token,legacy,/home/vitus/floently-finnish/apps/backend/practice/data/cards/doctor_cards.json
doctor_52,doctor,"Yleisesti masennuksen hoidossa käytetyt SSRI-lääkkeet lisäävät sekä raskausdiabeteksen _____ä että vastasyntyneen varhaisia sopeutumisongelmia, kerrotaan Turun yliopiston tiedotteessa.",multiword_vocab_token,legacy,/home/vitus/floently-finnish/apps/backend/practice/data/cards/doctor_cards.json
doctor_56,doctor,"Yleiskunto romahtaa päivän tai kahden _____na varsinkin, jos sairaus johtuu meningokokki- tai pneumokokki-bakteerista.",multiword_vocab_token,legacy,/home/vitus/floently-finnish/apps/backend/practice/data/cards/doctor_cards.json
doctor_57,doctor,"Yleiskunto romahtaa päivän tai kahden _____na varsinkin, jos sairaus johtuu meningokokki- tai pneumokokki-bakteerista.",multiword_vocab_token,legacy,/home/vitus/floently-finnish/apps/backend/practice/data/cards/doctor_cards.json
doctor_61,doctor,Yleisemmin tunnettujen tulehdusvälittäjäaineiden kohonnut pitosuus veressä korreloi miehillä suuremman kuolleisuuden ja suuremman sydän- ja verisuonitautien esiintyvyyden kanssa.[55] Matala-asteisen tulehduksen arviointiin voidaan _____ myös herkän CRP:n tasoa selvittävää laboratoriotutkimusta.[56],digit_in_token|citation_artifact|multiword_vocab_token,legacy,/home/vitus/floently-finnish/apps/backend/practice/data/cards/doctor_cards.json
doctor_62,doctor,Yleisemmin tunnettujen tulehdusvälittäjäaineiden kohonnut pitosuus veressä korreloi miehillä suuremman kuolleisuuden ja suuremman sydän- ja verisuonitautien esiintyvyyden kanssa.[55] Matala-asteisen tulehduksen arviointiin voidaan _____ myös herkän CRP:n tasoa selvittävää laboratoriotutkimusta.[56],digit_in_token|citation_artifact|multiword_vocab_token,legacy,/home/vitus/floently-finnish/apps/backend/practice/data/cards/doctor_cards.json
doctor_66,doctor,"Tässä jutussa kerrotaan, mitä ongelmia sukusiitos aiheuttaa ja mitä tilanteen parantamiseksi _____än.",multiword_vocab_token,legacy,/home/vitus/floently-finnish/apps/backend/practice/data/cards/doctor_cards.json
doctor_67,doctor,"Tässä jutussa kerrotaan, mitä ongelmia sukusiitos aiheuttaa ja mitä tilanteen parantamiseksi _____än.",multiword_vocab_token,legacy,/home/vitus/floently-finnish/apps/backend/practice/data/cards/doctor_cards.json
doctor_71,doctor,Yleensä näiden aiheuttamat _____et paranevat itsestään.,multiword_vocab_token,legacy,/home/vitus/floently-finnish/apps/backend/practice/data/cards/doctor_cards.json
doctor_72,doctor,Yleensä näiden aiheuttamat _____et paranevat itsestään.,multiword_vocab_token,legacy,/home/vitus/floently-finnish/apps/backend/practice/data/cards/doctor_cards.json
doctor_76,doctor,"Yli-Sissalan kehoa skannattiin joka puolelta ja lääkärit pudottelivat prosenttilukuja peräjälkeen: _____riski lähellä 90 prosenttia, periytyvyys 50 prosenttia.",digit_in_token|multiword_vocab_token,legacy,/home/vitus/floently-finnish/apps/backend/practice/data/cards/doctor_cards.json
doctor_77,doctor,"Yli-Sissalan kehoa skannattiin joka puolelta ja lääkärit pudottelivat prosenttilukuja peräjälkeen: _____riski lähellä 90 prosenttia, periytyvyys 50 prosenttia.",digit_in_token|multiword_vocab_token,legacy,/home/vitus/floently-finnish/apps/backend/practice/data/cards/doctor_cards.json
doctor_81,doctor,Kuumetta ja särkyä voi tarvittaessa lievittää _____kipulääkkeillä tai parasetamolilla,multiword_vocab_token,legacy,/home/vitus/floently-finnish/apps/backend/practice/data/cards/doctor_cards.json
doctor_82,doctor,Kuumetta ja särkyä voi tarvittaessa lievittää _____kipulääkkeillä tai parasetamolilla,multiword_vocab_token,legacy,/home/vitus/floently-finnish/apps/backend/practice/data/cards/doctor_cards.json
doctor_86,doctor,"Jos tälle koko potille laitetaan yläraja, joka on sata euroa, ja josta yksityinen terveydenhuollon tarjoaja haluaa _____ sen oman pottinsa… laboratoriokokeista saa tietyn summan, mutta miten loppusumma jyvitetään, niin ymmärrän huolen tietyllä tavalla.",multiword_vocab_token,legacy,/home/vitus/floently-finnish/apps/backend/practice/data/cards/doctor_cards.json
doctor_87,doctor,"Jos tälle koko potille laitetaan yläraja, joka on sata euroa, ja josta yksityinen terveydenhuollon tarjoaja haluaa _____ sen oman pottinsa… laboratoriokokeista saa tietyn summan, mutta miten loppusumma jyvitetään, niin ymmärrän huolen tietyllä tavalla.",multiword_vocab_token,legacy,/home/vitus/floently-finnish/apps/backend/practice/data/cards/doctor_cards.json
doctor_91,doctor,"Erotusdiagnoosi on käsite, jota käytetään tiettyä tautia haettaessa sisältäen ne vaihtoehdot, jotka voisivat myös samantapaisella oireistolla _____ kyseeseen",multiword_vocab_token,legacy,/home/vitus/floently-finnish/apps/backend/practice/data/cards/doctor_cards.json
doctor_92,doctor,"Erotusdiagnoosi on käsite, jota käytetään tiettyä tautia haettaessa sisältäen ne vaihtoehdot, jotka voisivat myös samantapaisella oireistolla _____ kyseeseen",multiword_vocab_token,legacy,/home/vitus/floently-finnish/apps/backend/practice/data/cards/doctor_cards.json
doctor_96,doctor,– Lääkkeen käyttö pitäisi suunnitella pitkäaikaiseksi _____ksi hoitoprosessia,multiword_vocab_token,legacy,/home/vitus/floently-finnish/apps/backend/practice/data/cards/doctor_cards.json
doctor_97,doctor,– Lääkkeen käyttö pitäisi suunnitella pitkäaikaiseksi _____ksi hoitoprosessia,multiword_vocab_token,legacy,/home/vitus/floently-finnish/apps/backend/practice/data/cards/doctor_cards.json
doctor_107,doctor,Ennen nykyisiä hoitokeinoja oli hyvin _____ vaara että potilas vuosi kuiviin ennen hoitoa tai leikkauksen aikana,multiword_vocab_token,legacy,/home/vitus/floently-finnish/apps/backend/practice/data/cards/doctor_cards.json
doctor_108,doctor,Ennen nykyisiä hoitokeinoja oli hyvin _____ vaara että potilas vuosi kuiviin ennen hoitoa tai leikkauksen aikana,multiword_vocab_token,legacy,/home/vitus/floently-finnish/apps/backend/practice/data/cards/doctor_cards.json
doctor_112,doctor,"Hoitojakson syynä oli sairaus, jonka ilmaantuminen saattaa johtua siitä, että _____ ei ollut ottanut kaikkia hänelle määrättyjä lääkkeitä.",multiword_vocab_token,legacy,/home/vitus/floently-finnish/apps/backend/practice/data/cards/doctor_cards.json
doctor_113,doctor,"Hoitojakson syynä oli sairaus, jonka ilmaantuminen saattaa johtua siitä, että _____ ei ollut ottanut kaikkia hänelle määrättyjä lääkkeitä.",multiword_vocab_token,legacy,/home/vitus/floently-finnish/apps/backend/practice/data/cards/doctor_cards.json
doctor_117,doctor,Lähes joka toinen _____ sairastuu nykyaikana syöpään,multiword_vocab_token,legacy,/home/vitus/floently-finnish/apps/backend/practice/data/cards/doctor_cards.json
doctor_118,doctor,Lähes joka toinen _____ sairastuu nykyaikana syöpään,multiword_vocab_token,legacy,/home/vitus/floently-finnish/apps/backend/practice/data/cards/doctor_cards.json
doctor_122,doctor,"Kelan tilastot vahvistavat, että yksityiset lääkärit kirjoittavat yli 60 _____a uusien lihavuuslääkkeiden resepteistä",digit_in_token|multiword_vocab_token,legacy,/home/vitus/floently-finnish/apps/backend/practice/data/cards/doctor_cards.json
doctor_123,doctor,"Kelan tilastot vahvistavat, että yksityiset lääkärit kirjoittavat yli 60 _____a uusien lihavuuslääkkeiden resepteistä",digit_in_token|multiword_vocab_token,legacy,/home/vitus/floently-finnish/apps/backend/practice/data/cards/doctor_cards.json
doctor_127,doctor,Osalle lääkäreistäkin harvi_____ geenivirhe tuntui olevan uusi ja outo asia.,multiword_vocab_token,legacy,/home/vitus/floently-finnish/apps/backend/practice/data/cards/doctor_cards.json
doctor_128,doctor,Osalle lääkäreistäkin harvi_____ geenivirhe tuntui olevan uusi ja outo asia.,multiword_vocab_token,legacy,/home/vitus/floently-finnish/apps/backend/practice/data/cards/doctor_cards.json
doctor_132,doctor,Tulehdus voi _____ lisäksi allergeeneista tai elimistölle vahingollisista aineista,multiword_vocab_token,legacy,/home/vitus/floently-finnish/apps/backend/practice/data/cards/doctor_cards.json
doctor_133,doctor,Tulehdus voi _____ lisäksi allergeeneista tai elimistölle vahingollisista aineista,multiword_vocab_token,legacy,/home/vitus/floently-finnish/apps/backend/practice/data/cards/doctor_cards.json
doctor_137,doctor,"Ennen _____a Mika täytti esitietolomakkeen, jossa kysytään muun muassa, onko potilas käynyt vastikään verikokeissa tai onko suvussa ollut kilpirauhasen syöpää.",multiword_vocab_token,legacy,/home/vitus/floently-finnish/apps/backend/practice/data/cards/doctor_cards.json
doctor_138,doctor,"Ennen _____a Mika täytti esitietolomakkeen, jossa kysytään muun muassa, onko potilas käynyt vastikään verikokeissa tai onko suvussa ollut kilpirauhasen syöpää.",multiword_vocab_token,legacy,/home/vitus/floently-finnish/apps/backend/practice/data/cards/doctor_cards.json
doctor_142,doctor,"– Tällä kertaa onneksi _____ siltä, että sairastumisia ei tästä johtuen ole ilmennyt, hän sanoo.",multiword_vocab_token,legacy,/home/vitus/floently-finnish/apps/backend/practice/data/cards/doctor_cards.json
doctor_143,doctor,"– Tällä kertaa onneksi _____ siltä, että sairastumisia ei tästä johtuen ole ilmennyt, hän sanoo.",multiword_vocab_token,legacy,/home/vitus/floently-finnish/apps/backend/practice/data/cards/doctor_cards.json
doctor_147,doctor,"Pihlajalinnan _____ johtaja Sari Riihijärvi kirjoittaa sähköpostitse, että heille on tärkeää olla mukana parantamassa hoitoon pääsyä.",multiword_vocab_token,legacy,/home/vitus/floently-finnish/apps/backend/practice/data/cards/doctor_cards.json
doctor_148,doctor,"Pihlajalinnan _____ johtaja Sari Riihijärvi kirjoittaa sähköpostitse, että heille on tärkeää olla mukana parantamassa hoitoon pääsyä.",multiword_vocab_token,legacy,/home/vitus/floently-finnish/apps/backend/practice/data/cards/doctor_cards.json
doctor_152,doctor,"Siksi sitä sanotaan joskus virheellisesti lapsuus- tai nuoruusiän diabetekseksi, vaikka se voi _____ missä iässä tahansa",multiword_vocab_token,legacy,/home/vitus/floently-finnish/apps/backend/practice/data/cards/doctor_cards.json
doctor_153,doctor,"Siksi sitä sanotaan joskus virheellisesti lapsuus- tai nuoruusiän diabetekseksi, vaikka se voi _____ missä iässä tahansa",multiword_vocab_token,legacy,/home/vitus/floently-finnish/apps/backend/practice/data/cards/doctor_cards.json
doctor_157,doctor,"Ennen vastaanottoa Mika täytti esi_____lomakkeen, jossa kysytään muun muassa, onko potilas käynyt vastikään verikokeissa tai onko suvussa ollut kilpirauhasen syöpää.",multiword_vocab_token,legacy,/home/vitus/floently-finnish/apps/backend/practice/data/cards/doctor_cards.json
doctor_158,doctor,"Ennen vastaanottoa Mika täytti esi_____lomakkeen, jossa kysytään muun muassa, onko potilas käynyt vastikään verikokeissa tai onko suvussa ollut kilpirauhasen syöpää.",multiword_vocab_token,legacy,/home/vitus/floently-finnish/apps/backend/practice/data/cards/doctor_cards.json
doctor_162,doctor,"Leikkauksia suoritetaan myös muilla erikoisaloilla, kuten gynekologian, silmä_____en ja korva-, nenä- ja kurkku_____en aloilla",multiword_vocab_token,legacy,/home/vitus/floently-finnish/apps/backend/practice/data/cards/doctor_cards.json
doctor_163,doctor,"Leikkauksia suoritetaan myös muilla erikoisaloilla, kuten gynekologian, silmä_____en ja korva-, nenä- ja kurkku_____en aloilla",multiword_vocab_token,legacy,/home/vitus/floently-finnish/apps/backend/practice/data/cards/doctor_cards.json
doctor_167,doctor,"Tässä jutussa kerrotaan, voiko potilas luottaa esimerkiksi Latviassa tai R_____niassa koulutetun lääkärin ammattitaitoon",multiword_vocab_token,legacy,/home/vitus/floently-finnish/apps/backend/practice/data/cards/doctor_cards.json
doctor_168,doctor,"Tässä jutussa kerrotaan, voiko potilas luottaa esimerkiksi Latviassa tai R_____niassa koulutetun lääkärin ammattitaitoon",multiword_vocab_token,legacy,/home/vitus/floently-finnish/apps/backend/practice/data/cards/doctor_cards.json
doctor_172,doctor,"On kuitenkin havaittu, että täsmälleen sama oireisto saattaa _____ miespotilaiden kohdalla naispotilaita useammin oikeaan diagnoosiin",multiword_vocab_token,legacy,/home/vitus/floently-finnish/apps/backend/practice/data/cards/doctor_cards.json
doctor_173,doctor,"On kuitenkin havaittu, että täsmälleen sama oireisto saattaa _____ miespotilaiden kohdalla naispotilaita useammin oikeaan diagnoosiin",multiword_vocab_token,legacy,/home/vitus/floently-finnish/apps/backend/practice/data/cards/doctor_cards.json
doctor_177,doctor,Britannian tartunnat ovat B-_____ä.,multiword_vocab_token,legacy,/home/vitus/floently-finnish/apps/backend/practice/data/cards/doctor_cards.json
doctor_178,doctor,Britannian tartunnat ovat B-_____ä.,multiword_vocab_token,legacy,/home/vitus/floently-finnish/apps/backend/practice/data/cards/doctor_cards.json
doctor_182,doctor,"Bernin ja Minnesotan _____jen yhteisessä tutkimuksessa löydettiin perinnöllinen yhteys sairauteen, jossa koirille kehittyy hermostollisia häiriöitä",multiword_vocab_token,legacy,/home/vitus/floently-finnish/apps/backend/practice/data/cards/doctor_cards.json
doctor_183,doctor,"Bernin ja Minnesotan _____jen yhteisessä tutkimuksessa löydettiin perinnöllinen yhteys sairauteen, jossa koirille kehittyy hermostollisia häiriöitä",multiword_vocab_token,legacy,/home/vitus/floently-finnish/apps/backend/practice/data/cards/doctor_cards.json
doctor_187,doctor,"Kun suomalainen menee lääkäriin, häntä _____ yhä useammin ulkomailla koulutettu lääkäri.",multiword_vocab_token,legacy,/home/vitus/floently-finnish/apps/backend/practice/data/cards/doctor_cards.json
doctor_188,doctor,"Kun suomalainen menee lääkäriin, häntä _____ yhä useammin ulkomailla koulutettu lääkäri.",multiword_vocab_token,legacy,/home/vitus/floently-finnish/apps/backend/practice/data/cards/doctor_cards.json
doctor_192,doctor,"Syövän toteamiseen, syövän levinnei_____teen, hoitojen onnistumisen selvittämiseen sekä syövän seurantaan käytetään usein radiologisia kuvantamismenetelmiä",multiword_vocab_token,legacy,/home/vitus/floently-finnish/apps/backend/practice/data/cards/doctor_cards.json
doctor_193,doctor,"Syövän toteamiseen, syövän levinnei_____teen, hoitojen onnistumisen selvittämiseen sekä syövän seurantaan käytetään usein radiologisia kuvantamismenetelmiä",multiword_vocab_token,legacy,/home/vitus/floently-finnish/apps/backend/practice/data/cards/doctor_cards.json
doctor_197,doctor,"Viivästyneitä haittavaikutuksia ovat muun muassa verenpurkaumat, laskimotukokset, imunestekertymä, infektio tai vaivan, esimerkiksi tyrän, _____utuminen.[24]",digit_in_token|citation_artifact|multiword_vocab_token,legacy,/home/vitus/floently-finnish/apps/backend/practice/data/cards/doctor_cards.json
doctor_198,doctor,"Viivästyneitä haittavaikutuksia ovat muun muassa verenpurkaumat, laskimotukokset, imunestekertymä, infektio tai vaivan, esimerkiksi tyrän, _____utuminen.[24]",digit_in_token|citation_artifact|multiword_vocab_token,legacy,/home/vitus/floently-finnish/apps/backend/practice/data/cards/doctor_cards.json
doctor_202,doctor,Tällaisia ovat esimerkiksi jonkin lääkkeen niin sanottu off label -_____.[10] Muunlainen näyttöön perustumaton hoito määritellään nykyisin uskomuslääkinnäksi[11].,digit_in_token|citation_artifact|multiword_vocab_token,legacy,/home/vitus/floently-finnish/apps/backend/practice/data/cards/doctor_cards.json
doctor_203,doctor,Tällaisia ovat esimerkiksi jonkin lääkkeen niin sanottu off label -_____.[10] Muunlainen näyttöön perustumaton hoito määritellään nykyisin uskomuslääkinnäksi[11].,digit_in_token|citation_artifact|multiword_vocab_token,legacy,/home/vitus/floently-finnish/apps/backend/practice/data/cards/doctor_cards.json
doctor_207,doctor,"Sitä ennen hän haluaa varmistaa alkiodiagnostiikan avulla, ettei _____ perisi äitinsä geenivirhettä.",multiword_vocab_token,legacy,/home/vitus/floently-finnish/apps/backend/practice/data/cards/doctor_cards.json
doctor_208,doctor,"Sitä ennen hän haluaa varmistaa alkiodiagnostiikan avulla, ettei _____ perisi äitinsä geenivirhettä.",multiword_vocab_token,legacy,/home/vitus/floently-finnish/apps/backend/practice/data/cards/doctor_cards.json
doctor_212,doctor,Myös perinnölliset tekijät lisäävät merkittävästi alttiutta _____,multiword_vocab_token,legacy,/home/vitus/floently-finnish/apps/backend/practice/data/cards/doctor_cards.json
doctor_213,doctor,Myös perinnölliset tekijät lisäävät merkittävästi alttiutta _____,multiword_vocab_token,legacy,/home/vitus/floently-finnish/apps/backend/practice/data/cards/doctor_cards.json
doctor_217,doctor,Suomen viidessä lääketieteellisessä tiedekunnassa koulutetaan sen verran lääkäreitä kuin täällä _____an tulevaisuudessa tarvittavan,multiword_vocab_token,legacy,/home/vitus/floently-finnish/apps/backend/practice/data/cards/doctor_cards.json
doctor_218,doctor,Suomen viidessä lääketieteellisessä tiedekunnassa koulutetaan sen verran lääkäreitä kuin täällä _____an tulevaisuudessa tarvittavan,multiword_vocab_token,legacy,/home/vitus/floently-finnish/apps/backend/practice/data/cards/doctor_cards.json
doctor_222,doctor,"Malmin mukaan _____ raskausdiabetekseen vaatii vielä lisää tutkimuksia, jotta syy-seuraussuhteet ja taustalla olevat biologiset mekanismit ymmärrettäsiin paremmin.",multiword_vocab_token,legacy,/home/vitus/floently-finnish/apps/backend/practice/data/cards/doctor_cards.json
doctor_223,doctor,"Malmin mukaan _____ raskausdiabetekseen vaatii vielä lisää tutkimuksia, jotta syy-seuraussuhteet ja taustalla olevat biologiset mekanismit ymmärrettäsiin paremmin.",multiword_vocab_token,legacy,/home/vitus/floently-finnish/apps/backend/practice/data/cards/doctor_cards.json
doctor_227,doctor,"On kuitenkin havaittu, että täsmälleen sama oireisto saattaa johtaa miespotilaiden kohdalla naispotilaita useammin oikeaan _____in",multiword_vocab_token,legacy,/home/vitus/floently-finnish/apps/backend/practice/data/cards/doctor_cards.json
doctor_228,doctor,"On kuitenkin havaittu, että täsmälleen sama oireisto saattaa johtaa miespotilaiden kohdalla naispotilaita useammin oikeaan _____in",multiword_vocab_token,legacy,/home/vitus/floently-finnish/apps/backend/practice/data/cards/doctor_cards.json
doctor_232,doctor,Jarullinin mielestä potilaan voi _____ myös chatissa.,multiword_vocab_token,legacy,/home/vitus/floently-finnish/apps/backend/practice/data/cards/doctor_cards.json
doctor_233,doctor,Jarullinin mielestä potilaan voi _____ myös chatissa.,multiword_vocab_token,legacy,/home/vitus/floently-finnish/apps/backend/practice/data/cards/doctor_cards.json
doctor_237,doctor,Tietyissä tilanteissa kirurgiset toimenpiteet ovat ainoa _____ hoito ja leikkaus ei käytännössä ole vältettävissä,multiword_vocab_token,legacy,/home/vitus/floently-finnish/apps/backend/practice/data/cards/doctor_cards.json
doctor_238,doctor,Tietyissä tilanteissa kirurgiset toimenpiteet ovat ainoa _____ hoito ja leikkaus ei käytännössä ole vältettävissä,multiword_vocab_token,legacy,/home/vitus/floently-finnish/apps/backend/practice/data/cards/doctor_cards.json
doctor_242,doctor,Miehet saavat samoilla sydänoireilla oikean diagnoosin kolme kertaa _____mmin kuin naiset,multiword_vocab_token,legacy,/home/vitus/floently-finnish/apps/backend/practice/data/cards/doctor_cards.json
doctor_243,doctor,Miehet saavat samoilla sydänoireilla oikean diagnoosin kolme kertaa _____mmin kuin naiset,multiword_vocab_token,legacy,/home/vitus/floently-finnish/apps/backend/practice/data/cards/doctor_cards.json
doctor_247,doctor,"Pihlajalinnan lääketieteellinen johtaja Sari Riihijärvi kirjoittaa sähköpostitse, että heille on _____ä olla mukana parantamassa hoitoon pääsyä.",multiword_vocab_token,legacy,/home/vitus/floently-finnish/apps/backend/practice/data/cards/doctor_cards.json
doctor_248,doctor,"Pihlajalinnan lääketieteellinen johtaja Sari Riihijärvi kirjoittaa sähköpostitse, että heille on _____ä olla mukana parantamassa hoitoon pääsyä.",multiword_vocab_token,legacy,/home/vitus/floently-finnish/apps/backend/practice/data/cards/doctor_cards.json
doctor_252,doctor,"Hoidon riskejä ovat myös hoitovirheet, esimerkiksi _____välineiden jääminen potilaan sisään",multiword_vocab_token,legacy,/home/vitus/floently-finnish/apps/backend/practice/data/cards/doctor_cards.json
doctor_253,doctor,"Hoidon riskejä ovat myös hoitovirheet, esimerkiksi _____välineiden jääminen potilaan sisään",multiword_vocab_token,legacy,/home/vitus/floently-finnish/apps/backend/practice/data/cards/doctor_cards.json
doctor_257,doctor,"Tämän rinnalla voi _____ myös lääkekuuri, jos lääkäri niin arvioi.",multiword_vocab_token,legacy,/home/vitus/floently-finnish/apps/backend/practice/data/cards/doctor_cards.json
doctor_258,doctor,"Tämän rinnalla voi _____ myös lääkekuuri, jos lääkäri niin arvioi.",multiword_vocab_token,legacy,/home/vitus/floently-finnish/apps/backend/practice/data/cards/doctor_cards.json
doctor_262,doctor,"Tällainen diagnostiikka_____ ei ollut kuitenkaan Suomessa juurikaan aiemmin käytössä, nykyään se tosin lienee huomattavasti lisääntynyt",multiword_vocab_token,legacy,/home/vitus/floently-finnish/apps/backend/practice/data/cards/doctor_cards.json
doctor_263,doctor,"Tällainen diagnostiikka_____ ei ollut kuitenkaan Suomessa juurikaan aiemmin käytössä, nykyään se tosin lienee huomattavasti lisääntynyt",multiword_vocab_token,legacy,/home/vitus/floently-finnish/apps/backend/practice/data/cards/doctor_cards.json
doctor_267,doctor,"Immuunihoitoja käytetään useiden _____laisten syöpien hoidossa, joiden joukossa ovat muun muassa keuhkosyöpä, virtsarakon syöpä, rintasyöpä, melanooma, gynekologiset syövät ja munuaissyöpä.lähde?",multiword_vocab_token,legacy,/home/vitus/floently-finnish/apps/backend/practice/data/cards/doctor_cards.json
doctor_268,doctor,"Immuunihoitoja käytetään useiden _____laisten syöpien hoidossa, joiden joukossa ovat muun muassa keuhkosyöpä, virtsarakon syöpä, rintasyöpä, melanooma, gynekologiset syövät ja munuaissyöpä.lähde?",multiword_vocab_token,legacy,/home/vitus/floently-finnish/apps/backend/practice/data/cards/doctor_cards.json
doctor_272,doctor,"Kyseinen termi otettiin käyttöön vuonna 1992, jolloin Evidence-Based Medicine Working Group -niminen asiantuntijaryhmä suositteli, että lääkäreiden koulutuksen ja hoitovalintojen pitäisi _____ tieteelliseen tutkimusnäyttöön sen sijaan, että lääkärit luottaisivat vain omaan intuitioonsa, päättelyynsä tai kliiniseen kokemukseensa",digit_in_token|multiword_vocab_token,legacy,/home/vitus/floently-finnish/apps/backend/practice/data/cards/doctor_cards.json
doctor_273,doctor,"Kyseinen termi otettiin käyttöön vuonna 1992, jolloin Evidence-Based Medicine Working Group -niminen asiantuntijaryhmä suositteli, että lääkäreiden koulutuksen ja hoitovalintojen pitäisi _____ tieteelliseen tutkimusnäyttöön sen sijaan, että lääkärit luottaisivat vain omaan intuitioonsa, päättelyynsä tai kliiniseen kokemukseensa",digit_in_token|multiword_vocab_token,legacy,/home/vitus/floently-finnish/apps/backend/practice/data/cards/doctor_cards.json
doctor_277,doctor,"Jos tälle koko potille laitetaan yläraja, joka on sata euroa, ja josta _____ terveydenhuollon tarjoaja haluaa saada sen oman pottinsa… laboratoriokokeista saa tietyn summan, mutta miten loppusumma jyvitetään, niin ymmärrän huolen tietyllä tavalla.",multiword_vocab_token,legacy,/home/vitus/floently-finnish/apps/backend/practice/data/cards/doctor_cards.json
doctor_278,doctor,"Jos tälle koko potille laitetaan yläraja, joka on sata euroa, ja josta _____ terveydenhuollon tarjoaja haluaa saada sen oman pottinsa… laboratoriokokeista saa tietyn summan, mutta miten loppusumma jyvitetään, niin ymmärrän huolen tietyllä tavalla.",multiword_vocab_token,legacy,/home/vitus/floently-finnish/apps/backend/practice/data/cards/doctor_cards.json
doctor_285,doctor,"1700-luvulla kirurgian ja _____tieteen oppialat alkoivat yhdistyä, kun kirurgian harjoittaminen siirtyi välskäreiltä lääkäreiden hoitoon",digit_in_token|multiword_vocab_token,legacy,/home/vitus/floently-finnish/apps/backend/practice/data/cards/doctor_cards.json
doctor_286,doctor,"1700-luvulla kirurgian ja _____tieteen oppialat alkoivat yhdistyä, kun kirurgian harjoittaminen siirtyi välskäreiltä lääkäreiden hoitoon",digit_in_token|multiword_vocab_token,legacy,/home/vitus/floently-finnish/apps/backend/practice/data/cards/doctor_cards.json
doctor_290,doctor,"Myös tutkittavan oma raskaaksituloikä sekä 23-vuotiaana selvitetty koulutustaso, ammattiasema, aikuisiän mielen_____ongelmat ja päihteiden käyttö otettiin huomioon tuloksessa.[28]",digit_in_token|citation_artifact|multiword_vocab_token,legacy,/home/vitus/floently-finnish/apps/backend/practice/data/cards/doctor_cards.json
doctor_291,doctor,"Myös tutkittavan oma raskaaksituloikä sekä 23-vuotiaana selvitetty koulutustaso, ammattiasema, aikuisiän mielen_____ongelmat ja päihteiden käyttö otettiin huomioon tuloksessa.[28]",digit_in_token|citation_artifact|multiword_vocab_token,legacy,/home/vitus/floently-finnish/apps/backend/practice/data/cards/doctor_cards.json
doctor_295,doctor,Asetuksen mukaan lääkärin _____ tutkia potilas tai muutoin varmistua lääkehoidon tarpeesta,multiword_vocab_token,legacy,/home/vitus/floently-finnish/apps/backend/practice/data/cards/doctor_cards.json
doctor_296,doctor,Asetuksen mukaan lääkärin _____ tutkia potilas tai muutoin varmistua lääkehoidon tarpeesta,multiword_vocab_token,legacy,/home/vitus/floently-finnish/apps/backend/practice/data/cards/doctor_cards.json
doctor_300,doctor,Syöpädiagnoosi oli vaikea _____ vastaan.,multiword_vocab_token,legacy,/home/vitus/floently-finnish/apps/backend/practice/data/cards/doctor_cards.json
doctor_301,doctor,Syöpädiagnoosi oli vaikea _____ vastaan.,multiword_vocab_token,legacy,/home/vitus/floently-finnish/apps/backend/practice/data/cards/doctor_cards.json
doctor_305,doctor,Tutkimuksen aineisto perustuu vanhemmille tehtyyn kyselyyn nuorten adhd-oireista sekä kaksikymmentä vuotta kestäneeseen rekisteriseur_____n nuorten myöhemmistä psykiatrisista diagnooseista.,multiword_vocab_token,legacy,/home/vitus/floently-finnish/apps/backend/practice/data/cards/doctor_cards.json
doctor_306,doctor,Tutkimuksen aineisto perustuu vanhemmille tehtyyn kyselyyn nuorten adhd-oireista sekä kaksikymmentä vuotta kestäneeseen rekisteriseur_____n nuorten myöhemmistä psykiatrisista diagnooseista.,multiword_vocab_token,legacy,/home/vitus/floently-finnish/apps/backend/practice/data/cards/doctor_cards.json
doctor_310,doctor,Diagnoosi _____ oireiden perusteella tehtyä päätelmää niitä aiheuttavasta sairaudesta,multiword_vocab_token,legacy,/home/vitus/floently-finnish/apps/backend/practice/data/cards/doctor_cards.json
doctor_311,doctor,Diagnoosi _____ oireiden perusteella tehtyä päätelmää niitä aiheuttavasta sairaudesta,multiword_vocab_token,legacy,/home/vitus/floently-finnish/apps/backend/practice/data/cards/doctor_cards.json
doctor_315,doctor,Tulehdus voi johtua lisäksi allergeeneista tai _____lle vahingollisista aineista,multiword_vocab_token,legacy,/home/vitus/floently-finnish/apps/backend/practice/data/cards/doctor_cards.json
doctor_316,doctor,Tulehdus voi johtua lisäksi allergeeneista tai _____lle vahingollisista aineista,multiword_vocab_token,legacy,/home/vitus/floently-finnish/apps/backend/practice/data/cards/doctor_cards.json
doctor_320,doctor,Metsähallitus seuraa nyt tauti_____tta aktiivisesti ja pyytää retkeilijöitä myös ilmoittamaan mahdollisesta vatsataudista luontoon.fi -palvelun palautesivulla,multiword_vocab_token,legacy,/home/vitus/floently-finnish/apps/backend/practice/data/cards/doctor_cards.json
doctor_321,doctor,Metsähallitus seuraa nyt tauti_____tta aktiivisesti ja pyytää retkeilijöitä myös ilmoittamaan mahdollisesta vatsataudista luontoon.fi -palvelun palautesivulla,multiword_vocab_token,legacy,/home/vitus/floently-finnish/apps/backend/practice/data/cards/doctor_cards.json
doctor_325,doctor,"Vierasesineinfektioita voi _____ lääkinnällisiin laitteisiin, joihin kuuluvat esim",multiword_vocab_token,legacy,/home/vitus/floently-finnish/apps/backend/practice/data/cards/doctor_cards.json
doctor_326,doctor,"Vierasesineinfektioita voi _____ lääkinnällisiin laitteisiin, joihin kuuluvat esim",multiword_vocab_token,legacy,/home/vitus/floently-finnish/apps/backend/practice/data/cards/doctor_cards.json
doctor_333,doctor,"Diabetes lisää esimerkiksi infektioalttiutta[2] ja verisuonivaurioita, mikä johtaa esimerkiksi valtimokovettumataudin ja muiden sydän- ja verisuoni_____en sekä impotenssin riskin lisääntymiseen.[2] Diabetes saattaa aiheuttaa myös Alzheimerin tautia ja muita dementia_____a[9].",digit_in_token|citation_artifact|multiword_vocab_token,legacy,/home/vitus/floently-finnish/apps/backend/practice/data/cards/doctor_cards.json
doctor_334,doctor,"Diabetes lisää esimerkiksi infektioalttiutta[2] ja verisuonivaurioita, mikä johtaa esimerkiksi valtimokovettumataudin ja muiden sydän- ja verisuoni_____en sekä impotenssin riskin lisääntymiseen.[2] Diabetes saattaa aiheuttaa myös Alzheimerin tautia ja muita dementia_____a[9].",digit_in_token|citation_artifact|multiword_vocab_token,legacy,/home/vitus/floently-finnish/apps/backend/practice/data/cards/doctor_cards.json
doctor_338,doctor,Ravitsemusterapeutti Reijo Laatikaisen mukaan tulehduksesta kertovaa _____a CRP-arvoa voi pienentää ruokavaliomuutoksin jopa kolmanneksella,multiword_vocab_token,legacy,/home/vitus/floently-finnish/apps/backend/practice/data/cards/doctor_cards.json
doctor_339,doctor,Ravitsemusterapeutti Reijo Laatikaisen mukaan tulehduksesta kertovaa _____a CRP-arvoa voi pienentää ruokavaliomuutoksin jopa kolmanneksella,multiword_vocab_token,legacy,/home/vitus/floently-finnish/apps/backend/practice/data/cards/doctor_cards.json
doctor_343,doctor,"Kuten Terveystalo, myös yrittäjänä toimiva ammatinharjoittaja on joutunut viime aikoina kohtaamaan muuttuneen markkinatilanteen ja kustannuspaineen, Terveystalon viestinnästä _____an.",multiword_vocab_token,legacy,/home/vitus/floently-finnish/apps/backend/practice/data/cards/doctor_cards.json
doctor_344,doctor,"Kuten Terveystalo, myös yrittäjänä toimiva ammatinharjoittaja on joutunut viime aikoina kohtaamaan muuttuneen markkinatilanteen ja kustannuspaineen, Terveystalon viestinnästä _____an.",multiword_vocab_token,legacy,/home/vitus/floently-finnish/apps/backend/practice/data/cards/doctor_cards.json
doctor_348,doctor,Tästä syystä vastaanotot eivät ole kovin houkuttelevia keikkoja _____na toimiville lääkäreille.,multiword_vocab_token,legacy,/home/vitus/floently-finnish/apps/backend/practice/data/cards/doctor_cards.json
doctor_349,doctor,Tästä syystä vastaanotot eivät ole kovin houkuttelevia keikkoja _____na toimiville lääkäreille.,multiword_vocab_token,legacy,/home/vitus/floently-finnish/apps/backend/practice/data/cards/doctor_cards.json
doctor_353,doctor,"Yle aamussa vieraillut Kelan asiantuntijalääkäri Pia Pajunen kuitenkin huomauttaa, että _____ on elintapasairaus, jota pitäisi hoitaa pitkäaikaisella elintapamuutoksella",multiword_vocab_token,legacy,/home/vitus/floently-finnish/apps/backend/practice/data/cards/doctor_cards.json
doctor_354,doctor,"Yle aamussa vieraillut Kelan asiantuntijalääkäri Pia Pajunen kuitenkin huomauttaa, että _____ on elintapasairaus, jota pitäisi hoitaa pitkäaikaisella elintapamuutoksella",multiword_vocab_token,legacy,/home/vitus/floently-finnish/apps/backend/practice/data/cards/doctor_cards.json
doctor_358,doctor,Lääkärin chattivastaanotto kesti reilut viisi _____a,multiword_vocab_token,legacy,/home/vitus/floently-finnish/apps/backend/practice/data/cards/doctor_cards.json
doctor_359,doctor,Lääkärin chattivastaanotto kesti reilut viisi _____a,multiword_vocab_token,legacy,/home/vitus/floently-finnish/apps/backend/practice/data/cards/doctor_cards.json
doctor_369,doctor,"Lääkäriliiton hallituksen puheenjohtaja Niina Koivuviita sanoo, että yhtenä huolenaiheena oli, että kokeilu houkuttelisi yhä useamman lääkärin vaihtamaan julkiselta sektorilta yksityiselle _____lle.",multiword_vocab_token,legacy,/home/vitus/floently-finnish/apps/backend/practice/data/cards/doctor_cards.json
doctor_370,doctor,"Lääkäriliiton hallituksen puheenjohtaja Niina Koivuviita sanoo, että yhtenä huolenaiheena oli, että kokeilu houkuttelisi yhä useamman lääkärin vaihtamaan julkiselta sektorilta yksityiselle _____lle.",multiword_vocab_token,legacy,/home/vitus/floently-finnish/apps/backend/practice/data/cards/doctor_cards.json
doctor_374,doctor,"Pietiläisen mukaan markkinarakoa on, koska esimerkiksi terveyskeskuksista lääkkeiden saaminen voi _____ vaikeampaa.",multiword_vocab_token,legacy,/home/vitus/floently-finnish/apps/backend/practice/data/cards/doctor_cards.json
doctor_375,doctor,"Pietiläisen mukaan markkinarakoa on, koska esimerkiksi terveyskeskuksista lääkkeiden saaminen voi _____ vaikeampaa.",multiword_vocab_token,legacy,/home/vitus/floently-finnish/apps/backend/practice/data/cards/doctor_cards.json
doctor_379,doctor,Laihdutuslääkkeitä käytti _____ vuonna yli 100 000 suomalaista,digit_in_token|multiword_vocab_token,legacy,/home/vitus/floently-finnish/apps/backend/practice/data/cards/doctor_cards.json
doctor_380,doctor,Laihdutuslääkkeitä käytti _____ vuonna yli 100 000 suomalaista,digit_in_token|multiword_vocab_token,legacy,/home/vitus/floently-finnish/apps/backend/practice/data/cards/doctor_cards.json
doctor_384,doctor,"Syövän hoito perustuu leikkaukseen, _____on ja sädehoitoon sekä kaikkien hoitojen yhdistelmiin",multiword_vocab_token,legacy,/home/vitus/floently-finnish/apps/backend/practice/data/cards/doctor_cards.json
doctor_385,doctor,"Syövän hoito perustuu leikkaukseen, _____on ja sädehoitoon sekä kaikkien hoitojen yhdistelmiin",multiword_vocab_token,legacy,/home/vitus/floently-finnish/apps/backend/practice/data/cards/doctor_cards.json
doctor_389,doctor,"Kun _____ menee lääkäriin, häntä hoitaa yhä useammin ulkomailla koulutettu lääkäri.",multiword_vocab_token,legacy,/home/vitus/floently-finnish/apps/backend/practice/data/cards/doctor_cards.json
doctor_390,doctor,"Kun _____ menee lääkäriin, häntä hoitaa yhä useammin ulkomailla koulutettu lääkäri.",multiword_vocab_token,legacy,/home/vitus/floently-finnish/apps/backend/practice/data/cards/doctor_cards.json
doctor_394,doctor,Ihmisen verenkiertoon päätyvät _____t tai lipopolysakkaridin kaltaiset _____toksiinit eli _____en tuottamat haitta-aineet aiheuttavat pieninä pitoisuuksina matala-asteisen tulehduksen ja suurina pitoisuuksina verenmyrkytyksen.[50],digit_in_token|citation_artifact|multiword_vocab_token,legacy,/home/vitus/floently-finnish/apps/backend/practice/data/cards/doctor_cards.json
doctor_395,doctor,Ihmisen verenkiertoon päätyvät _____t tai lipopolysakkaridin kaltaiset _____toksiinit eli _____en tuottamat haitta-aineet aiheuttavat pieninä pitoisuuksina matala-asteisen tulehduksen ja suurina pitoisuuksina verenmyrkytyksen.[50],digit_in_token|citation_artifact|multiword_vocab_token,legacy,/home/vitus/floently-finnish/apps/backend/practice/data/cards/doctor_cards.json
doctor_402,doctor,"Tyypin 2 _____ on tämän moninaisuutensa takia oikeastaan joukko sairauksia, joiden aiheuttajatkin ovat moninaisia",digit_in_token|multiword_vocab_token,legacy,/home/vitus/floently-finnish/apps/backend/practice/data/cards/doctor_cards.json
doctor_403,doctor,"Tyypin 2 _____ on tämän moninaisuutensa takia oikeastaan joukko sairauksia, joiden aiheuttajatkin ovat moninaisia",digit_in_token|multiword_vocab_token,legacy,/home/vitus/floently-finnish/apps/backend/practice/data/cards/doctor_cards.json
doctor_407,doctor,"Taskilan mukaan pakkotoimien puolelle ei voida mennä, jos potilas pystyy selkeästi ilmaisemaan oman kantansa ja perustelemaan sen järkevällä tavalla – ellei sitten ole _____ tilapäisen sairaudentilan aiheuttamasta ongelmasta henkilön ajattelussa.",multiword_vocab_token,legacy,/home/vitus/floently-finnish/apps/backend/practice/data/cards/doctor_cards.json
doctor_408,doctor,"Taskilan mukaan pakkotoimien puolelle ei voida mennä, jos potilas pystyy selkeästi ilmaisemaan oman kantansa ja perustelemaan sen järkevällä tavalla – ellei sitten ole _____ tilapäisen sairaudentilan aiheuttamasta ongelmasta henkilön ajattelussa.",multiword_vocab_token,legacy,/home/vitus/floently-finnish/apps/backend/practice/data/cards/doctor_cards.json
doctor_412,doctor,"Monissa leikkauksissa _____-annos, yleensä kefuroksiimia, riittää hyödyn saamiseksi ja yli päivän kestävää annostelua ei suositella.[25]",digit_in_token|citation_artifact|multiword_vocab_token,legacy,/home/vitus/floently-finnish/apps/backend/practice/data/cards/doctor_cards.json
doctor_413,doctor,"Monissa leikkauksissa _____-annos, yleensä kefuroksiimia, riittää hyödyn saamiseksi ja yli päivän kestävää annostelua ei suositella.[25]",digit_in_token|citation_artifact|multiword_vocab_token,legacy,/home/vitus/floently-finnish/apps/backend/practice/data/cards/doctor_cards.json
doctor_417,doctor,"Heidän mukaansa lääkkeitä _____tään liian paljon, ja he haluaisivat turvautua lääkkeettömään hoitoon.",multiword_vocab_token,legacy,/home/vitus/floently-finnish/apps/backend/practice/data/cards/doctor_cards.json
doctor_418,doctor,"Heidän mukaansa lääkkeitä _____tään liian paljon, ja he haluaisivat turvautua lääkkeettömään hoitoon.",multiword_vocab_token,legacy,/home/vitus/floently-finnish/apps/backend/practice/data/cards/doctor_cards.json
doctor_422,doctor,Ihmisten lisäksi diabeteksen eri muotoja voi _____ muilla selkärankaisilla,multiword_vocab_token,legacy,/home/vitus/floently-finnish/apps/backend/practice/data/cards/doctor_cards.json
doctor_423,doctor,Ihmisten lisäksi diabeteksen eri muotoja voi _____ muilla selkärankaisilla,multiword_vocab_token,legacy,/home/vitus/floently-finnish/apps/backend/practice/data/cards/doctor_cards.json
doctor_427,doctor,"Jälkimmäisestä esimerkkejä ovat koirat, joilla voi erityisesti ilmetä tyypin 1 diabeteksen _____ sairaus, ja kissat, joilla voi ilmetä eritoten tyypin 2 diabeteksen _____ sairaus.[8]",digit_in_token|citation_artifact|multiword_vocab_token,legacy,/home/vitus/floently-finnish/apps/backend/practice/data/cards/doctor_cards.json
doctor_428,doctor,"Jälkimmäisestä esimerkkejä ovat koirat, joilla voi erityisesti ilmetä tyypin 1 diabeteksen _____ sairaus, ja kissat, joilla voi ilmetä eritoten tyypin 2 diabeteksen _____ sairaus.[8]",digit_in_token|citation_artifact|multiword_vocab_token,legacy,/home/vitus/floently-finnish/apps/backend/practice/data/cards/doctor_cards.json
doctor_432,doctor,Sanaa ”mellitus” käytti ensi kerran vuonna 1798 _____n ”diabetes” jälkiliitteenä englantilainen kirurgi John Rollo.[23],digit_in_token|citation_artifact|multiword_vocab_token,legacy,/home/vitus/floently-finnish/apps/backend/practice/data/cards/doctor_cards.json
doctor_433,doctor,Sanaa ”mellitus” käytti ensi kerran vuonna 1798 _____n ”diabetes” jälkiliitteenä englantilainen kirurgi John Rollo.[23],digit_in_token|citation_artifact|multiword_vocab_token,legacy,/home/vitus/floently-finnish/apps/backend/practice/data/cards/doctor_cards.json
doctor_437,doctor,Hämeenlinnan kaupungin varhaiskasvatusjohtajan Erja Hirvosen mukaan _____ on vakava,multiword_vocab_token,legacy,/home/vitus/floently-finnish/apps/backend/practice/data/cards/doctor_cards.json
doctor_438,doctor,Hämeenlinnan kaupungin varhaiskasvatusjohtajan Erja Hirvosen mukaan _____ on vakava,multiword_vocab_token,legacy,/home/vitus/floently-finnish/apps/backend/practice/data/cards/doctor_cards.json
doctor_442,doctor,"Lääkäriliiton hallituksen puheenjohtaja Niina Koivuviita sanoo, että yhtenä huolenaiheena oli, että _____ houkuttelisi yhä useamman lääkärin vaihtamaan julkiselta sektorilta yksityiselle lääkäriasemalle.",multiword_vocab_token,legacy,/home/vitus/floently-finnish/apps/backend/practice/data/cards/doctor_cards.json
doctor_443,doctor,"Lääkäriliiton hallituksen puheenjohtaja Niina Koivuviita sanoo, että yhtenä huolenaiheena oli, että _____ houkuttelisi yhä useamman lääkärin vaihtamaan julkiselta sektorilta yksityiselle lääkäriasemalle.",multiword_vocab_token,legacy,/home/vitus/floently-finnish/apps/backend/practice/data/cards/doctor_cards.json
doctor_447,doctor,"Aikaisemmin leikkaus oli äärimmäisen kivulias kokemus ja leikkaajia kehotettiin _____maan leikkaukset mahdollisimman nopeasti, ettei potilas kärsisi niin paljoa",multiword_vocab_token,legacy,/home/vitus/floently-finnish/apps/backend/practice/data/cards/doctor_cards.json
doctor_448,doctor,"Aikaisemmin leikkaus oli äärimmäisen kivulias kokemus ja leikkaajia kehotettiin _____maan leikkaukset mahdollisimman nopeasti, ettei potilas kärsisi niin paljoa",multiword_vocab_token,legacy,/home/vitus/floently-finnish/apps/backend/practice/data/cards/doctor_cards.json
doctor_452,doctor,Lääkäreiden _____kkaille ja potilaille lääkärimäärän kasvu voi tarkoittaa valinnanvaran lisääntymistä.,multiword_vocab_token,legacy,/home/vitus/floently-finnish/apps/backend/practice/data/cards/doctor_cards.json
doctor_453,doctor,Lääkäreiden _____kkaille ja potilaille lääkärimäärän kasvu voi tarkoittaa valinnanvaran lisääntymistä.,multiword_vocab_token,legacy,/home/vitus/floently-finnish/apps/backend/practice/data/cards/doctor_cards.json
doctor_457,doctor,"Vaikea silmäsairaus NAION hyvin harvinainen haittavaikutus, jota voi _____ yhdellä ihmisellä kymmenestä tuhannesta.",multiword_vocab_token,legacy,/home/vitus/floently-finnish/apps/backend/practice/data/cards/doctor_cards.json
doctor_458,doctor,"Vaikea silmäsairaus NAION hyvin harvinainen haittavaikutus, jota voi _____ yhdellä ihmisellä kymmenestä tuhannesta.",multiword_vocab_token,legacy,/home/vitus/floently-finnish/apps/backend/practice/data/cards/doctor_cards.json
doctor_462,doctor,"Koronapandemian _____ kokonaiskuolleisuuteen oli Suomessa pandemia-aikana vähäinen, kertoo Terveyden ja hyvinvoinnin laitos.",multiword_vocab_token,legacy,/home/vitus/floently-finnish/apps/backend/practice/data/cards/doctor_cards.json
doctor_463,doctor,"Koronapandemian _____ kokonaiskuolleisuuteen oli Suomessa pandemia-aikana vähäinen, kertoo Terveyden ja hyvinvoinnin laitos.",multiword_vocab_token,legacy,/home/vitus/floently-finnish/apps/backend/practice/data/cards/doctor_cards.json
doctor_467,doctor,"Lääkäri voi _____ laihdutuslääkereseptin chatissa, puhelimessa tai videovastaanotolla hyvinkin nopeasti.",multiword_vocab_token,legacy,/home/vitus/floently-finnish/apps/backend/practice/data/cards/doctor_cards.json
doctor_468,doctor,"Lääkäri voi _____ laihdutuslääkereseptin chatissa, puhelimessa tai videovastaanotolla hyvinkin nopeasti.",multiword_vocab_token,legacy,/home/vitus/floently-finnish/apps/backend/practice/data/cards/doctor_cards.json
doctor_475,doctor,"Bakteerin aiheuttaman aivokalvontulehduksen tyypillisiä oireita ovat korkea kuume, kova päänsärky, niskajäykkyys, tajunnan _____t ja sekavuus",multiword_vocab_token,legacy,/home/vitus/floently-finnish/apps/backend/practice/data/cards/doctor_cards.json
doctor_476,doctor,"Bakteerin aiheuttaman aivokalvontulehduksen tyypillisiä oireita ovat korkea kuume, kova päänsärky, niskajäykkyys, tajunnan _____t ja sekavuus",multiword_vocab_token,legacy,/home/vitus/floently-finnish/apps/backend/practice/data/cards/doctor_cards.json
doctor_480,doctor,Tartuntoihin keskittynyt lääketieteen erikoisala on nimeltään _____sairaudet.,multiword_vocab_token,legacy,/home/vitus/floently-finnish/apps/backend/practice/data/cards/doctor_cards.json
doctor_481,doctor,Tartuntoihin keskittynyt lääketieteen erikoisala on nimeltään _____sairaudet.,multiword_vocab_token,legacy,/home/vitus/floently-finnish/apps/backend/practice/data/cards/doctor_cards.json
doctor_485,doctor,"Potilaaseen liittyvistä tekijöistä leikkausinfektion riskiä lisäävät muun muassa ikä, yleistila, suorituskyky, lihavuus ja aliravitsemus; sairaudet kuten infektiot, diabetes, munuaisten vajaatoiminta ja syövät; päihteet kuten tupakointi ja alkoholismi; sekä hoidot kuten sairaalahoitojaksot, _____ ja immunosuppressiiviset hoidot.[20]",digit_in_token|citation_artifact|multiword_vocab_token,legacy,/home/vitus/floently-finnish/apps/backend/practice/data/cards/doctor_cards.json
doctor_486,doctor,"Potilaaseen liittyvistä tekijöistä leikkausinfektion riskiä lisäävät muun muassa ikä, yleistila, suorituskyky, lihavuus ja aliravitsemus; sairaudet kuten infektiot, diabetes, munuaisten vajaatoiminta ja syövät; päihteet kuten tupakointi ja alkoholismi; sekä hoidot kuten sairaalahoitojaksot, _____ ja immunosuppressiiviset hoidot.[20]",digit_in_token|citation_artifact|multiword_vocab_token,legacy,/home/vitus/floently-finnish/apps/backend/practice/data/cards/doctor_cards.json
doctor_490,doctor,Jutusta selviää myös miksi osa _____sta lähtee ulkomaille lääkäriopintoihin.,multiword_vocab_token,legacy,/home/vitus/floently-finnish/apps/backend/practice/data/cards/doctor_cards.json
doctor_491,doctor,Jutusta selviää myös miksi osa _____sta lähtee ulkomaille lääkäriopintoihin.,multiword_vocab_token,legacy,/home/vitus/floently-finnish/apps/backend/practice/data/cards/doctor_cards.json
doctor_495,doctor,Suusta lähtöisin olevan tulehduksen aiheuttama paine ja luukalvon venytys saattavat aiheuttaa _____a kipua[31],digit_in_token|citation_artifact|multiword_vocab_token,legacy,/home/vitus/floently-finnish/apps/backend/practice/data/cards/doctor_cards.json
doctor_496,doctor,Suusta lähtöisin olevan tulehduksen aiheuttama paine ja luukalvon venytys saattavat aiheuttaa _____a kipua[31],digit_in_token|citation_artifact|multiword_vocab_token,legacy,/home/vitus/floently-finnish/apps/backend/practice/data/cards/doctor_cards.json
doctor_500,doctor,"Aikaisemmin leikkaus oli äärimmäisen kivulias _____ ja leikkaajia kehotettiin hoitamaan leikkaukset mahdollisimman nopeasti, ettei potilas kärsisi niin paljoa",multiword_vocab_token,legacy,/home/vitus/floently-finnish/apps/backend/practice/data/cards/doctor_cards.json
doctor_501,doctor,"Aikaisemmin leikkaus oli äärimmäisen kivulias _____ ja leikkaajia kehotettiin hoitamaan leikkaukset mahdollisimman nopeasti, ettei potilas kärsisi niin paljoa",multiword_vocab_token,legacy,/home/vitus/floently-finnish/apps/backend/practice/data/cards/doctor_cards.json
doctor_505,doctor,Kokeilussa 65 vuotta täyttäneet voivat _____ kolme kertaa vuodessa yksityisen yleislääkärin 20 minuutin vastaanotolla noin 30 eurolla eli samalla hinnalla kuin julkisella,digit_in_token|multiword_vocab_token,legacy,/home/vitus/floently-finnish/apps/backend/practice/data/cards/doctor_cards.json
doctor_506,doctor,Kokeilussa 65 vuotta täyttäneet voivat _____ kolme kertaa vuodessa yksityisen yleislääkärin 20 minuutin vastaanotolla noin 30 eurolla eli samalla hinnalla kuin julkisella,digit_in_token|multiword_vocab_token,legacy,/home/vitus/floently-finnish/apps/backend/practice/data/cards/doctor_cards.json
doctor_510,doctor,Kysyimme Terveystalolta ja Pihlajalinnalta kommentteja Ylen haastattelemien _____iden väitteisiin,multiword_vocab_token,legacy,/home/vitus/floently-finnish/apps/backend/practice/data/cards/doctor_cards.json
doctor_511,doctor,Kysyimme Terveystalolta ja Pihlajalinnalta kommentteja Ylen haastattelemien _____iden väitteisiin,multiword_vocab_token,legacy,/home/vitus/floently-finnish/apps/backend/practice/data/cards/doctor_cards.json
doctor_515,doctor,"Ammatinharjoittajalääkärit ovat yrittäjiä, jotka vuokraavat _____lta vastaanottotiloja ja vastaanottoon tarvittavaa tekniikkaa",multiword_vocab_token,legacy,/home/vitus/floently-finnish/apps/backend/practice/data/cards/doctor_cards.json
doctor_516,doctor,"Ammatinharjoittajalääkärit ovat yrittäjiä, jotka vuokraavat _____lta vastaanottotiloja ja vastaanottoon tarvittavaa tekniikkaa",multiword_vocab_token,legacy,/home/vitus/floently-finnish/apps/backend/practice/data/cards/doctor_cards.json
doctor_520,doctor,Elektiivisiin _____in kuuluu muun muassa erilaisten ei-henkeä vaarantavien terveysongelmien korjaaminen.[5],digit_in_token|citation_artifact|multiword_vocab_token,legacy,/home/vitus/floently-finnish/apps/backend/practice/data/cards/doctor_cards.json
doctor_521,doctor,Elektiivisiin _____in kuuluu muun muassa erilaisten ei-henkeä vaarantavien terveysongelmien korjaaminen.[5],digit_in_token|citation_artifact|multiword_vocab_token,legacy,/home/vitus/floently-finnish/apps/backend/practice/data/cards/doctor_cards.json
doctor_525,doctor,"Kyseinen termi otettiin käyttöön vuonna 1992, jolloin Evidence-Based Medicine Working Group -_____nen asiantuntijaryhmä suositteli, että lääkäreiden koulutuksen ja hoitovalintojen pitäisi perustua tieteelliseen tutkimusnäyttöön sen sijaan, että lääkärit luottaisivat vain omaan intuitioonsa, päättelyynsä tai kliiniseen kokemukseensa",digit_in_token|multiword_vocab_token,legacy,/home/vitus/floently-finnish/apps/backend/practice/data/cards/doctor_cards.json
doctor_526,doctor,"Kyseinen termi otettiin käyttöön vuonna 1992, jolloin Evidence-Based Medicine Working Group -_____nen asiantuntijaryhmä suositteli, että lääkäreiden koulutuksen ja hoitovalintojen pitäisi perustua tieteelliseen tutkimusnäyttöön sen sijaan, että lääkärit luottaisivat vain omaan intuitioonsa, päättelyynsä tai kliiniseen kokemukseensa",digit_in_token|multiword_vocab_token,legacy,/home/vitus/floently-finnish/apps/backend/practice/data/cards/doctor_cards.json
doctor_530,doctor,Varhaisv_____essa metformiinin kaltaiset lääkkeet voivat riittää hoidoksi,multiword_vocab_token,legacy,/home/vitus/floently-finnish/apps/backend/practice/data/cards/doctor_cards.json
doctor_531,doctor,Varhaisv_____essa metformiinin kaltaiset lääkkeet voivat riittää hoidoksi,multiword_vocab_token,legacy,/home/vitus/floently-finnish/apps/backend/practice/data/cards/doctor_cards.json
doctor_535,doctor,Kirurgisten operaatioiden vaikutusten tutkiminen lääketieteen korkeimpien standardien mukaisesti on _____llista,multiword_vocab_token,legacy,/home/vitus/floently-finnish/apps/backend/practice/data/cards/doctor_cards.json
doctor_536,doctor,Kirurgisten operaatioiden vaikutusten tutkiminen lääketieteen korkeimpien standardien mukaisesti on _____llista,multiword_vocab_token,legacy,/home/vitus/floently-finnish/apps/backend/practice/data/cards/doctor_cards.json
doctor_543,doctor,"Tutkimuksessa arvioitiin lähes 1,9 miljoonan lonkan tekonivelleikkauksen pitkäaikaispysyvyyttä eri liukupintavaihtoehdoilla rekisterien _____ella",digit_in_token|multiword_vocab_token,legacy,/home/vitus/floently-finnish/apps/backend/practice/data/cards/doctor_cards.json
doctor_544,doctor,"Tutkimuksessa arvioitiin lähes 1,9 miljoonan lonkan tekonivelleikkauksen pitkäaikaispysyvyyttä eri liukupintavaihtoehdoilla rekisterien _____ella",digit_in_token|multiword_vocab_token,legacy,/home/vitus/floently-finnish/apps/backend/practice/data/cards/doctor_cards.json
doctor_548,doctor,"Ja eihän se nyt terveydellekään _____ksi ole, Silvola sanoo.",multiword_vocab_token,legacy,/home/vitus/floently-finnish/apps/backend/practice/data/cards/doctor_cards.json
doctor_549,doctor,"Ja eihän se nyt terveydellekään _____ksi ole, Silvola sanoo.",multiword_vocab_token,legacy,/home/vitus/floently-finnish/apps/backend/practice/data/cards/doctor_cards.json
doctor_556,doctor,Sanaa ”_____” käytti ensi kerran vuonna 1798 sanan ”diabetes” jälkiliitteenä englantilainen kirurgi John Rollo.[23],digit_in_token|citation_artifact|multiword_vocab_token,legacy,/home/vitus/floently-finnish/apps/backend/practice/data/cards/doctor_cards.json
doctor_557,doctor,Sanaa ”_____” käytti ensi kerran vuonna 1798 sanan ”diabetes” jälkiliitteenä englantilainen kirurgi John Rollo.[23],digit_in_token|citation_artifact|multiword_vocab_token,legacy,/home/vitus/floently-finnish/apps/backend/practice/data/cards/doctor_cards.json
doctor_561,doctor,Bakteeriperäinen tulehdus oli _____ kuolinsyy länsimaissa ennen antibioottien keksimistä[22],digit_in_token|citation_artifact|multiword_vocab_token,legacy,/home/vitus/floently-finnish/apps/backend/practice/data/cards/doctor_cards.json
doctor_562,doctor,Bakteeriperäinen tulehdus oli _____ kuolinsyy länsimaissa ennen antibioottien keksimistä[22],digit_in_token|citation_artifact|multiword_vocab_token,legacy,/home/vitus/floently-finnish/apps/backend/practice/data/cards/doctor_cards.json
doctor_566,doctor,Syöpädiagnoosi oli _____ ottaa vastaan.,multiword_vocab_token,legacy,/home/vitus/floently-finnish/apps/backend/practice/data/cards/doctor_cards.json
doctor_567,doctor,Syöpädiagnoosi oli _____ ottaa vastaan.,multiword_vocab_token,legacy,/home/vitus/floently-finnish/apps/backend/practice/data/cards/doctor_cards.json
doctor_571,doctor,Kliinisen metabolian _____ Kirsi Pietiläinen on tavannut tuhansia lihavuudesta kärsiviä,multiword_vocab_token,legacy,/home/vitus/floently-finnish/apps/backend/practice/data/cards/doctor_cards.json
doctor_572,doctor,Kliinisen metabolian _____ Kirsi Pietiläinen on tavannut tuhansia lihavuudesta kärsiviä,multiword_vocab_token,legacy,/home/vitus/floently-finnish/apps/backend/practice/data/cards/doctor_cards.json
doctor_576,doctor,"Jos _____ on yli enimmäispalkkion, pitää lääkäriasema ylimenevän summan itsellään.",multiword_vocab_token,legacy,/home/vitus/floently-finnish/apps/backend/practice/data/cards/doctor_cards.json
doctor_577,doctor,"Jos _____ on yli enimmäispalkkion, pitää lääkäriasema ylimenevän summan itsellään.",multiword_vocab_token,legacy,/home/vitus/floently-finnish/apps/backend/practice/data/cards/doctor_cards.json
doctor_581,doctor,"Malmin mukaan yhteys _____diabetekseen vaatii vielä lisää tutkimuksia, jotta syy-seuraussuhteet ja taustalla olevat biologiset mekanismit ymmärrettäsiin paremmin.",multiword_vocab_token,legacy,/home/vitus/floently-finnish/apps/backend/practice/data/cards/doctor_cards.json
doctor_582,doctor,"Malmin mukaan yhteys _____diabetekseen vaatii vielä lisää tutkimuksia, jotta syy-seuraussuhteet ja taustalla olevat biologiset mekanismit ymmärrettäsiin paremmin.",multiword_vocab_token,legacy,/home/vitus/floently-finnish/apps/backend/practice/data/cards/doctor_cards.json
doctor_586,doctor,"reikä, tukos, kudostuho, _____, tulehdus, poisto ja siirto",multiword_vocab_token,legacy,/home/vitus/floently-finnish/apps/backend/practice/data/cards/doctor_cards.json
doctor_587,doctor,"reikä, tukos, kudostuho, _____, tulehdus, poisto ja siirto",multiword_vocab_token,legacy,/home/vitus/floently-finnish/apps/backend/practice/data/cards/doctor_cards.json
doctor_591,doctor,Urho Kekkosen kansallispuistosta on tullut Metsähallituksen tietoon tällä viikolla kolme vatsatauti_____usta,multiword_vocab_token,legacy,/home/vitus/floently-finnish/apps/backend/practice/data/cards/doctor_cards.json
doctor_592,doctor,Urho Kekkosen kansallispuistosta on tullut Metsähallituksen tietoon tällä viikolla kolme vatsatauti_____usta,multiword_vocab_token,legacy,/home/vitus/floently-finnish/apps/backend/practice/data/cards/doctor_cards.json
doctor_596,doctor,"Syöpä ei kuitenkaan ole se ainoa asia sairastuneen _____ssä, hän muistuttaa.",multiword_vocab_token,legacy,/home/vitus/floently-finnish/apps/backend/practice/data/cards/doctor_cards.json
doctor_597,doctor,"Syöpä ei kuitenkaan ole se ainoa asia sairastuneen _____ssä, hän muistuttaa.",multiword_vocab_token,legacy,/home/vitus/floently-finnish/apps/backend/practice/data/cards/doctor_cards.json
doctor_601,doctor,"Vaikea silmäsairaus NAION hyvin harvinainen _____, jota voi esiintyä yhdellä ihmisellä kymmenestä tuhannesta.",multiword_vocab_token,legacy,/home/vitus/floently-finnish/apps/backend/practice/data/cards/doctor_cards.json
doctor_602,doctor,"Vaikea silmäsairaus NAION hyvin harvinainen _____, jota voi esiintyä yhdellä ihmisellä kymmenestä tuhannesta.",multiword_vocab_token,legacy,/home/vitus/floently-finnish/apps/backend/practice/data/cards/doctor_cards.json
doctor_612,doctor,"Lääkärien lisäksi ammatinharjoittajina työskentelee hammas_____tä, fysioterapeutteja, ravitsemusterapeutteja, psykologeja, psykoterapeutteja ja muita terveydenhuollon ammattilaisia",multiword_vocab_token,legacy,/home/vitus/floently-finnish/apps/backend/practice/data/cards/doctor_cards.json
doctor_613,doctor,"Lääkärien lisäksi ammatinharjoittajina työskentelee hammas_____tä, fysioterapeutteja, ravitsemusterapeutteja, psykologeja, psykoterapeutteja ja muita terveydenhuollon ammattilaisia",multiword_vocab_token,legacy,/home/vitus/floently-finnish/apps/backend/practice/data/cards/doctor_cards.json
doctor_617,doctor,"Taulukko _____ uusimman (2018) ESC- ja ESH-järjestöjen sekä uusimman (2020) Käypä hoito -suosituksen vastaanottomittauksiin perustuvan verenpaineluokittelun.[13][14] Yhdysvalloissa American Heart Association -järjestöllä oli samanlaisiin arvoihin perustuva taulukko,[15] kunnes vuonna 2017 se muutti verenpaineluokittelun arvoja niin, että suuremmalle osalle ihmisistä luokitellaan kohonnut verenpaine.[16][17]",digit_in_token|citation_artifact|multiword_vocab_token,legacy,/home/vitus/floently-finnish/apps/backend/practice/data/cards/doctor_cards.json
doctor_618,doctor,"Taulukko _____ uusimman (2018) ESC- ja ESH-järjestöjen sekä uusimman (2020) Käypä hoito -suosituksen vastaanottomittauksiin perustuvan verenpaineluokittelun.[13][14] Yhdysvalloissa American Heart Association -järjestöllä oli samanlaisiin arvoihin perustuva taulukko,[15] kunnes vuonna 2017 se muutti verenpaineluokittelun arvoja niin, että suuremmalle osalle ihmisistä luokitellaan kohonnut verenpaine.[16][17]",digit_in_token|citation_artifact|multiword_vocab_token,legacy,/home/vitus/floently-finnish/apps/backend/practice/data/cards/doctor_cards.json
doctor_622,doctor,"Raskauden aikana SSRI-lääkkeitä käyttäneitä äitejä verrattiin _____diagnoosin saaneisiin naisiin, jotka eivät käyttäneet _____lääkkeitä raskauden aikana, sekä naisiin, jotka olivat lopettaneet SSRI-lääkityksen ennen raskautta.",multiword_vocab_token,legacy,/home/vitus/floently-finnish/apps/backend/practice/data/cards/doctor_cards.json
doctor_623,doctor,"Raskauden aikana SSRI-lääkkeitä käyttäneitä äitejä verrattiin _____diagnoosin saaneisiin naisiin, jotka eivät käyttäneet _____lääkkeitä raskauden aikana, sekä naisiin, jotka olivat lopettaneet SSRI-lääkityksen ennen raskautta.",multiword_vocab_token,legacy,/home/vitus/floently-finnish/apps/backend/practice/data/cards/doctor_cards.json
doctor_630,doctor,Leikkausinfektioita voidaan vähentää mikrobilääkeprofylaksin eli ennaltaehkäisevän lää_____idon avulla,multiword_vocab_token,legacy,/home/vitus/floently-finnish/apps/backend/practice/data/cards/doctor_cards.json
doctor_631,doctor,Leikkausinfektioita voidaan vähentää mikrobilääkeprofylaksin eli ennaltaehkäisevän lää_____idon avulla,multiword_vocab_token,legacy,/home/vitus/floently-finnish/apps/backend/practice/data/cards/doctor_cards.json
doctor_635,doctor,"Ylen haastattelemat henkilöt kertovat, että lääkäriasemat ovat yksi_____sesti muuttaneet sopimusten ehtoja ammatinharjoittajille huonompaan suuntaan.",multiword_vocab_token,legacy,/home/vitus/floently-finnish/apps/backend/practice/data/cards/doctor_cards.json
doctor_636,doctor,"Ylen haastattelemat henkilöt kertovat, että lääkäriasemat ovat yksi_____sesti muuttaneet sopimusten ehtoja ammatinharjoittajille huonompaan suuntaan.",multiword_vocab_token,legacy,/home/vitus/floently-finnish/apps/backend/practice/data/cards/doctor_cards.json
doctor_640,doctor,"Tämä pelko ei näytä laajassa mittakaavassa käyneen toteen, vaikka markkinoille onkin kokeilun kannustamana ilmestynyt uusia _____ä lääkäriyrityksiä.",multiword_vocab_token,legacy,/home/vitus/floently-finnish/apps/backend/practice/data/cards/doctor_cards.json
doctor_641,doctor,"Tämä pelko ei näytä laajassa mittakaavassa käyneen toteen, vaikka markkinoille onkin kokeilun kannustamana ilmestynyt uusia _____ä lääkäriyrityksiä.",multiword_vocab_token,legacy,/home/vitus/floently-finnish/apps/backend/practice/data/cards/doctor_cards.json
doctor_645,doctor,Mat_____-asteisen tulehduksen aikaansaama immuunijärjestelmän aktivaatio laskee kipukynnystä etenkin naisilla,multiword_vocab_token,legacy,/home/vitus/floently-finnish/apps/backend/practice/data/cards/doctor_cards.json
doctor_646,doctor,Mat_____-asteisen tulehduksen aikaansaama immuunijärjestelmän aktivaatio laskee kipukynnystä etenkin naisilla,multiword_vocab_token,legacy,/home/vitus/floently-finnish/apps/backend/practice/data/cards/doctor_cards.json
doctor_650,doctor,"Ylen haastattelemat henkilöt kertovat, että lääkäriasemat ovat yksipuolisesti muuttaneet _____ten ehtoja ammatinharjoittajille huonompaan suuntaan.",multiword_vocab_token,legacy,/home/vitus/floently-finnish/apps/backend/practice/data/cards/doctor_cards.json
doctor_651,doctor,"Ylen haastattelemat henkilöt kertovat, että lääkäriasemat ovat yksipuolisesti muuttaneet _____ten ehtoja ammatinharjoittajille huonompaan suuntaan.",multiword_vocab_token,legacy,/home/vitus/floently-finnish/apps/backend/practice/data/cards/doctor_cards.json
doctor_664,doctor,"Jos potilas ei voi _____, hänen on hyvä saada hieman suolaa nesteen mukana.",multiword_vocab_token,legacy,/home/vitus/floently-finnish/apps/backend/practice/data/cards/doctor_cards.json
doctor_665,doctor,"Jos potilas ei voi _____, hänen on hyvä saada hieman suolaa nesteen mukana.",multiword_vocab_token,legacy,/home/vitus/floently-finnish/apps/backend/practice/data/cards/doctor_cards.json
doctor_669,doctor,"Bernin ja Minnesotan yliopistojen yhteisessä tutkimuksessa löydettiin _____ yhteys sairauteen, jossa koirille kehittyy hermostollisia häiriöitä",multiword_vocab_token,legacy,/home/vitus/floently-finnish/apps/backend/practice/data/cards/doctor_cards.json
doctor_670,doctor,"Bernin ja Minnesotan yliopistojen yhteisessä tutkimuksessa löydettiin _____ yhteys sairauteen, jossa koirille kehittyy hermostollisia häiriöitä",multiword_vocab_token,legacy,/home/vitus/floently-finnish/apps/backend/practice/data/cards/doctor_cards.json
doctor_674,doctor,Korjaus 12.3.2026 kello 14.18: Korjattu tutkimuksen _____n nimi,digit_in_token|multiword_vocab_token,legacy,/home/vitus/floently-finnish/apps/backend/practice/data/cards/doctor_cards.json
doctor_675,doctor,Korjaus 12.3.2026 kello 14.18: Korjattu tutkimuksen _____n nimi,digit_in_token|multiword_vocab_token,legacy,/home/vitus/floently-finnish/apps/backend/practice/data/cards/doctor_cards.json
doctor_679,doctor,"Hän esiintyy tässä _____ pelkällä etunimellään, koska aihe käsittelee arkaluontoisia terveystietoja",multiword_vocab_token,legacy,/home/vitus/floently-finnish/apps/backend/practice/data/cards/doctor_cards.json
doctor_680,doctor,"Hän esiintyy tässä _____ pelkällä etunimellään, koska aihe käsittelee arkaluontoisia terveystietoja",multiword_vocab_token,legacy,/home/vitus/floently-finnish/apps/backend/practice/data/cards/doctor_cards.json
doctor_687,doctor,Nyt Jutila on kolmannen vuoden lääketieteen _____ Oradean yliopistossa Romaniassa,multiword_vocab_token,legacy,/home/vitus/floently-finnish/apps/backend/practice/data/cards/doctor_cards.json
doctor_688,doctor,Nyt Jutila on kolmannen vuoden lääketieteen _____ Oradean yliopistossa Romaniassa,multiword_vocab_token,legacy,/home/vitus/floently-finnish/apps/backend/practice/data/cards/doctor_cards.json
doctor_692,doctor,"Miesvaltaisilla aloilla on myös havaittavissa se, että lääkärille _____än vasta, kun oireet ovat jo pahat ja jatkuneet pitkään.",multiword_vocab_token,legacy,/home/vitus/floently-finnish/apps/backend/practice/data/cards/doctor_cards.json
doctor_693,doctor,"Miesvaltaisilla aloilla on myös havaittavissa se, että lääkärille _____än vasta, kun oireet ovat jo pahat ja jatkuneet pitkään.",multiword_vocab_token,legacy,/home/vitus/floently-finnish/apps/backend/practice/data/cards/doctor_cards.json
doctor_697,doctor,Diagnoosi voi olla _____,multiword_vocab_token,legacy,/home/vitus/floently-finnish/apps/backend/practice/data/cards/doctor_cards.json
doctor_698,doctor,Diagnoosi voi olla _____,multiword_vocab_token,legacy,/home/vitus/floently-finnish/apps/backend/practice/data/cards/doctor_cards.json
doctor_702,doctor,"Olen miettinyt, miten hän _____ sen kaiken syöpätiedon alla",multiword_vocab_token,legacy,/home/vitus/floently-finnish/apps/backend/practice/data/cards/doctor_cards.json
doctor_703,doctor,"Olen miettinyt, miten hän _____ sen kaiken syöpätiedon alla",multiword_vocab_token,legacy,/home/vitus/floently-finnish/apps/backend/practice/data/cards/doctor_cards.json
doctor_713,doctor,"1700-luvulla _____n ja lääketieteen oppialat alkoivat yhdistyä, kun _____n harjoittaminen siirtyi välskäreiltä lääkäreiden hoitoon",digit_in_token|multiword_vocab_token,legacy,/home/vitus/floently-finnish/apps/backend/practice/data/cards/doctor_cards.json
doctor_714,doctor,"1700-luvulla _____n ja lääketieteen oppialat alkoivat yhdistyä, kun _____n harjoittaminen siirtyi välskäreiltä lääkäreiden hoitoon",digit_in_token|multiword_vocab_token,legacy,/home/vitus/floently-finnish/apps/backend/practice/data/cards/doctor_cards.json
doctor_718,doctor,"Toinen lääkäri kertoo kieltäytyneensä tekemästä kokeilun vastaanottoja, sillä hän kokee, että 20 minuutin vastaanotolla ei ehdi _____ ikääntyvien ongelmia.",digit_in_token|multiword_vocab_token,legacy,/home/vitus/floently-finnish/apps/backend/practice/data/cards/doctor_cards.json
doctor_719,doctor,"Toinen lääkäri kertoo kieltäytyneensä tekemästä kokeilun vastaanottoja, sillä hän kokee, että 20 minuutin vastaanotolla ei ehdi _____ ikääntyvien ongelmia.",digit_in_token|multiword_vocab_token,legacy,/home/vitus/floently-finnish/apps/backend/practice/data/cards/doctor_cards.json
doctor_723,doctor,"Pietiläisen mukaan markkinarakoa on, koska _____erkiksi terveyskeskuksista lääkkeiden saaminen voi olla vaikeampaa.",multiword_vocab_token,legacy,/home/vitus/floently-finnish/apps/backend/practice/data/cards/doctor_cards.json
doctor_724,doctor,"Pietiläisen mukaan markkinarakoa on, koska _____erkiksi terveyskeskuksista lääkkeiden saaminen voi olla vaikeampaa.",multiword_vocab_token,legacy,/home/vitus/floently-finnish/apps/backend/practice/data/cards/doctor_cards.json
doctor_728,doctor,"_____suoni, linssi, nivel, läppä), keskushermostosuntti, ehkäisyvälineet ja fiksaatiovälineet (esim",multiword_vocab_token,legacy,/home/vitus/floently-finnish/apps/backend/practice/data/cards/doctor_cards.json
doctor_729,doctor,"_____suoni, linssi, nivel, läppä), keskushermostosuntti, ehkäisyvälineet ja fiksaatiovälineet (esim",multiword_vocab_token,legacy,/home/vitus/floently-finnish/apps/backend/practice/data/cards/doctor_cards.json
doctor_733,doctor,Näistä _____ista terveysjätit perivät lääkäreiltä vielä samansuuruisen vuokran kuin valinnanvapauskokeilussa.,multiword_vocab_token,legacy,/home/vitus/floently-finnish/apps/backend/practice/data/cards/doctor_cards.json
doctor_734,doctor,Näistä _____ista terveysjätit perivät lääkäreiltä vielä samansuuruisen vuokran kuin valinnanvapauskokeilussa.,multiword_vocab_token,legacy,/home/vitus/floently-finnish/apps/backend/practice/data/cards/doctor_cards.json
doctor_741,doctor,– Tässä ilmeisesti sekoitetaan vaurio ja _____ kokemus oireesta,multiword_vocab_token,legacy,/home/vitus/floently-finnish/apps/backend/practice/data/cards/doctor_cards.json
doctor_742,doctor,– Tässä ilmeisesti sekoitetaan vaurio ja _____ kokemus oireesta,multiword_vocab_token,legacy,/home/vitus/floently-finnish/apps/backend/practice/data/cards/doctor_cards.json
doctor_746,doctor,"Diabetesdiagnoosin varmentaminen ja niiden eri _____jen erottaminen toisistaan vaatii lisäksi oireiden tulkitsemista, potilaan sukulaisten sairauksien selvittämistä tai mahdollisesti geenitestejä.[2]",digit_in_token|citation_artifact|multiword_vocab_token,legacy,/home/vitus/floently-finnish/apps/backend/practice/data/cards/doctor_cards.json
doctor_747,doctor,"Diabetesdiagnoosin varmentaminen ja niiden eri _____jen erottaminen toisistaan vaatii lisäksi oireiden tulkitsemista, potilaan sukulaisten sairauksien selvittämistä tai mahdollisesti geenitestejä.[2]",digit_in_token|citation_artifact|multiword_vocab_token,legacy,/home/vitus/floently-finnish/apps/backend/practice/data/cards/doctor_cards.json
doctor_751,doctor,"Syövän toteamiseen, _____n levinneisyyteen, hoitojen onnistumisen selvittämiseen sekä _____n seurantaan käytetään usein radiologisia kuvantamismenetelmiä",multiword_vocab_token,legacy,/home/vitus/floently-finnish/apps/backend/practice/data/cards/doctor_cards.json
doctor_752,doctor,"Syövän toteamiseen, _____n levinneisyyteen, hoitojen onnistumisen selvittämiseen sekä _____n seurantaan käytetään usein radiologisia kuvantamismenetelmiä",multiword_vocab_token,legacy,/home/vitus/floently-finnish/apps/backend/practice/data/cards/doctor_cards.json
doctor_756,doctor,Yleisemmin tunnettujen tulehdusvälittäjäaineiden kohonnut pitosuus veressä korreloi miehillä suuremman kuolleisuuden ja suuremman _____- ja verisuonitautien esiintyvyyden kanssa.[55] Matala-asteisen tulehduksen arviointiin voidaan käyttää myös herkän CRP:n tasoa selvittävää laboratoriotutkimusta.[56],digit_in_token|citation_artifact|multiword_vocab_token,legacy,/home/vitus/floently-finnish/apps/backend/practice/data/cards/doctor_cards.json
doctor_757,doctor,Yleisemmin tunnettujen tulehdusvälittäjäaineiden kohonnut pitosuus veressä korreloi miehillä suuremman kuolleisuuden ja suuremman _____- ja verisuonitautien esiintyvyyden kanssa.[55] Matala-asteisen tulehduksen arviointiin voidaan käyttää myös herkän CRP:n tasoa selvittävää laboratoriotutkimusta.[56],digit_in_token|citation_artifact|multiword_vocab_token,legacy,/home/vitus/floently-finnish/apps/backend/practice/data/cards/doctor_cards.json
doctor_761,doctor,"Näiden keskiarvon perusteella diagnosoidaan kohonnut verenpaine.[9] Jos potilaalla epäillään olevan kohonnut verenpaine, tehdään mittaukset lääkärin tai terveydenhoitajan luona useana eri _____nä lyhyehkön ajanjakson sisällä",digit_in_token|citation_artifact|multiword_vocab_token,legacy,/home/vitus/floently-finnish/apps/backend/practice/data/cards/doctor_cards.json
doctor_762,doctor,"Näiden keskiarvon perusteella diagnosoidaan kohonnut verenpaine.[9] Jos potilaalla epäillään olevan kohonnut verenpaine, tehdään mittaukset lääkärin tai terveydenhoitajan luona useana eri _____nä lyhyehkön ajanjakson sisällä",digit_in_token|citation_artifact|multiword_vocab_token,legacy,/home/vitus/floently-finnish/apps/backend/practice/data/cards/doctor_cards.json
doctor_766,doctor,Erva Niittyvuopiolle on ollut tärkeää _____ rinta­syövästään.,multiword_vocab_token,legacy,/home/vitus/floently-finnish/apps/backend/practice/data/cards/doctor_cards.json
doctor_767,doctor,Erva Niittyvuopiolle on ollut tärkeää _____ rinta­syövästään.,multiword_vocab_token,legacy,/home/vitus/floently-finnish/apps/backend/practice/data/cards/doctor_cards.json
doctor_774,doctor,"Ientulehdus ja siitä mahdollisesti aiheutuva hampaiden kiinnityskudossairaus parodontiitti voivat aiheuttaa _____ kehoon vaikuttavan kroonisen eli sitkeän[11] matala-asteisen[48] tulehdustilan,[49] jota ymmärretään vasta osittain.[11]",digit_in_token|citation_artifact|multiword_vocab_token,legacy,/home/vitus/floently-finnish/apps/backend/practice/data/cards/doctor_cards.json
doctor_775,doctor,"Ientulehdus ja siitä mahdollisesti aiheutuva hampaiden kiinnityskudossairaus parodontiitti voivat aiheuttaa _____ kehoon vaikuttavan kroonisen eli sitkeän[11] matala-asteisen[48] tulehdustilan,[49] jota ymmärretään vasta osittain.[11]",digit_in_token|citation_artifact|multiword_vocab_token,legacy,/home/vitus/floently-finnish/apps/backend/practice/data/cards/doctor_cards.json
doctor_779,doctor,"Malmin mukaan yhteys raskausdiabetekseen vaatii vielä lisää tutkimuksia, jotta syy-_____suhteet ja taustalla olevat biologiset mekanismit ymmärrettäsiin paremmin.",multiword_vocab_token,legacy,/home/vitus/floently-finnish/apps/backend/practice/data/cards/doctor_cards.json
doctor_780,doctor,"Malmin mukaan yhteys raskausdiabetekseen vaatii vielä lisää tutkimuksia, jotta syy-_____suhteet ja taustalla olevat biologiset mekanismit ymmärrettäsiin paremmin.",multiword_vocab_token,legacy,/home/vitus/floently-finnish/apps/backend/practice/data/cards/doctor_cards.json
doctor_784,doctor,"Lääkäriliiton Sami Heistaron mukaan onkin hyvä _____, onko tilanne paras mahdollinen.",multiword_vocab_token,legacy,/home/vitus/floently-finnish/apps/backend/practice/data/cards/doctor_cards.json
doctor_785,doctor,"Lääkäriliiton Sami Heistaron mukaan onkin hyvä _____, onko tilanne paras mahdollinen.",multiword_vocab_token,legacy,/home/vitus/floently-finnish/apps/backend/practice/data/cards/doctor_cards.json
doctor_789,doctor,Muutaman tunnin kuluttua Mika oli ostanut _____en apteekista ja pistänyt sen ihon alle.,multiword_vocab_token,legacy,/home/vitus/floently-finnish/apps/backend/practice/data/cards/doctor_cards.json
doctor_790,doctor,Muutaman tunnin kuluttua Mika oli ostanut _____en apteekista ja pistänyt sen ihon alle.,multiword_vocab_token,legacy,/home/vitus/floently-finnish/apps/backend/practice/data/cards/doctor_cards.json
doctor_794,doctor,"Muita toimenpiteeseen liittyviä _____ita aiheuttavia tekijöitä ovat toimenpiteiden määrä, kesto ja kiireellisyys; kokemattomuus; vierasesineet kuten dreenit ja endoproteesit; alavatsan viilto, kudostrauman määrä, jäävän kuolleen tilan määrä, hemostaasin pitävyys ja kudoksen happeutuminen; sekä aseptiikan pettäminen, kuten käsineen rikkoutuminen ja huono ihon karvojen poisto ja desinfektio",multiword_vocab_token,legacy,/home/vitus/floently-finnish/apps/backend/practice/data/cards/doctor_cards.json
doctor_795,doctor,"Muita toimenpiteeseen liittyviä _____ita aiheuttavia tekijöitä ovat toimenpiteiden määrä, kesto ja kiireellisyys; kokemattomuus; vierasesineet kuten dreenit ja endoproteesit; alavatsan viilto, kudostrauman määrä, jäävän kuolleen tilan määrä, hemostaasin pitävyys ja kudoksen happeutuminen; sekä aseptiikan pettäminen, kuten käsineen rikkoutuminen ja huono ihon karvojen poisto ja desinfektio",multiword_vocab_token,legacy,/home/vitus/floently-finnish/apps/backend/practice/data/cards/doctor_cards.json
doctor_799,doctor,Syöpätautien yleistyminen ja hoidolla saavutetun elinajan pidentymisen seurauksena palliatiivisen hoidon _____ kasvaa.[21],digit_in_token|citation_artifact|multiword_vocab_token,legacy,/home/vitus/floently-finnish/apps/backend/practice/data/cards/doctor_cards.json
doctor_800,doctor,Syöpätautien yleistyminen ja hoidolla saavutetun elinajan pidentymisen seurauksena palliatiivisen hoidon _____ kasvaa.[21],digit_in_token|citation_artifact|multiword_vocab_token,legacy,/home/vitus/floently-finnish/apps/backend/practice/data/cards/doctor_cards.json
doctor_810,doctor,Aivotoiminnan häriintyminen johtuu ainakin osaksi taudinaiheuttajien ja tulehdusvasteen aiheuttamista _____vaikutuksista.[36],digit_in_token|citation_artifact|multiword_vocab_token,legacy,/home/vitus/floently-finnish/apps/backend/practice/data/cards/doctor_cards.json
doctor_811,doctor,Aivotoiminnan häriintyminen johtuu ainakin osaksi taudinaiheuttajien ja tulehdusvasteen aiheuttamista _____vaikutuksista.[36],digit_in_token|citation_artifact|multiword_vocab_token,legacy,/home/vitus/floently-finnish/apps/backend/practice/data/cards/doctor_cards.json
doctor_815,doctor,"Lääketieteellistä tutkimusta _____an muun muassa sen vuoksi, etteivät hoitoja antavat tahot kykene itse arvioimaan hoitojen tehoa esimerkiksi valikoitumisharhan vuoksi (engl",multiword_vocab_token,legacy,/home/vitus/floently-finnish/apps/backend/practice/data/cards/doctor_cards.json
doctor_816,doctor,"Lääketieteellistä tutkimusta _____an muun muassa sen vuoksi, etteivät hoitoja antavat tahot kykene itse arvioimaan hoitojen tehoa esimerkiksi valikoitumisharhan vuoksi (engl",multiword_vocab_token,legacy,/home/vitus/floently-finnish/apps/backend/practice/data/cards/doctor_cards.json
doctor_823,doctor,"Vaikea silmäsairaus NAION hyvin _____ haittavaikutus, jota voi esiintyä yhdellä ihmisellä kymmenestä tuhannesta.",multiword_vocab_token,legacy,/home/vitus/floently-finnish/apps/backend/practice/data/cards/doctor_cards.json
doctor_824,doctor,"Vaikea silmäsairaus NAION hyvin _____ haittavaikutus, jota voi esiintyä yhdellä ihmisellä kymmenestä tuhannesta.",multiword_vocab_token,legacy,/home/vitus/floently-finnish/apps/backend/practice/data/cards/doctor_cards.json
doctor_828,doctor,"Lääketieteessä tehdään joskus ero sairauden ja sairauden _____n rakenteen tai toiminnon poikkeavuuden kanssa siten, että englanninkielisillä termeillä illness ja sickness viitataan itse sairauteen ja termillä disease sairauden taustalta löytyvään rakenteelliseen tai toiminnalliseen poikkeavuuteen, jota ilman eläin tai kasvi ei voisi koskaan sairastua kyseiseen sairauteen[2]",digit_in_token|citation_artifact|multiword_vocab_token,legacy,/home/vitus/floently-finnish/apps/backend/practice/data/cards/doctor_cards.json
doctor_829,doctor,"Lääketieteessä tehdään joskus ero sairauden ja sairauden _____n rakenteen tai toiminnon poikkeavuuden kanssa siten, että englanninkielisillä termeillä illness ja sickness viitataan itse sairauteen ja termillä disease sairauden taustalta löytyvään rakenteelliseen tai toiminnalliseen poikkeavuuteen, jota ilman eläin tai kasvi ei voisi koskaan sairastua kyseiseen sairauteen[2]",digit_in_token|citation_artifact|multiword_vocab_token,legacy,/home/vitus/floently-finnish/apps/backend/practice/data/cards/doctor_cards.json
doctor_833,doctor,Niiden mukaan hänet oli päätetty viedä hoitolaitokseen _____intijaksolle ”vaikka vastentahtoisesti”.,multiword_vocab_token,legacy,/home/vitus/floently-finnish/apps/backend/practice/data/cards/doctor_cards.json
doctor_834,doctor,Niiden mukaan hänet oli päätetty viedä hoitolaitokseen _____intijaksolle ”vaikka vastentahtoisesti”.,multiword_vocab_token,legacy,/home/vitus/floently-finnish/apps/backend/practice/data/cards/doctor_cards.json
doctor_838,doctor,"Latinaa ja yleissivistystä hankkivien lääkärien ja usein killoissa ja oppisopimuksilla harjoittelevien, joskus lukutaidottomienkin _____en välillä oli suuri ero",multiword_vocab_token,legacy,/home/vitus/floently-finnish/apps/backend/practice/data/cards/doctor_cards.json
doctor_839,doctor,"Latinaa ja yleissivistystä hankkivien lääkärien ja usein killoissa ja oppisopimuksilla harjoittelevien, joskus lukutaidottomienkin _____en välillä oli suuri ero",multiword_vocab_token,legacy,/home/vitus/floently-finnish/apps/backend/practice/data/cards/doctor_cards.json
doctor_843,doctor,Asiantuntijat suosittelevat varhaista seulontaa ja _____ oireista kärsiville.,multiword_vocab_token,legacy,/home/vitus/floently-finnish/apps/backend/practice/data/cards/doctor_cards.json
doctor_844,doctor,Asiantuntijat suosittelevat varhaista seulontaa ja _____ oireista kärsiville.,multiword_vocab_token,legacy,/home/vitus/floently-finnish/apps/backend/practice/data/cards/doctor_cards.json
doctor_848,doctor,Muissa tapauksissa potilaan edun mukaista on yleensä aloittaa mahdollisimman vähäinvasiivisesta hoidosta ja _____ leikkaukseen vain viimeisenä keinona,multiword_vocab_token,legacy,/home/vitus/floently-finnish/apps/backend/practice/data/cards/doctor_cards.json
doctor_849,doctor,Muissa tapauksissa potilaan edun mukaista on yleensä aloittaa mahdollisimman vähäinvasiivisesta hoidosta ja _____ leikkaukseen vain viimeisenä keinona,multiword_vocab_token,legacy,/home/vitus/floently-finnish/apps/backend/practice/data/cards/doctor_cards.json
doctor_853,doctor,Joidenkin mielestä _____ on jumalan leikkimistä.,multiword_vocab_token,legacy,/home/vitus/floently-finnish/apps/backend/practice/data/cards/doctor_cards.json
doctor_854,doctor,Joidenkin mielestä _____ on jumalan leikkimistä.,multiword_vocab_token,legacy,/home/vitus/floently-finnish/apps/backend/practice/data/cards/doctor_cards.json
doctor_864,doctor,"Keskeinen tavoite oli _____, liittyvätkö raskaudenaikaiset riskit masennuslääkkeisiin vai äidin masennukseen ja masennuksen vaikeusasteeseen.",multiword_vocab_token,legacy,/home/vitus/floently-finnish/apps/backend/practice/data/cards/doctor_cards.json
doctor_865,doctor,"Keskeinen tavoite oli _____, liittyvätkö raskaudenaikaiset riskit masennuslääkkeisiin vai äidin masennukseen ja masennuksen vaikeusasteeseen.",multiword_vocab_token,legacy,/home/vitus/floently-finnish/apps/backend/practice/data/cards/doctor_cards.json
doctor_869,doctor,"Syynä tähän voi olla _____ insuliinivalmisteiden annostelu, joita käytetään eri diabetesten hoitoon.[2]",digit_in_token|citation_artifact|multiword_vocab_token,legacy,/home/vitus/floently-finnish/apps/backend/practice/data/cards/doctor_cards.json
doctor_870,doctor,"Syynä tähän voi olla _____ insuliinivalmisteiden annostelu, joita käytetään eri diabetesten hoitoon.[2]",digit_in_token|citation_artifact|multiword_vocab_token,legacy,/home/vitus/floently-finnish/apps/backend/practice/data/cards/doctor_cards.json
doctor_874,doctor,Tutkimuksen _____ varoittaa lihavuuslääkkeiden lyhytaikaisesta käytöstä ilman kokonaisvaltaisempaa lähestymistapaa painonhallintaan.,multiword_vocab_token,legacy,/home/vitus/floently-finnish/apps/backend/practice/data/cards/doctor_cards.json
doctor_875,doctor,Tutkimuksen _____ varoittaa lihavuuslääkkeiden lyhytaikaisesta käytöstä ilman kokonaisvaltaisempaa lähestymistapaa painonhallintaan.,multiword_vocab_token,legacy,/home/vitus/floently-finnish/apps/backend/practice/data/cards/doctor_cards.json
doctor_879,doctor,"– Oireina ovat erittäin kova _____, korkea kuume, jatkuva niistäminen ja kova yskä, jossa lima ei kunnolla irtoa",multiword_vocab_token,legacy,/home/vitus/floently-finnish/apps/backend/practice/data/cards/doctor_cards.json
doctor_880,doctor,"– Oireina ovat erittäin kova _____, korkea kuume, jatkuva niistäminen ja kova yskä, jossa lima ei kunnolla irtoa",multiword_vocab_token,legacy,/home/vitus/floently-finnish/apps/backend/practice/data/cards/doctor_cards.json
doctor_884,doctor,"Lääketieteessä tehdään joskus ero sairauden ja sairauden aiheuttavan rakenteen tai toiminnon poikkeavuuden kanssa siten, että englanninkielisillä termeillä illness ja sickness _____an itse sairauteen ja termillä disease sairauden taustalta löytyvään rakenteelliseen tai toiminnalliseen poikkeavuuteen, jota ilman eläin tai kasvi ei voisi koskaan sairastua kyseiseen sairauteen[2]",digit_in_token|citation_artifact|multiword_vocab_token,legacy,/home/vitus/floently-finnish/apps/backend/practice/data/cards/doctor_cards.json
doctor_885,doctor,"Lääketieteessä tehdään joskus ero sairauden ja sairauden aiheuttavan rakenteen tai toiminnon poikkeavuuden kanssa siten, että englanninkielisillä termeillä illness ja sickness _____an itse sairauteen ja termillä disease sairauden taustalta löytyvään rakenteelliseen tai toiminnalliseen poikkeavuuteen, jota ilman eläin tai kasvi ei voisi koskaan sairastua kyseiseen sairauteen[2]",digit_in_token|citation_artifact|multiword_vocab_token,legacy,/home/vitus/floently-finnish/apps/backend/practice/data/cards/doctor_cards.json
doctor_889,doctor,Joulukuussa 2024 terveestä kahden pienen lapsen äidistä tuli hetkessä potilas ja kuuden eri erikoissairaanhoidon alan _____.,digit_in_token|multiword_vocab_token,legacy,/home/vitus/floently-finnish/apps/backend/practice/data/cards/doctor_cards.json
doctor_890,doctor,Joulukuussa 2024 terveestä kahden pienen lapsen äidistä tuli hetkessä potilas ja kuuden eri erikoissairaanhoidon alan _____.,digit_in_token|multiword_vocab_token,legacy,/home/vitus/floently-finnish/apps/backend/practice/data/cards/doctor_cards.json
doctor_894,doctor,"Riskinä olivat myös päihdeongelmat, joiden esiintyminen korostui _____, joilla oli eniten oireita nuorena",multiword_vocab_token,legacy,/home/vitus/floently-finnish/apps/backend/practice/data/cards/doctor_cards.json
doctor_895,doctor,"Riskinä olivat myös päihdeongelmat, joiden esiintyminen korostui _____, joilla oli eniten oireita nuorena",multiword_vocab_token,legacy,/home/vitus/floently-finnish/apps/backend/practice/data/cards/doctor_cards.json
doctor_899,doctor,"He kilpailevat samoista asiakkaista sekä toisten ammatinharjoittajien että lääkäriasemien kanssa, sillä lääkäriasemilla on töissä myös _____suhteisia lääkäreitä.",multiword_vocab_token,legacy,/home/vitus/floently-finnish/apps/backend/practice/data/cards/doctor_cards.json
doctor_900,doctor,"He kilpailevat samoista asiakkaista sekä toisten ammatinharjoittajien että lääkäriasemien kanssa, sillä lääkäriasemilla on töissä myös _____suhteisia lääkäreitä.",multiword_vocab_token,legacy,/home/vitus/floently-finnish/apps/backend/practice/data/cards/doctor_cards.json
doctor_910,doctor,Silloin voisi ehkä tehdä enemmän ennaltaehkäisevääkin lääkärityötä ja _____ omalääkärimallia.,multiword_vocab_token,legacy,/home/vitus/floently-finnish/apps/backend/practice/data/cards/doctor_cards.json
doctor_911,doctor,Silloin voisi ehkä tehdä enemmän ennaltaehkäisevääkin lääkärityötä ja _____ omalääkärimallia.,multiword_vocab_token,legacy,/home/vitus/floently-finnish/apps/backend/practice/data/cards/doctor_cards.json
doctor_915,doctor,"Ylen _____t henkilöt kertovat, että lääkäriasemat ovat yksipuolisesti muuttaneet sopimusten ehtoja ammatinharjoittajille huonompaan suuntaan.",multiword_vocab_token,legacy,/home/vitus/floently-finnish/apps/backend/practice/data/cards/doctor_cards.json
doctor_916,doctor,"Ylen _____t henkilöt kertovat, että lääkäriasemat ovat yksipuolisesti muuttaneet sopimusten ehtoja ammatinharjoittajille huonompaan suuntaan.",multiword_vocab_token,legacy,/home/vitus/floently-finnish/apps/backend/practice/data/cards/doctor_cards.json
doctor_920,doctor,"Samalla on kuitenkin tarpeen _____ tarkasti sekä raskauden kulkua että vastasyntyneen vointia, kertoo tiedotteessa tutkimuksen pääkirjoittaja, Turun yliopiston Lastenpsykiatrian tutkimuskeskuksen dosentti, Heli Malm.",multiword_vocab_token,legacy,/home/vitus/floently-finnish/apps/backend/practice/data/cards/doctor_cards.json
doctor_921,doctor,"Samalla on kuitenkin tarpeen _____ tarkasti sekä raskauden kulkua että vastasyntyneen vointia, kertoo tiedotteessa tutkimuksen pääkirjoittaja, Turun yliopiston Lastenpsykiatrian tutkimuskeskuksen dosentti, Heli Malm.",multiword_vocab_token,legacy,/home/vitus/floently-finnish/apps/backend/practice/data/cards/doctor_cards.json
doctor_925,doctor,Esi_____nä eräitä nivelreuman erotusdiagnooseja ovat nivelrikko ja reaktiivinen niveltulehdus.,multiword_vocab_token,legacy,/home/vitus/floently-finnish/apps/backend/practice/data/cards/doctor_cards.json
doctor_926,doctor,Esi_____nä eräitä nivelreuman erotusdiagnooseja ovat nivelrikko ja reaktiivinen niveltulehdus.,multiword_vocab_token,legacy,/home/vitus/floently-finnish/apps/backend/practice/data/cards/doctor_cards.json
doctor_930,doctor,"Riski lisääntyy niin paljon, että yli 95 % selkärankareumaa sairastavista ja noin 80 % reaktiivista niveltulehdusta sairastavista kantaa HLA-B27 _____antigeenia",digit_in_token|multiword_vocab_token,legacy,/home/vitus/floently-finnish/apps/backend/practice/data/cards/doctor_cards.json
doctor_931,doctor,"Riski lisääntyy niin paljon, että yli 95 % selkärankareumaa sairastavista ja noin 80 % reaktiivista niveltulehdusta sairastavista kantaa HLA-B27 _____antigeenia",digit_in_token|multiword_vocab_token,legacy,/home/vitus/floently-finnish/apps/backend/practice/data/cards/doctor_cards.json
doctor_938,doctor,Tällaisia ovat esimerkiksi jonkin lääkkeen niin _____ off label -käyttö.[10] Muunlainen näyttöön perustumaton hoito määritellään nykyisin uskomuslääkinnäksi[11].,digit_in_token|citation_artifact|multiword_vocab_token,legacy,/home/vitus/floently-finnish/apps/backend/practice/data/cards/doctor_cards.json
doctor_939,doctor,Tällaisia ovat esimerkiksi jonkin lääkkeen niin _____ off label -käyttö.[10] Muunlainen näyttöön perustumaton hoito määritellään nykyisin uskomuslääkinnäksi[11].,digit_in_token|citation_artifact|multiword_vocab_token,legacy,/home/vitus/floently-finnish/apps/backend/practice/data/cards/doctor_cards.json
doctor_943,doctor,"Tämän rinnalla voi toimia myös _____, jos lääkäri niin arvioi.",multiword_vocab_token,legacy,/home/vitus/floently-finnish/apps/backend/practice/data/cards/doctor_cards.json
doctor_944,doctor,"Tämän rinnalla voi toimia myös _____, jos lääkäri niin arvioi.",multiword_vocab_token,legacy,/home/vitus/floently-finnish/apps/backend/practice/data/cards/doctor_cards.json
doctor_948,doctor,nosos) on oireita aiheuttava haitallinen poikkeama elimistön nor_____lista toiminnasta[1].,digit_in_token|citation_artifact|multiword_vocab_token,legacy,/home/vitus/floently-finnish/apps/backend/practice/data/cards/doctor_cards.json
doctor_949,doctor,nosos) on oireita aiheuttava haitallinen poikkeama elimistön nor_____lista toiminnasta[1].,digit_in_token|citation_artifact|multiword_vocab_token,legacy,/home/vitus/floently-finnish/apps/backend/practice/data/cards/doctor_cards.json
doctor_953,doctor,Sen ilmeneminen myös kertoo äidin suuremmasta todennäköisyydestä sairastua tulevaisuudessa tyypin 2 diabetekseen tai _____ihin sydän- ja verisuonitauteihin,digit_in_token|multiword_vocab_token,legacy,/home/vitus/floently-finnish/apps/backend/practice/data/cards/doctor_cards.json
doctor_954,doctor,Sen ilmeneminen myös kertoo äidin suuremmasta todennäköisyydestä sairastua tulevaisuudessa tyypin 2 diabetekseen tai _____ihin sydän- ja verisuonitauteihin,digit_in_token|multiword_vocab_token,legacy,/home/vitus/floently-finnish/apps/backend/practice/data/cards/doctor_cards.json
doctor_958,doctor,"Julkinen keskustelu, _____piteet, kulttuuriset normit ja taloudelliset intressit vaikuttavat siihen, mitä kulloinkin pidetään sairautena",multiword_vocab_token,legacy,/home/vitus/floently-finnish/apps/backend/practice/data/cards/doctor_cards.json
doctor_959,doctor,"Julkinen keskustelu, _____piteet, kulttuuriset normit ja taloudelliset intressit vaikuttavat siihen, mitä kulloinkin pidetään sairautena",multiword_vocab_token,legacy,/home/vitus/floently-finnish/apps/backend/practice/data/cards/doctor_cards.json
doctor_963,doctor,"Lääkärien lisäksi ammatinharjoittajina työskentelee hammas_____, fysioterapeutteja, ravitsemusterapeutteja, psykologeja, psykoterapeutteja ja muita terveydenhuollon ammattilaisia",multiword_vocab_token,legacy,/home/vitus/floently-finnish/apps/backend/practice/data/cards/doctor_cards.json
doctor_964,doctor,"Lääkärien lisäksi ammatinharjoittajina työskentelee hammas_____, fysioterapeutteja, ravitsemusterapeutteja, psykologeja, psykoterapeutteja ja muita terveydenhuollon ammattilaisia",multiword_vocab_token,legacy,/home/vitus/floently-finnish/apps/backend/practice/data/cards/doctor_cards.json
doctor_968,doctor,"Lääkärien lisäksi _____na työskentelee hammaslääkäreitä, fysioterapeutteja, ravitsemusterapeutteja, psykologeja, psykoterapeutteja ja muita terveydenhuollon ammattilaisia",multiword_vocab_token,legacy,/home/vitus/floently-finnish/apps/backend/practice/data/cards/doctor_cards.json
doctor_969,doctor,"Lääkärien lisäksi _____na työskentelee hammaslääkäreitä, fysioterapeutteja, ravitsemusterapeutteja, psykologeja, psykoterapeutteja ja muita terveydenhuollon ammattilaisia",multiword_vocab_token,legacy,/home/vitus/floently-finnish/apps/backend/practice/data/cards/doctor_cards.json
doctor_973,doctor,"Isossa-Britanniassa hoitosuositukset laaditaan puolestaan _____viranomaisen asettamissa riippumattomissa komiteoissa, joiden jäseninä on sekä ammattilaisten että potilaiden edustajia",multiword_vocab_token,legacy,/home/vitus/floently-finnish/apps/backend/practice/data/cards/doctor_cards.json
doctor_974,doctor,"Isossa-Britanniassa hoitosuositukset laaditaan puolestaan _____viranomaisen asettamissa riippumattomissa komiteoissa, joiden jäseninä on sekä ammattilaisten että potilaiden edustajia",multiword_vocab_token,legacy,/home/vitus/floently-finnish/apps/backend/practice/data/cards/doctor_cards.json
doctor_978,doctor,"Ylen haastattelemat henkilöt kertovat, että lääkäriasemat ovat yksipuolisesti muuttaneet sopimusten _____ja ammatinharjoittajille huonompaan suuntaan.",multiword_vocab_token,legacy,/home/vitus/floently-finnish/apps/backend/practice/data/cards/doctor_cards.json
doctor_979,doctor,"Ylen haastattelemat henkilöt kertovat, että lääkäriasemat ovat yksipuolisesti muuttaneet sopimusten _____ja ammatinharjoittajille huonompaan suuntaan.",multiword_vocab_token,legacy,/home/vitus/floently-finnish/apps/backend/practice/data/cards/doctor_cards.json
doctor_986,doctor,Kirurgisen hoidon haittavaikutukset[23] voidaan yleisesti _____ välittömiin ja viivästyneisiin komplikaatioihin.[24] Välittömät haittavaikutukset ilmenevät jo toimenpiteen aikana tai välittömästi sen jälkeen,digit_in_token|citation_artifact|multiword_vocab_token,legacy,/home/vitus/floently-finnish/apps/backend/practice/data/cards/doctor_cards.json
doctor_987,doctor,Kirurgisen hoidon haittavaikutukset[23] voidaan yleisesti _____ välittömiin ja viivästyneisiin komplikaatioihin.[24] Välittömät haittavaikutukset ilmenevät jo toimenpiteen aikana tai välittömästi sen jälkeen,digit_in_token|citation_artifact|multiword_vocab_token,legacy,/home/vitus/floently-finnish/apps/backend/practice/data/cards/doctor_cards.json
doctor_991,doctor,Tulehduksen sivuvaikutuksena syntyy myös ympäröivien kudosten vaurioita.[15] Immuunijärjestelmän toiminnan sivutuotteena syntyy joskus yhtä paljon kudosvaurioita kuin mitä pato_____t ehtivät aiheuttaa.[16] Elimistön tuottama tulehdusvaste saattaa jopa tappaa potilaan.[17],digit_in_token|citation_artifact|multiword_vocab_token,legacy,/home/vitus/floently-finnish/apps/backend/practice/data/cards/doctor_cards.json
doctor_992,doctor,Tulehduksen sivuvaikutuksena syntyy myös ympäröivien kudosten vaurioita.[15] Immuunijärjestelmän toiminnan sivutuotteena syntyy joskus yhtä paljon kudosvaurioita kuin mitä pato_____t ehtivät aiheuttaa.[16] Elimistön tuottama tulehdusvaste saattaa jopa tappaa potilaan.[17],digit_in_token|citation_artifact|multiword_vocab_token,legacy,/home/vitus/floently-finnish/apps/backend/practice/data/cards/doctor_cards.json
doctor_999,doctor,"Näiden keskiarvon perusteella diagnosoidaan kohonnut verenpaine.[9] Jos potilaalla _____än olevan kohonnut verenpaine, tehdään mittaukset lääkärin tai terveydenhoitajan luona useana eri päivänä lyhyehkön ajanjakson sisällä",digit_in_token|citation_artifact|multiword_vocab_token,legacy,/home/vitus/floently-finnish/apps/backend/practice/data/cards/doctor_cards.json
doctor_1000,doctor,"Näiden keskiarvon perusteella diagnosoidaan kohonnut verenpaine.[9] Jos potilaalla _____än olevan kohonnut verenpaine, tehdään mittaukset lääkärin tai terveydenhoitajan luona useana eri päivänä lyhyehkön ajanjakson sisällä",digit_in_token|citation_artifact|multiword_vocab_token,legacy,/home/vitus/floently-finnish/apps/backend/practice/data/cards/doctor_cards.json
doctor_1004,doctor,"Elina Hanhivaaran äidin tilanne kulminoituukin pitkälti siihen, onko hänellä _____ kieltäytyä turhina pitämistään lääkkeistä",multiword_vocab_token,legacy,/home/vitus/floently-finnish/apps/backend/practice/data/cards/doctor_cards.json
doctor_1005,doctor,"Elina Hanhivaaran äidin tilanne kulminoituukin pitkälti siihen, onko hänellä _____ kieltäytyä turhina pitämistään lääkkeistä",multiword_vocab_token,legacy,/home/vitus/floently-finnish/apps/backend/practice/data/cards/doctor_cards.json
doctor_1009,doctor,Yle on haastatellut _____a varten useita ammatinharjoittajina toimivia lääkäreitä ja muita aihetta hyvin tuntevia henkilöitä,multiword_vocab_token,legacy,/home/vitus/floently-finnish/apps/backend/practice/data/cards/doctor_cards.json
doctor_1010,doctor,Yle on haastatellut _____a varten useita ammatinharjoittajina toimivia lääkäreitä ja muita aihetta hyvin tuntevia henkilöitä,multiword_vocab_token,legacy,/home/vitus/floently-finnish/apps/backend/practice/data/cards/doctor_cards.json
doctor_1014,doctor,"Silloin sitä varten annetut hoitotoimenpiteet ja lääkkeet eivät välttämättä poista oireiden aiheuttajaa, ja _____mpia mahdollisesti hengenvaarallisiakin seurauksia voi tulla.",multiword_vocab_token,legacy,/home/vitus/floently-finnish/apps/backend/practice/data/cards/doctor_cards.json
doctor_1015,doctor,"Silloin sitä varten annetut hoitotoimenpiteet ja lääkkeet eivät välttämättä poista oireiden aiheuttajaa, ja _____mpia mahdollisesti hengenvaarallisiakin seurauksia voi tulla.",multiword_vocab_token,legacy,/home/vitus/floently-finnish/apps/backend/practice/data/cards/doctor_cards.json
doctor_1019,doctor,"Diabetes mellitus (DM) on yleisnimi _____lle sokeriaineenvaihdunnan sairauksia, jotka aiheuttavat hyperglykemiaa eli veren glukoosipitoisuuden eli verensokerin liiallista nousua",multiword_vocab_token,legacy,/home/vitus/floently-finnish/apps/backend/practice/data/cards/doctor_cards.json
doctor_1020,doctor,"Diabetes mellitus (DM) on yleisnimi _____lle sokeriaineenvaihdunnan sairauksia, jotka aiheuttavat hyperglykemiaa eli veren glukoosipitoisuuden eli verensokerin liiallista nousua",multiword_vocab_token,legacy,/home/vitus/floently-finnish/apps/backend/practice/data/cards/doctor_cards.json
doctor_1024,doctor,Osa ihmisistä on perinnöllisesti alttiimpia kehittämään _____n,multiword_vocab_token,legacy,/home/vitus/floently-finnish/apps/backend/practice/data/cards/doctor_cards.json
doctor_1025,doctor,Osa ihmisistä on perinnöllisesti alttiimpia kehittämään _____n,multiword_vocab_token,legacy,/home/vitus/floently-finnish/apps/backend/practice/data/cards/doctor_cards.json
doctor_1035,doctor,Potilas kärsi kroonisesta _____.,multiword_vocab_token,legacy,/home/vitus/floently-finnish/apps/backend/practice/data/cards/doctor_cards.json
doctor_1036,doctor,Potilas kärsi kroonisesta _____.,multiword_vocab_token,legacy,/home/vitus/floently-finnish/apps/backend/practice/data/cards/doctor_cards.json
doctor_1043,doctor,"Syöpä on yhä yleisempi sairaus, sillä diagnoosit lisääntyvät _____n ikääntyessä.",multiword_vocab_token,legacy,/home/vitus/floently-finnish/apps/backend/practice/data/cards/doctor_cards.json
doctor_1044,doctor,"Syöpä on yhä yleisempi sairaus, sillä diagnoosit lisääntyvät _____n ikääntyessä.",multiword_vocab_token,legacy,/home/vitus/floently-finnish/apps/backend/practice/data/cards/doctor_cards.json
doctor_1048,doctor,"Malmin mukaan yhteys raskausdiabetekseen vaatii vielä lisää tutkimuksia, jotta syy-seuraussuhteet ja _____lla olevat biologiset mekanismit ymmärrettäsiin paremmin.",multiword_vocab_token,legacy,/home/vitus/floently-finnish/apps/backend/practice/data/cards/doctor_cards.json
doctor_1049,doctor,"Malmin mukaan yhteys raskausdiabetekseen vaatii vielä lisää tutkimuksia, jotta syy-seuraussuhteet ja _____lla olevat biologiset mekanismit ymmärrettäsiin paremmin.",multiword_vocab_token,legacy,/home/vitus/floently-finnish/apps/backend/practice/data/cards/doctor_cards.json
doctor_1053,doctor,"Jos niitä käytetään ja saasteita on, voi ilmetä esimerkiksi erilaisille sairauksille ja syövälle altistumista pidemmällä _____llä, Emma Hakala sanoo.",multiword_vocab_token,legacy,/home/vitus/floently-finnish/apps/backend/practice/data/cards/doctor_cards.json
doctor_1054,doctor,"Jos niitä käytetään ja saasteita on, voi ilmetä esimerkiksi erilaisille sairauksille ja syövälle altistumista pidemmällä _____llä, Emma Hakala sanoo.",multiword_vocab_token,legacy,/home/vitus/floently-finnish/apps/backend/practice/data/cards/doctor_cards.json
doctor_1058,doctor,"Korkea veren glukoosipitoisuus eli hyperglykemia on kuitenkin niille kaikille _____ oire ja se aiheuttaa muun muassa runsasjanoisuutta (polydipsiaa), runsasta virtsaamistarvetta (polyuriaa), kehonpainon laskua ja väsymystä",multiword_vocab_token,legacy,/home/vitus/floently-finnish/apps/backend/practice/data/cards/doctor_cards.json
doctor_1059,doctor,"Korkea veren glukoosipitoisuus eli hyperglykemia on kuitenkin niille kaikille _____ oire ja se aiheuttaa muun muassa runsasjanoisuutta (polydipsiaa), runsasta virtsaamistarvetta (polyuriaa), kehonpainon laskua ja väsymystä",multiword_vocab_token,legacy,/home/vitus/floently-finnish/apps/backend/practice/data/cards/doctor_cards.json
doctor_1066,doctor,"Hormonihoitoja käytetään yleensä rintasyövän, eturauhasen syövän, kilpirauhassyövän ja kohdun runko-osan syövän _____ssa",multiword_vocab_token,legacy,/home/vitus/floently-finnish/apps/backend/practice/data/cards/doctor_cards.json
doctor_1067,doctor,"Hormonihoitoja käytetään yleensä rintasyövän, eturauhasen syövän, kilpirauhassyövän ja kohdun runko-osan syövän _____ssa",multiword_vocab_token,legacy,/home/vitus/floently-finnish/apps/backend/practice/data/cards/doctor_cards.json
doctor_1080,doctor,"Näiden _____n perusteella diagnosoidaan kohonnut verenpaine.[9] Jos potilaalla epäillään olevan kohonnut verenpaine, tehdään mittaukset lääkärin tai terveydenhoitajan luona useana eri päivänä lyhyehkön ajanjakson sisällä",digit_in_token|citation_artifact|multiword_vocab_token,legacy,/home/vitus/floently-finnish/apps/backend/practice/data/cards/doctor_cards.json
doctor_1081,doctor,"Näiden _____n perusteella diagnosoidaan kohonnut verenpaine.[9] Jos potilaalla epäillään olevan kohonnut verenpaine, tehdään mittaukset lääkärin tai terveydenhoitajan luona useana eri päivänä lyhyehkön ajanjakson sisällä",digit_in_token|citation_artifact|multiword_vocab_token,legacy,/home/vitus/floently-finnish/apps/backend/practice/data/cards/doctor_cards.json
doctor_1085,doctor,"Kohonneen _____en syitä ovat perinnölliset tekijät, eräät sairaudet sekä seuraavat:[9]",digit_in_token|citation_artifact|multiword_vocab_token,legacy,/home/vitus/floently-finnish/apps/backend/practice/data/cards/doctor_cards.json
doctor_1086,doctor,"Kohonneen _____en syitä ovat perinnölliset tekijät, eräät sairaudet sekä seuraavat:[9]",digit_in_token|citation_artifact|multiword_vocab_token,legacy,/home/vitus/floently-finnish/apps/backend/practice/data/cards/doctor_cards.json
doctor_1090,doctor,Myös helsinkiläinen Jani Toikka kärsii influenssan oireista jo kolmatta _____a,multiword_vocab_token,legacy,/home/vitus/floently-finnish/apps/backend/practice/data/cards/doctor_cards.json
doctor_1091,doctor,Myös helsinkiläinen Jani Toikka kärsii influenssan oireista jo kolmatta _____a,multiword_vocab_token,legacy,/home/vitus/floently-finnish/apps/backend/practice/data/cards/doctor_cards.json
doctor_1095,doctor,"MODY-oireyhtymät ovat määritelmältään ryhmä lievää tai vakavaa _____a aiheuttavia, yksigeenisiä ja dominantisti periytyviä sairauksia, jotka alkavat alle 30-vuotiaana",digit_in_token|multiword_vocab_token,legacy,/home/vitus/floently-finnish/apps/backend/practice/data/cards/doctor_cards.json
doctor_1096,doctor,"MODY-oireyhtymät ovat määritelmältään ryhmä lievää tai vakavaa _____a aiheuttavia, yksigeenisiä ja dominantisti periytyviä sairauksia, jotka alkavat alle 30-vuotiaana",digit_in_token|multiword_vocab_token,legacy,/home/vitus/floently-finnish/apps/backend/practice/data/cards/doctor_cards.json
doctor_1100,doctor,"Vertailun vuoksi, 20 minuutin lääkärikäyntinsä täysin itse maksavasta potilaasta yleislääkärin palkkio on Terveystalon suuntaa-antavan hinnaston mukaan 64–186 _____a",digit_in_token|multiword_vocab_token,legacy,/home/vitus/floently-finnish/apps/backend/practice/data/cards/doctor_cards.json
doctor_1101,doctor,"Vertailun vuoksi, 20 minuutin lääkärikäyntinsä täysin itse maksavasta potilaasta yleislääkärin palkkio on Terveystalon suuntaa-antavan hinnaston mukaan 64–186 _____a",digit_in_token|multiword_vocab_token,legacy,/home/vitus/floently-finnish/apps/backend/practice/data/cards/doctor_cards.json
doctor_1105,doctor,Myös pitkäkes_____ refluksitauti ja lihavuus lisäävät ruokatorven adenokarsinoomien vaaraa,multiword_vocab_token,legacy,/home/vitus/floently-finnish/apps/backend/practice/data/cards/doctor_cards.json
doctor_1106,doctor,Myös pitkäkes_____ refluksitauti ja lihavuus lisäävät ruokatorven adenokarsinoomien vaaraa,multiword_vocab_token,legacy,/home/vitus/floently-finnish/apps/backend/practice/data/cards/doctor_cards.json
doctor_1110,doctor,Moni _____a sairastanut kertoi korkeasta kuumeesta ja sitkeästä yskästä,multiword_vocab_token,legacy,/home/vitus/floently-finnish/apps/backend/practice/data/cards/doctor_cards.json
doctor_1111,doctor,Moni _____a sairastanut kertoi korkeasta kuumeesta ja sitkeästä yskästä,multiword_vocab_token,legacy,/home/vitus/floently-finnish/apps/backend/practice/data/cards/doctor_cards.json
doctor_1118,doctor,"Diabetes mellituksesta käytetään usein lyhyttä muotoa diabetes, kuten myös tässä _____ssa, vaikka pelkkä ”diabetes” voi viitata myös diabetes insipidukseen.[2] Diabetes mellitus -sairauksia on aikaisemmin myös kutsuttu nimellä sokeritauti[3].",digit_in_token|citation_artifact|multiword_vocab_token,legacy,/home/vitus/floently-finnish/apps/backend/practice/data/cards/doctor_cards.json
doctor_1119,doctor,"Diabetes mellituksesta käytetään usein lyhyttä muotoa diabetes, kuten myös tässä _____ssa, vaikka pelkkä ”diabetes” voi viitata myös diabetes insipidukseen.[2] Diabetes mellitus -sairauksia on aikaisemmin myös kutsuttu nimellä sokeritauti[3].",digit_in_token|citation_artifact|multiword_vocab_token,legacy,/home/vitus/floently-finnish/apps/backend/practice/data/cards/doctor_cards.json
doctor_1123,doctor,Varhaisvaiheessa metformiinin kaltaiset lääkkeet voivat _____ hoidoksi,multiword_vocab_token,legacy,/home/vitus/floently-finnish/apps/backend/practice/data/cards/doctor_cards.json
doctor_1124,doctor,Varhaisvaiheessa metformiinin kaltaiset lääkkeet voivat _____ hoidoksi,multiword_vocab_token,legacy,/home/vitus/floently-finnish/apps/backend/practice/data/cards/doctor_cards.json
doctor_1128,doctor,"Tyypin 2 diabetes on tämän moninaisuutensa takia oikeastaan joukko sairauksia, joiden _____tkin ovat moninaisia",digit_in_token|multiword_vocab_token,legacy,/home/vitus/floently-finnish/apps/backend/practice/data/cards/doctor_cards.json
doctor_1129,doctor,"Tyypin 2 diabetes on tämän moninaisuutensa takia oikeastaan joukko sairauksia, joiden _____tkin ovat moninaisia",digit_in_token|multiword_vocab_token,legacy,/home/vitus/floently-finnish/apps/backend/practice/data/cards/doctor_cards.json
doctor_1133,doctor,Se voi vaikeuttaa lääkäreiden työllistämistä varsinkin kun _____alueilla on jo nyt taloudellisesti tiukkaa.,multiword_vocab_token,legacy,/home/vitus/floently-finnish/apps/backend/practice/data/cards/doctor_cards.json
doctor_1134,doctor,Se voi vaikeuttaa lääkäreiden työllistämistä varsinkin kun _____alueilla on jo nyt taloudellisesti tiukkaa.,multiword_vocab_token,legacy,/home/vitus/floently-finnish/apps/backend/practice/data/cards/doctor_cards.json
doctor_1138,doctor,"Koronapandemian vaikutus kokonaiskuolleisuuteen oli Suomessa pandemia-aikana vähäinen, kertoo Terveyden ja hyvinvoinnin _____.",multiword_vocab_token,legacy,/home/vitus/floently-finnish/apps/backend/practice/data/cards/doctor_cards.json
doctor_1139,doctor,"Koronapandemian vaikutus kokonaiskuolleisuuteen oli Suomessa pandemia-aikana vähäinen, kertoo Terveyden ja hyvinvoinnin _____.",multiword_vocab_token,legacy,/home/vitus/floently-finnish/apps/backend/practice/data/cards/doctor_cards.json
doctor_1143,doctor,"Meningokokkibakteeri voi levitä melko helposti, kertoo Terveyden ja hyvinvoinnin laitoksen _____, professori Hanna Nohynek.",multiword_vocab_token,legacy,/home/vitus/floently-finnish/apps/backend/practice/data/cards/doctor_cards.json
doctor_1144,doctor,"Meningokokkibakteeri voi levitä melko helposti, kertoo Terveyden ja hyvinvoinnin laitoksen _____, professori Hanna Nohynek.",multiword_vocab_token,legacy,/home/vitus/floently-finnish/apps/backend/practice/data/cards/doctor_cards.json
doctor_1148,doctor,Haluttujen laihdutuslääkkeiden ympärillä pyörivä bisnes on klinikoille _____.,multiword_vocab_token,legacy,/home/vitus/floently-finnish/apps/backend/practice/data/cards/doctor_cards.json
doctor_1149,doctor,Haluttujen laihdutuslääkkeiden ympärillä pyörivä bisnes on klinikoille _____.,multiword_vocab_token,legacy,/home/vitus/floently-finnish/apps/backend/practice/data/cards/doctor_cards.json
doctor_1153,doctor,"Jos hinta on yli _____n, pitää lääkäriasema ylimenevän summan itsellään.",multiword_vocab_token,legacy,/home/vitus/floently-finnish/apps/backend/practice/data/cards/doctor_cards.json
doctor_1154,doctor,"Jos hinta on yli _____n, pitää lääkäriasema ylimenevän summan itsellään.",multiword_vocab_token,legacy,/home/vitus/floently-finnish/apps/backend/practice/data/cards/doctor_cards.json
doctor_1158,doctor,"Jos tälle koko potille laitetaan yläraja, joka on sata euroa, ja josta yksityinen terveydenhuollon tarjoaja haluaa saada sen oman pottinsa… laboratoriokokeista saa tietyn _____n, mutta miten loppu_____ jyvitetään, niin ymmärrän huolen tietyllä tavalla.",multiword_vocab_token,legacy,/home/vitus/floently-finnish/apps/backend/practice/data/cards/doctor_cards.json
doctor_1159,doctor,"Jos tälle koko potille laitetaan yläraja, joka on sata euroa, ja josta yksityinen terveydenhuollon tarjoaja haluaa saada sen oman pottinsa… laboratoriokokeista saa tietyn _____n, mutta miten loppu_____ jyvitetään, niin ymmärrän huolen tietyllä tavalla.",multiword_vocab_token,legacy,/home/vitus/floently-finnish/apps/backend/practice/data/cards/doctor_cards.json
doctor_1166,doctor,"Jatkuvan matala-asteisen eli niin sanotun ”hiljaisen” tulehduksen arvioidaan olevan melkein kaikkien länsimaiden kroonisten tautien osatekijä (muun muassa syöpä, diabetes, lihavuus, Alzheimerin tauti, sepelvalti_____auti ja aivoinfarktit)[27]",digit_in_token|citation_artifact|multiword_vocab_token,legacy,/home/vitus/floently-finnish/apps/backend/practice/data/cards/doctor_cards.json
doctor_1167,doctor,"Jatkuvan matala-asteisen eli niin sanotun ”hiljaisen” tulehduksen arvioidaan olevan melkein kaikkien länsimaiden kroonisten tautien osatekijä (muun muassa syöpä, diabetes, lihavuus, Alzheimerin tauti, sepelvalti_____auti ja aivoinfarktit)[27]",digit_in_token|citation_artifact|multiword_vocab_token,legacy,/home/vitus/floently-finnish/apps/backend/practice/data/cards/doctor_cards.json
doctor_1174,doctor,– Jo hoidon aloitusvaiheessa pitäisi punnita mahdollisia haittoja ja _____jä ja keskustella näistä asioista.,multiword_vocab_token,legacy,/home/vitus/floently-finnish/apps/backend/practice/data/cards/doctor_cards.json
doctor_1175,doctor,– Jo hoidon aloitusvaiheessa pitäisi punnita mahdollisia haittoja ja _____jä ja keskustella näistä asioista.,multiword_vocab_token,legacy,/home/vitus/floently-finnish/apps/backend/practice/data/cards/doctor_cards.json
doctor_1179,doctor,"Ei siis ole ihme, että nettiklinikoiden määrä _____ nopeasti",multiword_vocab_token,legacy,/home/vitus/floently-finnish/apps/backend/practice/data/cards/doctor_cards.json
doctor_1180,doctor,"Ei siis ole ihme, että nettiklinikoiden määrä _____ nopeasti",multiword_vocab_token,legacy,/home/vitus/floently-finnish/apps/backend/practice/data/cards/doctor_cards.json
doctor_1184,doctor,Tämän hyöty kasvaa leikkausinfektion _____ kasvaessa,multiword_vocab_token,legacy,/home/vitus/floently-finnish/apps/backend/practice/data/cards/doctor_cards.json
doctor_1185,doctor,Tämän hyöty kasvaa leikkausinfektion _____ kasvaessa,multiword_vocab_token,legacy,/home/vitus/floently-finnish/apps/backend/practice/data/cards/doctor_cards.json
doctor_1195,doctor,"Patogeenit eli _____t tunkeutuvat elimistöön usein hengitysteiden, suoliston, sukuelinten tai avointen haavojen kautta",multiword_vocab_token,legacy,/home/vitus/floently-finnish/apps/backend/practice/data/cards/doctor_cards.json
doctor_1196,doctor,"Patogeenit eli _____t tunkeutuvat elimistöön usein hengitysteiden, suoliston, sukuelinten tai avointen haavojen kautta",multiword_vocab_token,legacy,/home/vitus/floently-finnish/apps/backend/practice/data/cards/doctor_cards.json
doctor_1200,doctor,"Asiantarkastajina sarjassa ovat toimineet Lihastautiliitto, Luustoliitto, Sydänliitto, Aivoliitto, Lääkäriliitto, IBD ja muut _____sairaudet ry sekä astma- ja allergia-asiantuntija",multiword_vocab_token,legacy,/home/vitus/floently-finnish/apps/backend/practice/data/cards/doctor_cards.json
doctor_1201,doctor,"Asiantarkastajina sarjassa ovat toimineet Lihastautiliitto, Luustoliitto, Sydänliitto, Aivoliitto, Lääkäriliitto, IBD ja muut _____sairaudet ry sekä astma- ja allergia-asiantuntija",multiword_vocab_token,legacy,/home/vitus/floently-finnish/apps/backend/practice/data/cards/doctor_cards.json
doctor_1205,doctor,"Lääketieteellistä tutkimusta tarvitaan muun muassa sen vuoksi, etteivät hoitoja antavat tahot kykene itse arvioimaan hoitojen _____a esimerkiksi valikoitumisharhan vuoksi (engl",multiword_vocab_token,legacy,/home/vitus/floently-finnish/apps/backend/practice/data/cards/doctor_cards.json
doctor_1206,doctor,"Lääketieteellistä tutkimusta tarvitaan muun muassa sen vuoksi, etteivät hoitoja antavat tahot kykene itse arvioimaan hoitojen _____a esimerkiksi valikoitumisharhan vuoksi (engl",multiword_vocab_token,legacy,/home/vitus/floently-finnish/apps/backend/practice/data/cards/doctor_cards.json
doctor_1210,doctor,Immuunivasteen muuntajien teho säilyy osalla _____ kuukausia ja jopa vuosia,multiword_vocab_token,legacy,/home/vitus/floently-finnish/apps/backend/practice/data/cards/doctor_cards.json
doctor_1211,doctor,Immuunivasteen muuntajien teho säilyy osalla _____ kuukausia ja jopa vuosia,multiword_vocab_token,legacy,/home/vitus/floently-finnish/apps/backend/practice/data/cards/doctor_cards.json
doctor_1215,doctor,Se myös lisää syntyvän lapsen riskiä sairastua näihin sairauksiin.[16] Raskausdiabetes alkaa yleensä raskauden puolivälissä tai viimeisellä _____lla,digit_in_token|citation_artifact|multiword_vocab_token,legacy,/home/vitus/floently-finnish/apps/backend/practice/data/cards/doctor_cards.json
doctor_1216,doctor,Se myös lisää syntyvän lapsen riskiä sairastua näihin sairauksiin.[16] Raskausdiabetes alkaa yleensä raskauden puolivälissä tai viimeisellä _____lla,digit_in_token|citation_artifact|multiword_vocab_token,legacy,/home/vitus/floently-finnish/apps/backend/practice/data/cards/doctor_cards.json
doctor_1235,doctor,Metsä_____ seuraa nyt tautitilannetta aktiivisesti ja pyytää retkeilijöitä myös ilmoittamaan mahdollisesta vatsataudista luontoon.fi -palvelun palautesivulla,multiword_vocab_token,legacy,/home/vitus/floently-finnish/apps/backend/practice/data/cards/doctor_cards.json
doctor_1236,doctor,Metsä_____ seuraa nyt tautitilannetta aktiivisesti ja pyytää retkeilijöitä myös ilmoittamaan mahdollisesta vatsataudista luontoon.fi -palvelun palautesivulla,multiword_vocab_token,legacy,/home/vitus/floently-finnish/apps/backend/practice/data/cards/doctor_cards.json
doctor_1240,doctor,Lihavuudenhoitolääke Ozempic vaikuttaa aivojen kylläisyyskeskukseen ja _____ ruokahalua,multiword_vocab_token,legacy,/home/vitus/floently-finnish/apps/backend/practice/data/cards/doctor_cards.json
doctor_1241,doctor,Lihavuudenhoitolääke Ozempic vaikuttaa aivojen kylläisyyskeskukseen ja _____ ruokahalua,multiword_vocab_token,legacy,/home/vitus/floently-finnish/apps/backend/practice/data/cards/doctor_cards.json
doctor_1248,doctor,"Arviolta 5-8 prosenttia maapallon väestöstä _____ jotain yhden geenimuunnoksen aiheuttamaa sairautta, jollaisia tunnetaan 2020-luvulla jo yli 7 000",digit_in_token|multiword_vocab_token,legacy,/home/vitus/floently-finnish/apps/backend/practice/data/cards/doctor_cards.json
doctor_1249,doctor,"Arviolta 5-8 prosenttia maapallon väestöstä _____ jotain yhden geenimuunnoksen aiheuttamaa sairautta, jollaisia tunnetaan 2020-luvulla jo yli 7 000",digit_in_token|multiword_vocab_token,legacy,/home/vitus/floently-finnish/apps/backend/practice/data/cards/doctor_cards.json
doctor_1253,doctor,"Hän kuvailee tautia ”ihan kamalaksi” ja arvioi, ettei koskaan aiemmin ole sairastanut yhtä _____a oksennustautia ja ripulia.",multiword_vocab_token,legacy,/home/vitus/floently-finnish/apps/backend/practice/data/cards/doctor_cards.json
doctor_1254,doctor,"Hän kuvailee tautia ”ihan kamalaksi” ja arvioi, ettei koskaan aiemmin ole sairastanut yhtä _____a oksennustautia ja ripulia.",multiword_vocab_token,legacy,/home/vitus/floently-finnish/apps/backend/practice/data/cards/doctor_cards.json
doctor_1258,doctor,"Hän kuvailee tautia ”ihan kamalaksi” ja arvioi, ettei koskaan aiemmin ole sairastanut yhtä pahaa oksennustautia ja _____a.",multiword_vocab_token,legacy,/home/vitus/floently-finnish/apps/backend/practice/data/cards/doctor_cards.json
doctor_1259,doctor,"Hän kuvailee tautia ”ihan kamalaksi” ja arvioi, ettei koskaan aiemmin ole sairastanut yhtä pahaa oksennustautia ja _____a.",multiword_vocab_token,legacy,/home/vitus/floently-finnish/apps/backend/practice/data/cards/doctor_cards.json
doctor_1263,doctor,Ennen hoitoa täytyy määrittää tarkasti syöpätyyppi ja syövän _____,multiword_vocab_token,legacy,/home/vitus/floently-finnish/apps/backend/practice/data/cards/doctor_cards.json
doctor_1264,doctor,Ennen hoitoa täytyy määrittää tarkasti syöpätyyppi ja syövän _____,multiword_vocab_token,legacy,/home/vitus/floently-finnish/apps/backend/practice/data/cards/doctor_cards.json
doctor_1271,doctor,Suurin osa käyttäjistä maksaa Mikan tavoin _____ kokonaan omasta pussistaan,multiword_vocab_token,legacy,/home/vitus/floently-finnish/apps/backend/practice/data/cards/doctor_cards.json
doctor_1272,doctor,Suurin osa käyttäjistä maksaa Mikan tavoin _____ kokonaan omasta pussistaan,multiword_vocab_token,legacy,/home/vitus/floently-finnish/apps/backend/practice/data/cards/doctor_cards.json
doctor_1276,doctor,"Ruumiinavaukset, mikroskopian kehittyminen, bakteerien löytäminen ja kemian kehittyminen mahdollistivat _____ nopean kehityksen",multiword_vocab_token,legacy,/home/vitus/floently-finnish/apps/backend/practice/data/cards/doctor_cards.json
doctor_1277,doctor,"Ruumiinavaukset, mikroskopian kehittyminen, bakteerien löytäminen ja kemian kehittyminen mahdollistivat _____ nopean kehityksen",multiword_vocab_token,legacy,/home/vitus/floently-finnish/apps/backend/practice/data/cards/doctor_cards.json
doctor_1281,doctor,Lääketieteen historia on _____ ja siksi osin myös hämärä,multiword_vocab_token,legacy,/home/vitus/floently-finnish/apps/backend/practice/data/cards/doctor_cards.json
doctor_1282,doctor,Lääketieteen historia on _____ ja siksi osin myös hämärä,multiword_vocab_token,legacy,/home/vitus/floently-finnish/apps/backend/practice/data/cards/doctor_cards.json
doctor_1286,doctor,MODY-oireyhtymät kattavat maailmanlaajuisesti arviolta noin 3–5 prosenttia kaikista 10–30-vuotiailla ilmenevistä _____n eri muodoista,digit_in_token|multiword_vocab_token,legacy,/home/vitus/floently-finnish/apps/backend/practice/data/cards/doctor_cards.json
doctor_1287,doctor,MODY-oireyhtymät kattavat maailmanlaajuisesti arviolta noin 3–5 prosenttia kaikista 10–30-vuotiailla ilmenevistä _____n eri muodoista,digit_in_token|multiword_vocab_token,legacy,/home/vitus/floently-finnish/apps/backend/practice/data/cards/doctor_cards.json
doctor_1291,doctor,Vaikutukset ulottuivat muun muassa tulehdussairauksien ja luukadon ja _____äntymisen merkkien vähenemiseen sekä kognitiivisten kykyjen paranemiseen,multiword_vocab_token,legacy,/home/vitus/floently-finnish/apps/backend/practice/data/cards/doctor_cards.json
doctor_1292,doctor,Vaikutukset ulottuivat muun muassa tulehdussairauksien ja luukadon ja _____äntymisen merkkien vähenemiseen sekä kognitiivisten kykyjen paranemiseen,multiword_vocab_token,legacy,/home/vitus/floently-finnish/apps/backend/practice/data/cards/doctor_cards.json
doctor_1296,doctor,"Syöpä ei kuitenkaan ole se ainoa asia sairastuneen elämässä, hän _____.",multiword_vocab_token,legacy,/home/vitus/floently-finnish/apps/backend/practice/data/cards/doctor_cards.json
doctor_1297,doctor,"Syöpä ei kuitenkaan ole se ainoa asia sairastuneen elämässä, hän _____.",multiword_vocab_token,legacy,/home/vitus/floently-finnish/apps/backend/practice/data/cards/doctor_cards.json
doctor_1301,doctor,"Terveysuhista vastaavan viraston rokoteosaston varajohtaja kertoo, että _____ aiheuttamat aivokalvontulehdukset ovat hyvin harvinaisia Britanniassa.",multiword_vocab_token,legacy,/home/vitus/floently-finnish/apps/backend/practice/data/cards/doctor_cards.json
doctor_1302,doctor,"Terveysuhista vastaavan viraston rokoteosaston varajohtaja kertoo, että _____ aiheuttamat aivokalvontulehdukset ovat hyvin harvinaisia Britanniassa.",multiword_vocab_token,legacy,/home/vitus/floently-finnish/apps/backend/practice/data/cards/doctor_cards.json
doctor_1306,doctor,"Tutkimuksen mukaan kohonnut riski aikuisiän _____in on nähtävissä, vaikka nuorella ei olisi virallista adhd-diagnoosia",multiword_vocab_token,legacy,/home/vitus/floently-finnish/apps/backend/practice/data/cards/doctor_cards.json
doctor_1307,doctor,"Tutkimuksen mukaan kohonnut riski aikuisiän _____in on nähtävissä, vaikka nuorella ei olisi virallista adhd-diagnoosia",multiword_vocab_token,legacy,/home/vitus/floently-finnish/apps/backend/practice/data/cards/doctor_cards.json
doctor_1311,doctor,Esimerkkinä eräitä nivelreuman _____tusdiagnooseja ovat nivelrikko ja reaktiivinen niveltulehdus.,multiword_vocab_token,legacy,/home/vitus/floently-finnish/apps/backend/practice/data/cards/doctor_cards.json
doctor_1312,doctor,Esimerkkinä eräitä nivelreuman _____tusdiagnooseja ovat nivelrikko ja reaktiivinen niveltulehdus.,multiword_vocab_token,legacy,/home/vitus/floently-finnish/apps/backend/practice/data/cards/doctor_cards.json
doctor_1316,doctor,"Yle on nähnyt lääkäriasemien ammatinharjoittajana toimiville lääkäreille lähettämät _____t, joissa kerrotaan palkkioiden muodostumisesta.",multiword_vocab_token,legacy,/home/vitus/floently-finnish/apps/backend/practice/data/cards/doctor_cards.json
doctor_1317,doctor,"Yle on nähnyt lääkäriasemien ammatinharjoittajana toimiville lääkäreille lähettämät _____t, joissa kerrotaan palkkioiden muodostumisesta.",multiword_vocab_token,legacy,/home/vitus/floently-finnish/apps/backend/practice/data/cards/doctor_cards.json
doctor_1321,doctor,Terveyskirjaston mukaan terveillä aikuispotilailla influenssan hoito on yleensä oireenmukaista _____a.,multiword_vocab_token,legacy,/home/vitus/floently-finnish/apps/backend/practice/data/cards/doctor_cards.json
doctor_1322,doctor,Terveyskirjaston mukaan terveillä aikuispotilailla influenssan hoito on yleensä oireenmukaista _____a.,multiword_vocab_token,legacy,/home/vitus/floently-finnish/apps/backend/practice/data/cards/doctor_cards.json
doctor_1326,doctor,Suomea vaivannut _____ onkin kääntymässä lääkärien runsauteen,multiword_vocab_token,legacy,/home/vitus/floently-finnish/apps/backend/practice/data/cards/doctor_cards.json
doctor_1327,doctor,Suomea vaivannut _____ onkin kääntymässä lääkärien runsauteen,multiword_vocab_token,legacy,/home/vitus/floently-finnish/apps/backend/practice/data/cards/doctor_cards.json
doctor_1331,doctor,Terveystalossa noin 96 prosenttia _____tä on ammatinharjoittajia,digit_in_token|multiword_vocab_token,legacy,/home/vitus/floently-finnish/apps/backend/practice/data/cards/doctor_cards.json
doctor_1332,doctor,Terveystalossa noin 96 prosenttia _____tä on ammatinharjoittajia,digit_in_token|multiword_vocab_token,legacy,/home/vitus/floently-finnish/apps/backend/practice/data/cards/doctor_cards.json
doctor_1336,doctor,"Yli-Sissalan kehoa skannattiin joka puolelta ja lääkärit pudottelivat prosenttilukuja peräjälkeen: syöpäriski lähellä 90 prosenttia, _____ 50 prosenttia.",digit_in_token|multiword_vocab_token,legacy,/home/vitus/floently-finnish/apps/backend/practice/data/cards/doctor_cards.json
doctor_1337,doctor,"Yli-Sissalan kehoa skannattiin joka puolelta ja lääkärit pudottelivat prosenttilukuja peräjälkeen: syöpäriski lähellä 90 prosenttia, _____ 50 prosenttia.",digit_in_token|multiword_vocab_token,legacy,/home/vitus/floently-finnish/apps/backend/practice/data/cards/doctor_cards.json
doctor_1347,doctor,Näistä _____ta terveysjätit perivät lääkäreiltä vielä samansuuruisen vuokran kuin valinnanvapauskokeilussa.,multiword_vocab_token,legacy,/home/vitus/floently-finnish/apps/backend/practice/data/cards/doctor_cards.json
doctor_1348,doctor,Näistä _____ta terveysjätit perivät lääkäreiltä vielä samansuuruisen vuokran kuin valinnanvapauskokeilussa.,multiword_vocab_token,legacy,/home/vitus/floently-finnish/apps/backend/practice/data/cards/doctor_cards.json
doctor_1352,doctor,"Suomessa alkava tutkimus on ensimmäinen maailmassa, jossa asiaa tutkitaan _____sti.",multiword_vocab_token,legacy,/home/vitus/floently-finnish/apps/backend/practice/data/cards/doctor_cards.json
doctor_1353,doctor,"Suomessa alkava tutkimus on ensimmäinen maailmassa, jossa asiaa tutkitaan _____sti.",multiword_vocab_token,legacy,/home/vitus/floently-finnish/apps/backend/practice/data/cards/doctor_cards.json
doctor_1357,doctor,Lääkärilehti on kirjoittanut samasta _____stä omiin lähteisiinsä vedoten,multiword_vocab_token,legacy,/home/vitus/floently-finnish/apps/backend/practice/data/cards/doctor_cards.json
doctor_1358,doctor,Lääkärilehti on kirjoittanut samasta _____stä omiin lähteisiinsä vedoten,multiword_vocab_token,legacy,/home/vitus/floently-finnish/apps/backend/practice/data/cards/doctor_cards.json
doctor_1362,doctor,"Sairauksia, niiden hoitoa ja ehkäisyä laajana kokonaisuutena tutkii lääketiede, joka koostuu useista lääketieteen _____sta.",multiword_vocab_token,legacy,/home/vitus/floently-finnish/apps/backend/practice/data/cards/doctor_cards.json
doctor_1363,doctor,"Sairauksia, niiden hoitoa ja ehkäisyä laajana kokonaisuutena tutkii lääketiede, joka koostuu useista lääketieteen _____sta.",multiword_vocab_token,legacy,/home/vitus/floently-finnish/apps/backend/practice/data/cards/doctor_cards.json
doctor_1367,doctor,Terveyskirjastossa neuvotaan myös lieventämään _____n tukkoisuutta _____suihkeilla,multiword_vocab_token,legacy,/home/vitus/floently-finnish/apps/backend/practice/data/cards/doctor_cards.json
doctor_1368,doctor,Terveyskirjastossa neuvotaan myös lieventämään _____n tukkoisuutta _____suihkeilla,multiword_vocab_token,legacy,/home/vitus/floently-finnish/apps/backend/practice/data/cards/doctor_cards.json
doctor_1375,doctor,"Aivokalvontulehdusta voivat aiheuttaa muutkin bakteerit, meningokokin ohella etenkin _____, mutta myös muun muassa listeriabakteeri",multiword_vocab_token,legacy,/home/vitus/floently-finnish/apps/backend/practice/data/cards/doctor_cards.json
doctor_1376,doctor,"Aivokalvontulehdusta voivat aiheuttaa muutkin bakteerit, meningokokin ohella etenkin _____, mutta myös muun muassa listeriabakteeri",multiword_vocab_token,legacy,/home/vitus/floently-finnish/apps/backend/practice/data/cards/doctor_cards.json
doctor_1380,doctor,"Yleiskunto romahtaa päivän tai kahden aikana varsinkin, jos sairaus johtuu _____- tai pneumokokki-bakteerista.",multiword_vocab_token,legacy,/home/vitus/floently-finnish/apps/backend/practice/data/cards/doctor_cards.json
doctor_1381,doctor,"Yleiskunto romahtaa päivän tai kahden aikana varsinkin, jos sairaus johtuu _____- tai pneumokokki-bakteerista.",multiword_vocab_token,legacy,/home/vitus/floently-finnish/apps/backend/practice/data/cards/doctor_cards.json
doctor_1385,doctor,Tyypin 2 diabetes on pääosin _____,digit_in_token|multiword_vocab_token,legacy,/home/vitus/floently-finnish/apps/backend/practice/data/cards/doctor_cards.json
doctor_1386,doctor,Tyypin 2 diabetes on pääosin _____,digit_in_token|multiword_vocab_token,legacy,/home/vitus/floently-finnish/apps/backend/practice/data/cards/doctor_cards.json
doctor_1396,doctor,"Yle aamussa vieraillut Kelan _____lääkäri Pia Pajunen kuitenkin huomauttaa, että lihavuus on elintapasairaus, jota pitäisi hoitaa pitkäaikaisella elintapamuutoksella",multiword_vocab_token,legacy,/home/vitus/floently-finnish/apps/backend/practice/data/cards/doctor_cards.json
doctor_1397,doctor,"Yle aamussa vieraillut Kelan _____lääkäri Pia Pajunen kuitenkin huomauttaa, että lihavuus on elintapasairaus, jota pitäisi hoitaa pitkäaikaisella elintapamuutoksella",multiword_vocab_token,legacy,/home/vitus/floently-finnish/apps/backend/practice/data/cards/doctor_cards.json
doctor_1404,doctor,"Ruumiinavaukset, mikroskopian _____, bakteerien löytäminen ja kemian _____ mahdollistivat lääketieteen nopean kehityksen",multiword_vocab_token,legacy,/home/vitus/floently-finnish/apps/backend/practice/data/cards/doctor_cards.json
doctor_1405,doctor,"Ruumiinavaukset, mikroskopian _____, bakteerien löytäminen ja kemian _____ mahdollistivat lääketieteen nopean kehityksen",multiword_vocab_token,legacy,/home/vitus/floently-finnish/apps/backend/practice/data/cards/doctor_cards.json
doctor_1409,doctor,"MODY-oireyhtymät ovat määritelmältään ryhmä lievää tai vakavaa hypergly_____a aiheuttavia, yksigeenisiä ja dominantisti periytyviä sairauksia, jotka alkavat alle 30-vuotiaana",digit_in_token|multiword_vocab_token,legacy,/home/vitus/floently-finnish/apps/backend/practice/data/cards/doctor_cards.json
doctor_1410,doctor,"MODY-oireyhtymät ovat määritelmältään ryhmä lievää tai vakavaa hypergly_____a aiheuttavia, yksigeenisiä ja dominantisti periytyviä sairauksia, jotka alkavat alle 30-vuotiaana",digit_in_token|multiword_vocab_token,legacy,/home/vitus/floently-finnish/apps/backend/practice/data/cards/doctor_cards.json
doctor_1414,doctor,Infektiot ovat _____ leikkauskomplikaatioiden ryhmä,multiword_vocab_token,legacy,/home/vitus/floently-finnish/apps/backend/practice/data/cards/doctor_cards.json
doctor_1415,doctor,Infektiot ovat _____ leikkauskomplikaatioiden ryhmä,multiword_vocab_token,legacy,/home/vitus/floently-finnish/apps/backend/practice/data/cards/doctor_cards.json
doctor_1419,doctor,"Keskeinen _____ oli selvittää, liittyvätkö raskaudenaikaiset riskit masennuslääkkeisiin vai äidin masennukseen ja masennuksen vaikeusasteeseen.",multiword_vocab_token,legacy,/home/vitus/floently-finnish/apps/backend/practice/data/cards/doctor_cards.json
doctor_1420,doctor,"Keskeinen _____ oli selvittää, liittyvätkö raskaudenaikaiset riskit masennuslääkkeisiin vai äidin masennukseen ja masennuksen vaikeusasteeseen.",multiword_vocab_token,legacy,/home/vitus/floently-finnish/apps/backend/practice/data/cards/doctor_cards.json
doctor_1424,doctor,"Turun ja Columbian yliopistojen tutkimuksessa selvitettiin, _____ raskaudenaikaiset riskit SSRI-lääkkeisiin vai äidin masennukseen.",multiword_vocab_token,legacy,/home/vitus/floently-finnish/apps/backend/practice/data/cards/doctor_cards.json
doctor_1425,doctor,"Turun ja Columbian yliopistojen tutkimuksessa selvitettiin, _____ raskaudenaikaiset riskit SSRI-lääkkeisiin vai äidin masennukseen.",multiword_vocab_token,legacy,/home/vitus/floently-finnish/apps/backend/practice/data/cards/doctor_cards.json
doctor_1432,doctor,"Vuosittain Suomessa todetaan yli sata uutta syöpätapausta, joissa sairauden tiedetään aiheutuneen jostain työssä ilmenevästä tekijästä.[44] Esimerkiksi asbesti aiheuttaa noin 10 prosenttia todetuista keuhkosyöpätapauksista, radon 20 prosenttia ja _____ 70 prosenttia",digit_in_token|citation_artifact|multiword_vocab_token,legacy,/home/vitus/floently-finnish/apps/backend/practice/data/cards/doctor_cards.json
doctor_1433,doctor,"Vuosittain Suomessa todetaan yli sata uutta syöpätapausta, joissa sairauden tiedetään aiheutuneen jostain työssä ilmenevästä tekijästä.[44] Esimerkiksi asbesti aiheuttaa noin 10 prosenttia todetuista keuhkosyöpätapauksista, radon 20 prosenttia ja _____ 70 prosenttia",digit_in_token|citation_artifact|multiword_vocab_token,legacy,/home/vitus/floently-finnish/apps/backend/practice/data/cards/doctor_cards.json
doctor_1440,doctor,Tekoälypsykoosi ei ole _____ diagnoosi eikä aiheesta ole vielä tutkimusnäyttöä,multiword_vocab_token,legacy,/home/vitus/floently-finnish/apps/backend/practice/data/cards/doctor_cards.json
doctor_1441,doctor,Tekoälypsykoosi ei ole _____ diagnoosi eikä aiheesta ole vielä tutkimusnäyttöä,multiword_vocab_token,legacy,/home/vitus/floently-finnish/apps/backend/practice/data/cards/doctor_cards.json
doctor_1448,doctor,"Monissa leikkauksissa kerta-annos, yleensä kefuroksiimia, riittää hyödyn saamiseksi ja yli päivän kestävää _____a ei suositella.[25]",digit_in_token|citation_artifact|multiword_vocab_token,legacy,/home/vitus/floently-finnish/apps/backend/practice/data/cards/doctor_cards.json
doctor_1449,doctor,"Monissa leikkauksissa kerta-annos, yleensä kefuroksiimia, riittää hyödyn saamiseksi ja yli päivän kestävää _____a ei suositella.[25]",digit_in_token|citation_artifact|multiword_vocab_token,legacy,/home/vitus/floently-finnish/apps/backend/practice/data/cards/doctor_cards.json
doctor_1465,doctor,"– Oireina ovat erittäin kova päänsärky, korkea _____, jatkuva niistäminen ja kova yskä, jossa lima ei kunnolla irtoa",multiword_vocab_token,legacy,/home/vitus/floently-finnish/apps/backend/practice/data/cards/doctor_cards.json
doctor_1466,doctor,"– Oireina ovat erittäin kova päänsärky, korkea _____, jatkuva niistäminen ja kova yskä, jossa lima ei kunnolla irtoa",multiword_vocab_token,legacy,/home/vitus/floently-finnish/apps/backend/practice/data/cards/doctor_cards.json
doctor_1470,doctor,who,english_noise_token,legacy,/home/vitus/floently-finnish/apps/backend/practice/data/cards/doctor_cards.json
doctor_1471,doctor,who,english_noise_token,legacy,/home/vitus/floently-finnish/apps/backend/practice/data/cards/doctor_cards.json
doctor_1472,doctor,who,english_noise_token,legacy,/home/vitus/floently-finnish/apps/backend/practice/data/cards/doctor_cards.json
doctor_1476,doctor,"Jutussa Lehtonen muun muassa kertoo, että hänellä todettiin _____ssa vakava sairaus.",multiword_vocab_token,legacy,/home/vitus/floently-finnish/apps/backend/practice/data/cards/doctor_cards.json
doctor_1477,doctor,"Jutussa Lehtonen muun muassa kertoo, että hänellä todettiin _____ssa vakava sairaus.",multiword_vocab_token,legacy,/home/vitus/floently-finnish/apps/backend/practice/data/cards/doctor_cards.json
doctor_1481,doctor,"Tässä jutussa kerrotaan, voiko potilas _____ esimerkiksi Latviassa tai Romaniassa koulutetun lääkärin ammattitaitoon",multiword_vocab_token,legacy,/home/vitus/floently-finnish/apps/backend/practice/data/cards/doctor_cards.json
doctor_1482,doctor,"Tässä jutussa kerrotaan, voiko potilas _____ esimerkiksi Latviassa tai Romaniassa koulutetun lääkärin ammattitaitoon",multiword_vocab_token,legacy,/home/vitus/floently-finnish/apps/backend/practice/data/cards/doctor_cards.json
doctor_1486,doctor,Lihavuuslääkkeiden suosio on synnyttänyt Suomeen lyhyessä ajassa kymmenkunta yksityistä _____a,multiword_vocab_token,legacy,/home/vitus/floently-finnish/apps/backend/practice/data/cards/doctor_cards.json
doctor_1487,doctor,Lihavuuslääkkeiden suosio on synnyttänyt Suomeen lyhyessä ajassa kymmenkunta yksityistä _____a,multiword_vocab_token,legacy,/home/vitus/floently-finnish/apps/backend/practice/data/cards/doctor_cards.json
doctor_1491,doctor,"Diabetes mellituksesta käytetään usein lyhyttä muotoa diabetes, kuten myös tässä artikkelissa, vaikka _____ ”diabetes” voi viitata myös diabetes insipidukseen.[2] Diabetes mellitus -sairauksia on aikaisemmin myös kutsuttu nimellä sokeritauti[3].",digit_in_token|citation_artifact|multiword_vocab_token,legacy,/home/vitus/floently-finnish/apps/backend/practice/data/cards/doctor_cards.json
doctor_1492,doctor,"Diabetes mellituksesta käytetään usein lyhyttä muotoa diabetes, kuten myös tässä artikkelissa, vaikka _____ ”diabetes” voi viitata myös diabetes insipidukseen.[2] Diabetes mellitus -sairauksia on aikaisemmin myös kutsuttu nimellä sokeritauti[3].",digit_in_token|citation_artifact|multiword_vocab_token,legacy,/home/vitus/floently-finnish/apps/backend/practice/data/cards/doctor_cards.json
doctor_1496,doctor,"– Jos lihavuutta hoidetaan lääkkeillä pitkäaikaisesti, niin kyllä _____ pitää voida mitata vastaanotolla.",multiword_vocab_token,legacy,/home/vitus/floently-finnish/apps/backend/practice/data/cards/doctor_cards.json
doctor_1497,doctor,"– Jos lihavuutta hoidetaan lääkkeillä pitkäaikaisesti, niin kyllä _____ pitää voida mitata vastaanotolla.",multiword_vocab_token,legacy,/home/vitus/floently-finnish/apps/backend/practice/data/cards/doctor_cards.json
doctor_1501,doctor,"Heidän mukaansa lääkkeitä _____än liian paljon, ja he haluaisivat turvautua lääkkeettömään hoitoon.",multiword_vocab_token,legacy,/home/vitus/floently-finnish/apps/backend/practice/data/cards/doctor_cards.json
doctor_1502,doctor,"Heidän mukaansa lääkkeitä _____än liian paljon, ja he haluaisivat turvautua lääkkeettömään hoitoon.",multiword_vocab_token,legacy,/home/vitus/floently-finnish/apps/backend/practice/data/cards/doctor_cards.json
doctor_1506,doctor,Onko sinulla kokemuksia _____stä? Ole yhteydessä Ylen toimittaja Satu Miettiseen: satu.miettinen@yle.fi.,multiword_vocab_token,legacy,/home/vitus/floently-finnish/apps/backend/practice/data/cards/doctor_cards.json
doctor_1507,doctor,Onko sinulla kokemuksia _____stä? Ole yhteydessä Ylen toimittaja Satu Miettiseen: satu.miettinen@yle.fi.,multiword_vocab_token,legacy,/home/vitus/floently-finnish/apps/backend/practice/data/cards/doctor_cards.json
doctor_1511,doctor,Onko sinulla kokemuksia lihavuuslääkkeistä? Ole yhteydessä jutun _____an satu.miettinen@yle.fi.,multiword_vocab_token,legacy,/home/vitus/floently-finnish/apps/backend/practice/data/cards/doctor_cards.json
doctor_1512,doctor,Onko sinulla kokemuksia lihavuuslääkkeistä? Ole yhteydessä jutun _____an satu.miettinen@yle.fi.,multiword_vocab_token,legacy,/home/vitus/floently-finnish/apps/backend/practice/data/cards/doctor_cards.json
doctor_1516,doctor,He ovat päätyneet yrittämään perheenlisäystä _____hedelmöityksen ja alkiodiagnostiikan avulla.,multiword_vocab_token,legacy,/home/vitus/floently-finnish/apps/backend/practice/data/cards/doctor_cards.json
doctor_1517,doctor,He ovat päätyneet yrittämään perheenlisäystä _____hedelmöityksen ja alkiodiagnostiikan avulla.,multiword_vocab_token,legacy,/home/vitus/floently-finnish/apps/backend/practice/data/cards/doctor_cards.json
doctor_1524,doctor,Hän on kestänyt hoitoja hyvin ja viimeisen pistos_____ hän saa maaliskuun aikana,multiword_vocab_token,legacy,/home/vitus/floently-finnish/apps/backend/practice/data/cards/doctor_cards.json
doctor_1525,doctor,Hän on kestänyt hoitoja hyvin ja viimeisen pistos_____ hän saa maaliskuun aikana,multiword_vocab_token,legacy,/home/vitus/floently-finnish/apps/backend/practice/data/cards/doctor_cards.json
doctor_1529,doctor,"Myös tutkittavan oma raskaaksituloikä sekä 23-vuotiaana selvitetty _____taso, ammattiasema, aikuisiän mielenterveysongelmat ja päihteiden käyttö otettiin huomioon tuloksessa.[28]",digit_in_token|citation_artifact|multiword_vocab_token,legacy,/home/vitus/floently-finnish/apps/backend/practice/data/cards/doctor_cards.json
doctor_1530,doctor,"Myös tutkittavan oma raskaaksituloikä sekä 23-vuotiaana selvitetty _____taso, ammattiasema, aikuisiän mielenterveysongelmat ja päihteiden käyttö otettiin huomioon tuloksessa.[28]",digit_in_token|citation_artifact|multiword_vocab_token,legacy,/home/vitus/floently-finnish/apps/backend/practice/data/cards/doctor_cards.json
doctor_1534,doctor,"Hän on koulutukseltaan sairaanhoitaja, mutta Laphan lääkärin kirjoittaman arvion mukaan hänellä voi olla _____.",multiword_vocab_token,legacy,/home/vitus/floently-finnish/apps/backend/practice/data/cards/doctor_cards.json
doctor_1535,doctor,"Hän on koulutukseltaan sairaanhoitaja, mutta Laphan lääkärin kirjoittaman arvion mukaan hänellä voi olla _____.",multiword_vocab_token,legacy,/home/vitus/floently-finnish/apps/backend/practice/data/cards/doctor_cards.json
doctor_1539,doctor,"Pietiläisen mukaan markkinarakoa on, koska esimerkiksi terveyskeskuksista lääkkeiden _____ voi olla vaikeampaa.",multiword_vocab_token,legacy,/home/vitus/floently-finnish/apps/backend/practice/data/cards/doctor_cards.json
doctor_1540,doctor,"Pietiläisen mukaan markkinarakoa on, koska esimerkiksi terveyskeskuksista lääkkeiden _____ voi olla vaikeampaa.",multiword_vocab_token,legacy,/home/vitus/floently-finnish/apps/backend/practice/data/cards/doctor_cards.json
doctor_1544,doctor,"Asiantarkastajina sarjassa ovat _____neet Lihastautiliitto, Luustoliitto, Sydänliitto, Aivoliitto, Lääkäriliitto, IBD ja muut suolistosairaudet ry sekä astma- ja allergia-asiantuntija",multiword_vocab_token,legacy,/home/vitus/floently-finnish/apps/backend/practice/data/cards/doctor_cards.json
doctor_1545,doctor,"Asiantarkastajina sarjassa ovat _____neet Lihastautiliitto, Luustoliitto, Sydänliitto, Aivoliitto, Lääkäriliitto, IBD ja muut suolistosairaudet ry sekä astma- ja allergia-asiantuntija",multiword_vocab_token,legacy,/home/vitus/floently-finnish/apps/backend/practice/data/cards/doctor_cards.json
doctor_1549,doctor,Lääketiede on kehittynyt kansanparannuksesta (jota kutsutaan myös kansan_____ksi),multiword_vocab_token,legacy,/home/vitus/floently-finnish/apps/backend/practice/data/cards/doctor_cards.json
doctor_1550,doctor,Lääketiede on kehittynyt kansanparannuksesta (jota kutsutaan myös kansan_____ksi),multiword_vocab_token,legacy,/home/vitus/floently-finnish/apps/backend/practice/data/cards/doctor_cards.json
doctor_1554,doctor,"Erityisesti _____ keskitytään ihmisen anatomiaan, fysiologiaan ja biokemiaan sekä patologiaan ja mikrobiologiaan.",multiword_vocab_token,legacy,/home/vitus/floently-finnish/apps/backend/practice/data/cards/doctor_cards.json
doctor_1555,doctor,"Erityisesti _____ keskitytään ihmisen anatomiaan, fysiologiaan ja biokemiaan sekä patologiaan ja mikrobiologiaan.",multiword_vocab_token,legacy,/home/vitus/floently-finnish/apps/backend/practice/data/cards/doctor_cards.json
doctor_1559,doctor,"Lääketieteessä tehdään joskus ero sairauden ja sairauden aiheuttavan rakenteen tai toiminnon poikkeavuuden kanssa siten, että englanninkielisillä termeillä illness ja sickness viitataan itse sairauteen ja termillä disease sairauden taustalta löytyvään rakenteelliseen tai toiminnalliseen poikkeavuuteen, jota ilman _____ tai kasvi ei voisi koskaan sairastua kyseiseen sairauteen[2]",digit_in_token|citation_artifact|multiword_vocab_token,legacy,/home/vitus/floently-finnish/apps/backend/practice/data/cards/doctor_cards.json
doctor_1560,doctor,"Lääketieteessä tehdään joskus ero sairauden ja sairauden aiheuttavan rakenteen tai toiminnon poikkeavuuden kanssa siten, että englanninkielisillä termeillä illness ja sickness viitataan itse sairauteen ja termillä disease sairauden taustalta löytyvään rakenteelliseen tai toiminnalliseen poikkeavuuteen, jota ilman _____ tai kasvi ei voisi koskaan sairastua kyseiseen sairauteen[2]",digit_in_token|citation_artifact|multiword_vocab_token,legacy,/home/vitus/floently-finnish/apps/backend/practice/data/cards/doctor_cards.json
doctor_1564,doctor,MOT:n selvityksen mukaan chattilääkärit _____ reseptejä jopa näkemättä potilasta.,multiword_vocab_token,legacy,/home/vitus/floently-finnish/apps/backend/practice/data/cards/doctor_cards.json
doctor_1565,doctor,MOT:n selvityksen mukaan chattilääkärit _____ reseptejä jopa näkemättä potilasta.,multiword_vocab_token,legacy,/home/vitus/floently-finnish/apps/backend/practice/data/cards/doctor_cards.json
doctor_1569,doctor,Onko sinulla kokemuksia _____tä? Ole yhteydessä Ylen toimittaja Satu Miettiseen: satu.miettinen@yle.fi.,multiword_vocab_token,legacy,/home/vitus/floently-finnish/apps/backend/practice/data/cards/doctor_cards.json
doctor_1570,doctor,Onko sinulla kokemuksia _____tä? Ole yhteydessä Ylen toimittaja Satu Miettiseen: satu.miettinen@yle.fi.,multiword_vocab_token,legacy,/home/vitus/floently-finnish/apps/backend/practice/data/cards/doctor_cards.json
doctor_1574,doctor,Termiä _____ voitaisiin käyttää sairauteen liittyvien yhteiskunnallisten toimien kuten sairausloman kaltaisten sosiaalietuuksien yhteydessä.[2],digit_in_token|citation_artifact|multiword_vocab_token,legacy,/home/vitus/floently-finnish/apps/backend/practice/data/cards/doctor_cards.json
doctor_1575,doctor,Termiä _____ voitaisiin käyttää sairauteen liittyvien yhteiskunnallisten toimien kuten sairausloman kaltaisten sosiaalietuuksien yhteydessä.[2],digit_in_token|citation_artifact|multiword_vocab_token,legacy,/home/vitus/floently-finnish/apps/backend/practice/data/cards/doctor_cards.json
doctor_1579,doctor,Termiä sickness voitaisiin käyttää _____ liittyvien yhteiskunnallisten toimien kuten sairausloman kaltaisten sosiaalietuuksien yhteydessä.[2],digit_in_token|citation_artifact|multiword_vocab_token,legacy,/home/vitus/floently-finnish/apps/backend/practice/data/cards/doctor_cards.json
doctor_1580,doctor,Termiä sickness voitaisiin käyttää _____ liittyvien yhteiskunnallisten toimien kuten sairausloman kaltaisten sosiaalietuuksien yhteydessä.[2],digit_in_token|citation_artifact|multiword_vocab_token,legacy,/home/vitus/floently-finnish/apps/backend/practice/data/cards/doctor_cards.json
doctor_1584,doctor,Silloin voisi ehkä tehdä enemmän ennaltaehkäisevääkin lääkärityötä ja soveltaa _____a.,multiword_vocab_token,legacy,/home/vitus/floently-finnish/apps/backend/practice/data/cards/doctor_cards.json
doctor_1585,doctor,Silloin voisi ehkä tehdä enemmän ennaltaehkäisevääkin lääkärityötä ja soveltaa _____a.,multiword_vocab_token,legacy,/home/vitus/floently-finnish/apps/backend/practice/data/cards/doctor_cards.json
doctor_1589,doctor,Takapenkillä _____ pojalle tuli muun muassa aivojen ruhjevamma ja rintarangan murtuma.,multiword_vocab_token,legacy,/home/vitus/floently-finnish/apps/backend/practice/data/cards/doctor_cards.json
doctor_1590,doctor,Takapenkillä _____ pojalle tuli muun muassa aivojen ruhjevamma ja rintarangan murtuma.,multiword_vocab_token,legacy,/home/vitus/floently-finnish/apps/backend/practice/data/cards/doctor_cards.json
doctor_1594,doctor,"Laajassa merkityksessä lääketiede sisältää myös näihin päämääriin tähtäävät käytännön toimet kuten lääkinnän ja operatiivisen hoidon.[1] Lääketieteessä pyritään ymmärtämään, kehittämään ja soveltamaan ta_____, joilla ihmisen tai eläimen terveyttä voidaan vaalia ja parantaa",digit_in_token|citation_artifact|multiword_vocab_token,legacy,/home/vitus/floently-finnish/apps/backend/practice/data/cards/doctor_cards.json
doctor_1595,doctor,"Laajassa merkityksessä lääketiede sisältää myös näihin päämääriin tähtäävät käytännön toimet kuten lääkinnän ja operatiivisen hoidon.[1] Lääketieteessä pyritään ymmärtämään, kehittämään ja soveltamaan ta_____, joilla ihmisen tai eläimen terveyttä voidaan vaalia ja parantaa",digit_in_token|citation_artifact|multiword_vocab_token,legacy,/home/vitus/floently-finnish/apps/backend/practice/data/cards/doctor_cards.json
doctor_1605,doctor,"Tyypin 2 diabetes on tämän moninaisuutensa takia oikeastaan _____ sairauksia, joiden aiheuttajatkin ovat moninaisia",digit_in_token|multiword_vocab_token,legacy,/home/vitus/floently-finnish/apps/backend/practice/data/cards/doctor_cards.json
doctor_1606,doctor,"Tyypin 2 diabetes on tämän moninaisuutensa takia oikeastaan _____ sairauksia, joiden aiheuttajatkin ovat moninaisia",digit_in_token|multiword_vocab_token,legacy,/home/vitus/floently-finnish/apps/backend/practice/data/cards/doctor_cards.json
doctor_1610,doctor,Metsähallitus seuraa nyt tautitilannetta aktiivisesti ja pyytää retkeilijöitä myös ilmoittamaan mahdollisesta vatsataudista luontoon.fi -_____n palautesivulla,multiword_vocab_token,legacy,/home/vitus/floently-finnish/apps/backend/practice/data/cards/doctor_cards.json
doctor_1611,doctor,Metsähallitus seuraa nyt tautitilannetta aktiivisesti ja pyytää retkeilijöitä myös ilmoittamaan mahdollisesta vatsataudista luontoon.fi -_____n palautesivulla,multiword_vocab_token,legacy,/home/vitus/floently-finnish/apps/backend/practice/data/cards/doctor_cards.json
doctor_1615,doctor,"Heille kehitetään parhaillaan testimenetelmää, joka _____ Yli-Sissalan geenivirheen 98 prosentin varmuudella.",digit_in_token|multiword_vocab_token,legacy,/home/vitus/floently-finnish/apps/backend/practice/data/cards/doctor_cards.json
doctor_1616,doctor,"Heille kehitetään parhaillaan testimenetelmää, joka _____ Yli-Sissalan geenivirheen 98 prosentin varmuudella.",digit_in_token|multiword_vocab_token,legacy,/home/vitus/floently-finnish/apps/backend/practice/data/cards/doctor_cards.json
doctor_1620,doctor,"Jarullin vastaa professorin _____in sanomalla, että jos Mediluxin kaltaisia suhteellisen edullisia matalan kynnyksen palveluja ei olisi, monet lihavuudesta kärsivät jäisivät kokonaan hoitamatta.",multiword_vocab_token,legacy,/home/vitus/floently-finnish/apps/backend/practice/data/cards/doctor_cards.json
doctor_1621,doctor,"Jarullin vastaa professorin _____in sanomalla, että jos Mediluxin kaltaisia suhteellisen edullisia matalan kynnyksen palveluja ei olisi, monet lihavuudesta kärsivät jäisivät kokonaan hoitamatta.",multiword_vocab_token,legacy,/home/vitus/floently-finnish/apps/backend/practice/data/cards/doctor_cards.json
doctor_1628,doctor,Vaikutukset ulottuivat muun muassa tulehdussairauksien ja luukadon ja ikääntymisen merkkien vähenemiseen sekä kognitiivisten _____jen paranemiseen,multiword_vocab_token,legacy,/home/vitus/floently-finnish/apps/backend/practice/data/cards/doctor_cards.json
doctor_1629,doctor,Vaikutukset ulottuivat muun muassa tulehdussairauksien ja luukadon ja ikääntymisen merkkien vähenemiseen sekä kognitiivisten _____jen paranemiseen,multiword_vocab_token,legacy,/home/vitus/floently-finnish/apps/backend/practice/data/cards/doctor_cards.json
doctor_1633,doctor,Vaikutukset ulottuivat muun muassa tulehdussairauksien ja luukadon ja ikääntymisen merkkien vähenemiseen sekä kognitiivisten kykyjen _____,multiword_vocab_token,legacy,/home/vitus/floently-finnish/apps/backend/practice/data/cards/doctor_cards.json
doctor_1634,doctor,Vaikutukset ulottuivat muun muassa tulehdussairauksien ja luukadon ja ikääntymisen merkkien vähenemiseen sekä kognitiivisten kykyjen _____,multiword_vocab_token,legacy,/home/vitus/floently-finnish/apps/backend/practice/data/cards/doctor_cards.json
doctor_1638,doctor,Kyseinen ilmiö saattaa johtaa epäspesifeihin eli määrittämättömiksi jääviin kroonisiin _____tiloihin.[47],digit_in_token|citation_artifact|multiword_vocab_token,legacy,/home/vitus/floently-finnish/apps/backend/practice/data/cards/doctor_cards.json
doctor_1639,doctor,Kyseinen ilmiö saattaa johtaa epäspesifeihin eli määrittämättömiksi jääviin kroonisiin _____tiloihin.[47],digit_in_token|citation_artifact|multiword_vocab_token,legacy,/home/vitus/floently-finnish/apps/backend/practice/data/cards/doctor_cards.json
doctor_1643,doctor,"Päiväkirurgiassa tehdään toimenpiteitä, jotka eivät vaadi _____an jälkihoitoa sairaalassa.[8]",digit_in_token|citation_artifact|multiword_vocab_token,legacy,/home/vitus/floently-finnish/apps/backend/practice/data/cards/doctor_cards.json
doctor_1644,doctor,"Päiväkirurgiassa tehdään toimenpiteitä, jotka eivät vaadi _____an jälkihoitoa sairaalassa.[8]",digit_in_token|citation_artifact|multiword_vocab_token,legacy,/home/vitus/floently-finnish/apps/backend/practice/data/cards/doctor_cards.json
doctor_1648,doctor,"Neurogeeninen tulehdus aiheuttaa kudosturvotusta, kudoksen heikentynyttä hapensaantia ja _____ aiheuttamia kudosvauriota",multiword_vocab_token,legacy,/home/vitus/floently-finnish/apps/backend/practice/data/cards/doctor_cards.json
doctor_1649,doctor,"Neurogeeninen tulehdus aiheuttaa kudosturvotusta, kudoksen heikentynyttä hapensaantia ja _____ aiheuttamia kudosvauriota",multiword_vocab_token,legacy,/home/vitus/floently-finnish/apps/backend/practice/data/cards/doctor_cards.json
doctor_1659,doctor,Lihavuus kuuluu väestötasolla _____ tulehduksen keskeisiin syihin[52][53],digit_in_token|citation_artifact|multiword_vocab_token,legacy,/home/vitus/floently-finnish/apps/backend/practice/data/cards/doctor_cards.json
doctor_1660,doctor,Lihavuus kuuluu väestötasolla _____ tulehduksen keskeisiin syihin[52][53],digit_in_token|citation_artifact|multiword_vocab_token,legacy,/home/vitus/floently-finnish/apps/backend/practice/data/cards/doctor_cards.json
doctor_1667,doctor,"Riskit vähenevät, jos leikkaavaksi lääkäriksi on mahdollista _____ kokenut kirurgi.[18]",digit_in_token|citation_artifact|multiword_vocab_token,legacy,/home/vitus/floently-finnish/apps/backend/practice/data/cards/doctor_cards.json
doctor_1668,doctor,"Riskit vähenevät, jos leikkaavaksi lääkäriksi on mahdollista _____ kokenut kirurgi.[18]",digit_in_token|citation_artifact|multiword_vocab_token,legacy,/home/vitus/floently-finnish/apps/backend/practice/data/cards/doctor_cards.json
doctor_1672,doctor,Hoitolinjaa valittaessa tulee _____ ovatko kirurgisella toimenpiteellä saavutetut tulokset suuremmat kuin toimenpiteeseen liittyvät riskit,multiword_vocab_token,legacy,/home/vitus/floently-finnish/apps/backend/practice/data/cards/doctor_cards.json
doctor_1673,doctor,Hoitolinjaa valittaessa tulee _____ ovatko kirurgisella toimenpiteellä saavutetut tulokset suuremmat kuin toimenpiteeseen liittyvät riskit,multiword_vocab_token,legacy,/home/vitus/floently-finnish/apps/backend/practice/data/cards/doctor_cards.json
doctor_1677,doctor,"Erityisesti elektiivisessä kirurgiassa on tärkeää, että lääkäri kertoo potilalle _____ liittyvistä riskeistä",multiword_vocab_token,legacy,/home/vitus/floently-finnish/apps/backend/practice/data/cards/doctor_cards.json
doctor_1678,doctor,"Erityisesti elektiivisessä kirurgiassa on tärkeää, että lääkäri kertoo potilalle _____ liittyvistä riskeistä",multiword_vocab_token,legacy,/home/vitus/floently-finnish/apps/backend/practice/data/cards/doctor_cards.json
doctor_1685,doctor,"Leikkausten aiheuttamiin ongelmiin kuuluvat muun muassa kontaminaatio, ommelsaumojen pettäminen[12] ja leikkausalueen infektiot, kuten pinnalliset _____t, syvät _____t, leikatun alueen infektiot[19]",digit_in_token|citation_artifact|multiword_vocab_token,legacy,/home/vitus/floently-finnish/apps/backend/practice/data/cards/doctor_cards.json
doctor_1686,doctor,"Leikkausten aiheuttamiin ongelmiin kuuluvat muun muassa kontaminaatio, ommelsaumojen pettäminen[12] ja leikkausalueen infektiot, kuten pinnalliset _____t, syvät _____t, leikatun alueen infektiot[19]",digit_in_token|citation_artifact|multiword_vocab_token,legacy,/home/vitus/floently-finnish/apps/backend/practice/data/cards/doctor_cards.json
doctor_1690,doctor,"Leikkausten aiheuttamiin ongelmiin kuuluvat muun muassa kontaminaatio, ommelsaumojen pettäminen[12] ja leikkaus_____en infektiot, kuten pinnalliset haavainfektiot, syvät haavainfektiot, leikatun _____en infektiot[19]",digit_in_token|citation_artifact|multiword_vocab_token,legacy,/home/vitus/floently-finnish/apps/backend/practice/data/cards/doctor_cards.json
doctor_1691,doctor,"Leikkausten aiheuttamiin ongelmiin kuuluvat muun muassa kontaminaatio, ommelsaumojen pettäminen[12] ja leikkaus_____en infektiot, kuten pinnalliset haavainfektiot, syvät haavainfektiot, leikatun _____en infektiot[19]",digit_in_token|citation_artifact|multiword_vocab_token,legacy,/home/vitus/floently-finnish/apps/backend/practice/data/cards/doctor_cards.json
doctor_1695,doctor,"Pääsyynä voivat olla tosin muutkin _____t, kuten feokromosytoomakasvaimen aiheuttamassa diabeteksessa ja osin myös raskausdiabeteksessa.[2]",digit_in_token|citation_artifact|multiword_vocab_token,legacy,/home/vitus/floently-finnish/apps/backend/practice/data/cards/doctor_cards.json
doctor_1696,doctor,"Pääsyynä voivat olla tosin muutkin _____t, kuten feokromosytoomakasvaimen aiheuttamassa diabeteksessa ja osin myös raskausdiabeteksessa.[2]",digit_in_token|citation_artifact|multiword_vocab_token,legacy,/home/vitus/floently-finnish/apps/backend/practice/data/cards/doctor_cards.json
doctor_1703,doctor,"Myös tutkittavan oma raskaaksituloikä sekä 23-vuotiaana selvitetty koulutustaso, ammattiasema, aikuisiän mielen_____t ja päihteiden käyttö otettiin huomioon tuloksessa.[28]",digit_in_token|citation_artifact|multiword_vocab_token,legacy,/home/vitus/floently-finnish/apps/backend/practice/data/cards/doctor_cards.json
doctor_1704,doctor,"Myös tutkittavan oma raskaaksituloikä sekä 23-vuotiaana selvitetty koulutustaso, ammattiasema, aikuisiän mielen_____t ja päihteiden käyttö otettiin huomioon tuloksessa.[28]",digit_in_token|citation_artifact|multiword_vocab_token,legacy,/home/vitus/floently-finnish/apps/backend/practice/data/cards/doctor_cards.json
doctor_1708,doctor,Renessanssin aikana lääketieteen _____t alkoivat hiljalleen tutkia ihmisruumista ruumiinavauksin,multiword_vocab_token,legacy,/home/vitus/floently-finnish/apps/backend/practice/data/cards/doctor_cards.json
doctor_1709,doctor,Renessanssin aikana lääketieteen _____t alkoivat hiljalleen tutkia ihmisruumista ruumiinavauksin,multiword_vocab_token,legacy,/home/vitus/floently-finnish/apps/backend/practice/data/cards/doctor_cards.json
doctor_1713,doctor,"χειρουργία < χείρ 'käsi + έργον 'työ') on lääketieteen ala, jossa sairauksia, vammoja, _____a tai epämuodostumia hoidetaan leikkausten avulla",multiword_vocab_token,legacy,/home/vitus/floently-finnish/apps/backend/practice/data/cards/doctor_cards.json
doctor_1714,doctor,"χειρουργία < χείρ 'käsi + έργον 'työ') on lääketieteen ala, jossa sairauksia, vammoja, _____a tai epämuodostumia hoidetaan leikkausten avulla",multiword_vocab_token,legacy,/home/vitus/floently-finnish/apps/backend/practice/data/cards/doctor_cards.json
doctor_1718,doctor,"Tekoälypsykoosit eivät ole vielä suuri ilmiö Suomessa, sanoo HUSin _____ Stenberg",multiword_vocab_token,legacy,/home/vitus/floently-finnish/apps/backend/practice/data/cards/doctor_cards.json
doctor_1719,doctor,"Tekoälypsykoosit eivät ole vielä suuri ilmiö Suomessa, sanoo HUSin _____ Stenberg",multiword_vocab_token,legacy,/home/vitus/floently-finnish/apps/backend/practice/data/cards/doctor_cards.json
doctor_1729,doctor,"Taskilan mukaan pakkotoimien puolelle ei voida mennä, jos potilas pystyy selkeästi ilmaisemaan oman _____nsa ja perustelemaan sen järkevällä tavalla – ellei sitten ole kyse tilapäisen sairaudentilan aiheuttamasta ongelmasta henkilön ajattelussa.",multiword_vocab_token,legacy,/home/vitus/floently-finnish/apps/backend/practice/data/cards/doctor_cards.json
doctor_1730,doctor,"Taskilan mukaan pakkotoimien puolelle ei voida mennä, jos potilas pystyy selkeästi ilmaisemaan oman _____nsa ja perustelemaan sen järkevällä tavalla – ellei sitten ole kyse tilapäisen sairaudentilan aiheuttamasta ongelmasta henkilön ajattelussa.",multiword_vocab_token,legacy,/home/vitus/floently-finnish/apps/backend/practice/data/cards/doctor_cards.json
doctor_1734,doctor,"Aina on ollut ihmisiä, jotka ovat joutuneet erikoistumaan sairaiden ja heidän kipujensa _____amiseen",multiword_vocab_token,legacy,/home/vitus/floently-finnish/apps/backend/practice/data/cards/doctor_cards.json
doctor_1735,doctor,"Aina on ollut ihmisiä, jotka ovat joutuneet erikoistumaan sairaiden ja heidän kipujensa _____amiseen",multiword_vocab_token,legacy,/home/vitus/floently-finnish/apps/backend/practice/data/cards/doctor_cards.json
doctor_1739,doctor,Miehet saavat samoilla sydänoireilla _____n diagnoosin kolme kertaa useammin kuin naiset,multiword_vocab_token,legacy,/home/vitus/floently-finnish/apps/backend/practice/data/cards/doctor_cards.json
doctor_1740,doctor,Miehet saavat samoilla sydänoireilla _____n diagnoosin kolme kertaa useammin kuin naiset,multiword_vocab_token,legacy,/home/vitus/floently-finnish/apps/backend/practice/data/cards/doctor_cards.json
doctor_1747,doctor,"Tämä sairaus on usein autoimmuunisairaus, jossa keho tuhoaa haiman insuliinia tuottavia beeta_____ja",multiword_vocab_token,legacy,/home/vitus/floently-finnish/apps/backend/practice/data/cards/doctor_cards.json
doctor_1748,doctor,"Tämä sairaus on usein autoimmuunisairaus, jossa keho tuhoaa haiman insuliinia tuottavia beeta_____ja",multiword_vocab_token,legacy,/home/vitus/floently-finnish/apps/backend/practice/data/cards/doctor_cards.json
doctor_1752,doctor,Ihmisen _____on päätyvät bakteerit tai lipopolysakkaridin kaltaiset bakteeritoksiinit eli bakteerien tuottamat haitta-aineet aiheuttavat pieninä pitoisuuksina matala-asteisen tulehduksen ja suurina pitoisuuksina verenmyrkytyksen.[50],digit_in_token|citation_artifact|multiword_vocab_token,legacy,/home/vitus/floently-finnish/apps/backend/practice/data/cards/doctor_cards.json
doctor_1753,doctor,Ihmisen _____on päätyvät bakteerit tai lipopolysakkaridin kaltaiset bakteeritoksiinit eli bakteerien tuottamat haitta-aineet aiheuttavat pieninä pitoisuuksina matala-asteisen tulehduksen ja suurina pitoisuuksina verenmyrkytyksen.[50],digit_in_token|citation_artifact|multiword_vocab_token,legacy,/home/vitus/floently-finnish/apps/backend/practice/data/cards/doctor_cards.json
doctor_1760,doctor,Diagnoosin perusteella lääkäri määrää _____t mahdolliset hoitotoimenpiteet.,multiword_vocab_token,legacy,/home/vitus/floently-finnish/apps/backend/practice/data/cards/doctor_cards.json
doctor_1761,doctor,Diagnoosin perusteella lääkäri määrää _____t mahdolliset hoitotoimenpiteet.,multiword_vocab_token,legacy,/home/vitus/floently-finnish/apps/backend/practice/data/cards/doctor_cards.json
doctor_1765,doctor,"Kyseinen termi otettiin käyttöön vuonna 1992, jolloin Evidence-Based Medicine Working Group -niminen asiantuntijaryhmä suositteli, että lääkäreiden koulutuksen ja hoitovalintojen pitäisi perustua tieteelliseen _____ön sen sijaan, että lääkärit luottaisivat vain omaan intuitioonsa, päättelyynsä tai kliiniseen kokemukseensa",digit_in_token|multiword_vocab_token,legacy,/home/vitus/floently-finnish/apps/backend/practice/data/cards/doctor_cards.json
doctor_1766,doctor,"Kyseinen termi otettiin käyttöön vuonna 1992, jolloin Evidence-Based Medicine Working Group -niminen asiantuntijaryhmä suositteli, että lääkäreiden koulutuksen ja hoitovalintojen pitäisi perustua tieteelliseen _____ön sen sijaan, että lääkärit luottaisivat vain omaan intuitioonsa, päättelyynsä tai kliiniseen kokemukseensa",digit_in_token|multiword_vocab_token,legacy,/home/vitus/floently-finnish/apps/backend/practice/data/cards/doctor_cards.json
doctor_1773,doctor,"– Rytmihäiriötä, eteisvärinää, jopa _____",multiword_vocab_token,legacy,/home/vitus/floently-finnish/apps/backend/practice/data/cards/doctor_cards.json
doctor_1774,doctor,"– Rytmihäiriötä, eteisvärinää, jopa _____",multiword_vocab_token,legacy,/home/vitus/floently-finnish/apps/backend/practice/data/cards/doctor_cards.json
doctor_1781,doctor,_____ta käyneille on jaettu estolääkityksenä antibioottia.,multiword_vocab_token,legacy,/home/vitus/floently-finnish/apps/backend/practice/data/cards/doctor_cards.json
doctor_1782,doctor,_____ta käyneille on jaettu estolääkityksenä antibioottia.,multiword_vocab_token,legacy,/home/vitus/floently-finnish/apps/backend/practice/data/cards/doctor_cards.json
doctor_1786,doctor,Nyt eletään monien _____en huippukautta,multiword_vocab_token,legacy,/home/vitus/floently-finnish/apps/backend/practice/data/cards/doctor_cards.json
doctor_1787,doctor,Nyt eletään monien _____en huippukautta,multiword_vocab_token,legacy,/home/vitus/floently-finnish/apps/backend/practice/data/cards/doctor_cards.json
doctor_1797,doctor,"– Oireina ovat erittäin kova päänsärky, korkea kuume, _____ niistäminen ja kova yskä, jossa lima ei kunnolla irtoa",multiword_vocab_token,legacy,/home/vitus/floently-finnish/apps/backend/practice/data/cards/doctor_cards.json
doctor_1798,doctor,"– Oireina ovat erittäin kova päänsärky, korkea kuume, _____ niistäminen ja kova yskä, jossa lima ei kunnolla irtoa",multiword_vocab_token,legacy,/home/vitus/floently-finnish/apps/backend/practice/data/cards/doctor_cards.json
doctor_1802,doctor,"Elina Hanhivaaran äidin tilanne kulminoituukin pitkälti siihen, onko hänellä oikeus kieltäytyä turhina pitämistään _____tä",multiword_vocab_token,legacy,/home/vitus/floently-finnish/apps/backend/practice/data/cards/doctor_cards.json
doctor_1803,doctor,"Elina Hanhivaaran äidin tilanne kulminoituukin pitkälti siihen, onko hänellä oikeus kieltäytyä turhina pitämistään _____tä",multiword_vocab_token,legacy,/home/vitus/floently-finnish/apps/backend/practice/data/cards/doctor_cards.json
doctor_1807,doctor,Diabeteksille yhteiset oireet johtuvat hyperglykemiasta ja siihen liittyviä välittömiä oireita ovat esimerkiksi janoisuus ja runsas _____amistarve,multiword_vocab_token,legacy,/home/vitus/floently-finnish/apps/backend/practice/data/cards/doctor_cards.json
doctor_1808,doctor,Diabeteksille yhteiset oireet johtuvat hyperglykemiasta ja siihen liittyviä välittömiä oireita ovat esimerkiksi janoisuus ja runsas _____amistarve,multiword_vocab_token,legacy,/home/vitus/floently-finnish/apps/backend/practice/data/cards/doctor_cards.json
doctor_1812,doctor,"Tätä potevilla vakavat oireet, kuten ketoasidoosi, ovat _____ kuin tyypin 2 diabetesta potevilla.[2]",digit_in_token|citation_artifact|multiword_vocab_token,legacy,/home/vitus/floently-finnish/apps/backend/practice/data/cards/doctor_cards.json
doctor_1813,doctor,"Tätä potevilla vakavat oireet, kuten ketoasidoosi, ovat _____ kuin tyypin 2 diabetesta potevilla.[2]",digit_in_token|citation_artifact|multiword_vocab_token,legacy,/home/vitus/floently-finnish/apps/backend/practice/data/cards/doctor_cards.json
doctor_1820,doctor,"Kuten Terveystalo, myös _____nä toimiva ammatinharjoittaja on joutunut viime aikoina kohtaamaan muuttuneen markkinatilanteen ja kustannuspaineen, Terveystalon viestinnästä todetaan.",multiword_vocab_token,legacy,/home/vitus/floently-finnish/apps/backend/practice/data/cards/doctor_cards.json
doctor_1821,doctor,"Kuten Terveystalo, myös _____nä toimiva ammatinharjoittaja on joutunut viime aikoina kohtaamaan muuttuneen markkinatilanteen ja kustannuspaineen, Terveystalon viestinnästä todetaan.",multiword_vocab_token,legacy,/home/vitus/floently-finnish/apps/backend/practice/data/cards/doctor_cards.json
doctor_1828,doctor,Lasten toiseksi yleisin syöpämuoto on _____ aivokasvain,multiword_vocab_token,legacy,/home/vitus/floently-finnish/apps/backend/practice/data/cards/doctor_cards.json
doctor_1829,doctor,Lasten toiseksi yleisin syöpämuoto on _____ aivokasvain,multiword_vocab_token,legacy,/home/vitus/floently-finnish/apps/backend/practice/data/cards/doctor_cards.json
doctor_1833,doctor,Sanaa ”mellitus” käytti ensi kerran vuonna 1798 sanan ”diabetes” jälkiliitteenä _____ kirurgi John Rollo.[23],digit_in_token|citation_artifact|multiword_vocab_token,legacy,/home/vitus/floently-finnish/apps/backend/practice/data/cards/doctor_cards.json
doctor_1834,doctor,Sanaa ”mellitus” käytti ensi kerran vuonna 1798 sanan ”diabetes” jälkiliitteenä _____ kirurgi John Rollo.[23],digit_in_token|citation_artifact|multiword_vocab_token,legacy,/home/vitus/floently-finnish/apps/backend/practice/data/cards/doctor_cards.json
doctor_1838,doctor,"Samat _____ liittyvät geenit, jotka vaikuttavat suotuisasti haavan paranemiseen lisäävät kehon matala-asteisen tulehduksen riskiä.[50]",digit_in_token|citation_artifact|multiword_vocab_token,legacy,/home/vitus/floently-finnish/apps/backend/practice/data/cards/doctor_cards.json
doctor_1839,doctor,"Samat _____ liittyvät geenit, jotka vaikuttavat suotuisasti haavan paranemiseen lisäävät kehon matala-asteisen tulehduksen riskiä.[50]",digit_in_token|citation_artifact|multiword_vocab_token,legacy,/home/vitus/floently-finnish/apps/backend/practice/data/cards/doctor_cards.json
doctor_1846,doctor,"Yleisimpiä haittavaikutuksia ovat muun muassa _____, oksennus, ripuli ja ummetus",multiword_vocab_token,legacy,/home/vitus/floently-finnish/apps/backend/practice/data/cards/doctor_cards.json
doctor_1847,doctor,"Yleisimpiä haittavaikutuksia ovat muun muassa _____, oksennus, ripuli ja ummetus",multiword_vocab_token,legacy,/home/vitus/floently-finnish/apps/backend/practice/data/cards/doctor_cards.json
doctor_1854,doctor,"Tämä on länsimaissa vallitseva kehityssuunta, joka lisää lääkinnän ja lääketieteen toiminta-alaa yhteiskunnassa ja _____ terveyden edistämisen ja lääketieteelliset toimenpiteet ihmiselämän keskeiseksi asiaksi.",multiword_vocab_token,legacy,/home/vitus/floently-finnish/apps/backend/practice/data/cards/doctor_cards.json
doctor_1855,doctor,"Tämä on länsimaissa vallitseva kehityssuunta, joka lisää lääkinnän ja lääketieteen toiminta-alaa yhteiskunnassa ja _____ terveyden edistämisen ja lääketieteelliset toimenpiteet ihmiselämän keskeiseksi asiaksi.",multiword_vocab_token,legacy,/home/vitus/floently-finnish/apps/backend/practice/data/cards/doctor_cards.json
doctor_1868,doctor,"Osalla _____stä on sellaiset geenit, että jokin tartuntatautina alkanut tulehdus aiheuttaa heillä tavallista helpommin kivuliaita nivelsairauksia",multiword_vocab_token,legacy,/home/vitus/floently-finnish/apps/backend/practice/data/cards/doctor_cards.json
doctor_1869,doctor,"Osalla _____stä on sellaiset geenit, että jokin tartuntatautina alkanut tulehdus aiheuttaa heillä tavallista helpommin kivuliaita nivelsairauksia",multiword_vocab_token,legacy,/home/vitus/floently-finnish/apps/backend/practice/data/cards/doctor_cards.json
doctor_1879,doctor,"Jotta tutkimukseen saataisiin vertailukelpoinen verrokkiryhmä, pitäisi siihen kuuluvillekin tehdä _____ ""lumeleikkaus""",multiword_vocab_token,legacy,/home/vitus/floently-finnish/apps/backend/practice/data/cards/doctor_cards.json
doctor_1880,doctor,"Jotta tutkimukseen saataisiin vertailukelpoinen verrokkiryhmä, pitäisi siihen kuuluvillekin tehdä _____ ""lumeleikkaus""",multiword_vocab_token,legacy,/home/vitus/floently-finnish/apps/backend/practice/data/cards/doctor_cards.json
doctor_1887,doctor,"Kyseinen termi otettiin käyttöön vuonna 1992, jolloin Evidence-Based Medicine Working Group -niminen asiantuntijaryhmä suositteli, että lääkäreiden koulutuksen ja hoitovalintojen pitäisi perustua tieteelliseen tutkimus_____ sen sijaan, että lääkärit luottaisivat vain omaan intuitioonsa, päättelyynsä tai kliiniseen kokemukseensa",digit_in_token|multiword_vocab_token,legacy,/home/vitus/floently-finnish/apps/backend/practice/data/cards/doctor_cards.json
doctor_1888,doctor,"Kyseinen termi otettiin käyttöön vuonna 1992, jolloin Evidence-Based Medicine Working Group -niminen asiantuntijaryhmä suositteli, että lääkäreiden koulutuksen ja hoitovalintojen pitäisi perustua tieteelliseen tutkimus_____ sen sijaan, että lääkärit luottaisivat vain omaan intuitioonsa, päättelyynsä tai kliiniseen kokemukseensa",digit_in_token|multiword_vocab_token,legacy,/home/vitus/floently-finnish/apps/backend/practice/data/cards/doctor_cards.json
doctor_1892,doctor,"Termiä illness voitaisiin käyttää silloin, kun potilaalla on oireita, mutta tutkimuksissa ei ole havaittu _____ellisiä löydöksiä tai potilasta ei ole tutkittu",multiword_vocab_token,legacy,/home/vitus/floently-finnish/apps/backend/practice/data/cards/doctor_cards.json
doctor_1893,doctor,"Termiä illness voitaisiin käyttää silloin, kun potilaalla on oireita, mutta tutkimuksissa ei ole havaittu _____ellisiä löydöksiä tai potilasta ei ole tutkittu",multiword_vocab_token,legacy,/home/vitus/floently-finnish/apps/backend/practice/data/cards/doctor_cards.json
doctor_1897,doctor,"1700-luvulla kirurgian ja lääketieteen oppialat alkoivat yhdistyä, kun kirurgian _____ siirtyi välskäreiltä lääkäreiden hoitoon",digit_in_token|multiword_vocab_token,legacy,/home/vitus/floently-finnish/apps/backend/practice/data/cards/doctor_cards.json
doctor_1898,doctor,"1700-luvulla kirurgian ja lääketieteen oppialat alkoivat yhdistyä, kun kirurgian _____ siirtyi välskäreiltä lääkäreiden hoitoon",digit_in_token|multiword_vocab_token,legacy,/home/vitus/floently-finnish/apps/backend/practice/data/cards/doctor_cards.json
doctor_1902,doctor,"Kirurgiset toimenpiteet _____an puhtaisiin (pl 1), puhtaisiin kontaminoituneisiin (pl 2), kontaminoituneisiin (pl3) ja likaisiin (pl4) riippuen siitä, avataanko kontaminoivia rakenteita, kuten maha-suolikanavaa, virtsateitä ja hengitysteitä, ja onko potilaalla toimenpiteen aikana leikkausalueen tai levinnyttä infektiota",digit_in_token|multiword_vocab_token,legacy,/home/vitus/floently-finnish/apps/backend/practice/data/cards/doctor_cards.json
doctor_1903,doctor,"Kirurgiset toimenpiteet _____an puhtaisiin (pl 1), puhtaisiin kontaminoituneisiin (pl 2), kontaminoituneisiin (pl3) ja likaisiin (pl4) riippuen siitä, avataanko kontaminoivia rakenteita, kuten maha-suolikanavaa, virtsateitä ja hengitysteitä, ja onko potilaalla toimenpiteen aikana leikkausalueen tai levinnyttä infektiota",digit_in_token|multiword_vocab_token,legacy,/home/vitus/floently-finnish/apps/backend/practice/data/cards/doctor_cards.json
doctor_1907,doctor,"Termiä illness voitaisiin käyttää silloin, kun _____lla on oireita, mutta tutkimuksissa ei ole havaittu lääketieteellisiä löydöksiä tai potilasta ei ole tutkittu",multiword_vocab_token,legacy,/home/vitus/floently-finnish/apps/backend/practice/data/cards/doctor_cards.json
doctor_1908,doctor,"Termiä illness voitaisiin käyttää silloin, kun _____lla on oireita, mutta tutkimuksissa ei ole havaittu lääketieteellisiä löydöksiä tai potilasta ei ole tutkittu",multiword_vocab_token,legacy,/home/vitus/floently-finnish/apps/backend/practice/data/cards/doctor_cards.json
doctor_1912,doctor,Kirurgisen hoidon haittavaikutukset[23] voidaan yleisesti jakaa välittömiin ja viivästyneisiin komplikaatioihin.[24] Välittömät haittavaikutukset ilmenevät jo _____ aikana tai välittömästi sen jälkeen,digit_in_token|citation_artifact|multiword_vocab_token,legacy,/home/vitus/floently-finnish/apps/backend/practice/data/cards/doctor_cards.json
doctor_1913,doctor,Kirurgisen hoidon haittavaikutukset[23] voidaan yleisesti jakaa välittömiin ja viivästyneisiin komplikaatioihin.[24] Välittömät haittavaikutukset ilmenevät jo _____ aikana tai välittömästi sen jälkeen,digit_in_token|citation_artifact|multiword_vocab_token,legacy,/home/vitus/floently-finnish/apps/backend/practice/data/cards/doctor_cards.json
doctor_1917,doctor,"– Potilaalla on lainsäädännössä käytännössä valta _____ siitä, minkälaista hoitoa hän ottaa vastaan",multiword_vocab_token,legacy,/home/vitus/floently-finnish/apps/backend/practice/data/cards/doctor_cards.json
doctor_1918,doctor,"– Potilaalla on lainsäädännössä käytännössä valta _____ siitä, minkälaista hoitoa hän ottaa vastaan",multiword_vocab_token,legacy,/home/vitus/floently-finnish/apps/backend/practice/data/cards/doctor_cards.json
doctor_1922,doctor,Potilaan ja hoitavan lääkärin tulisi _____ mahdolliseen toimenpiteeseen liittyvistä riskeistä hyvissä ajoin ennen leikkausta,multiword_vocab_token,legacy,/home/vitus/floently-finnish/apps/backend/practice/data/cards/doctor_cards.json
doctor_1923,doctor,Potilaan ja hoitavan lääkärin tulisi _____ mahdolliseen toimenpiteeseen liittyvistä riskeistä hyvissä ajoin ennen leikkausta,multiword_vocab_token,legacy,/home/vitus/floently-finnish/apps/backend/practice/data/cards/doctor_cards.json
doctor_1933,doctor,Egyptissä elänyt Apollonius Memfisiläinen käytti sanaa _____ kerran kuvaamaan näitä sairauksia noin vuonna 230 eaa,digit_in_token|multiword_vocab_token,legacy,/home/vitus/floently-finnish/apps/backend/practice/data/cards/doctor_cards.json
doctor_1934,doctor,Egyptissä elänyt Apollonius Memfisiläinen käytti sanaa _____ kerran kuvaamaan näitä sairauksia noin vuonna 230 eaa,digit_in_token|multiword_vocab_token,legacy,/home/vitus/floently-finnish/apps/backend/practice/data/cards/doctor_cards.json
doctor_1941,doctor,Ennen nykyisiä hoitokeinoja oli hyvin suuri _____ että potilas vuosi kuiviin ennen hoitoa tai leikkauksen aikana,multiword_vocab_token,legacy,/home/vitus/floently-finnish/apps/backend/practice/data/cards/doctor_cards.json
doctor_1942,doctor,Ennen nykyisiä hoitokeinoja oli hyvin suuri _____ että potilas vuosi kuiviin ennen hoitoa tai leikkauksen aikana,multiword_vocab_token,legacy,/home/vitus/floently-finnish/apps/backend/practice/data/cards/doctor_cards.json
doctor_1946,doctor,Siihen ei liity ylipaino ja sitä sairastavien tulee poikkeuksetta _____ insuliinin tai sen johdannaisten lääkekäyttö,multiword_vocab_token,legacy,/home/vitus/floently-finnish/apps/backend/practice/data/cards/doctor_cards.json
doctor_1947,doctor,Siihen ei liity ylipaino ja sitä sairastavien tulee poikkeuksetta _____ insuliinin tai sen johdannaisten lääkekäyttö,multiword_vocab_token,legacy,/home/vitus/floently-finnish/apps/backend/practice/data/cards/doctor_cards.json
doctor_1954,doctor,"Näin nopeasti Mika, 35, pääsi _____ksi suosittuun laihdutuslääke Ozempiciin.",digit_in_token|multiword_vocab_token,legacy,/home/vitus/floently-finnish/apps/backend/practice/data/cards/doctor_cards.json
doctor_1955,doctor,"Näin nopeasti Mika, 35, pääsi _____ksi suosittuun laihdutuslääke Ozempiciin.",digit_in_token|multiword_vocab_token,legacy,/home/vitus/floently-finnish/apps/backend/practice/data/cards/doctor_cards.json
doctor_1959,doctor,"Infektio eli tartunta tarkoittaa tautia aiheuttavan bakteerin, viruksen, sienen, loisen tai muun patogeenin[1] tunkeutumista _____lajin elimistöön ulkoa käsin tai siirtymistä isännän elimistön osasta toiseen niin runsain mitoin, että se kykenee vaurioittamaan isännän tervettä kudosta",digit_in_token|citation_artifact|multiword_vocab_token,legacy,/home/vitus/floently-finnish/apps/backend/practice/data/cards/doctor_cards.json
doctor_1960,doctor,"Infektio eli tartunta tarkoittaa tautia aiheuttavan bakteerin, viruksen, sienen, loisen tai muun patogeenin[1] tunkeutumista _____lajin elimistöön ulkoa käsin tai siirtymistä isännän elimistön osasta toiseen niin runsain mitoin, että se kykenee vaurioittamaan isännän tervettä kudosta",digit_in_token|citation_artifact|multiword_vocab_token,legacy,/home/vitus/floently-finnish/apps/backend/practice/data/cards/doctor_cards.json
doctor_1964,doctor,"Muita toimenpiteeseen liittyviä leikkausinfektioita aiheuttavia tekijöitä ovat toimenpiteiden määrä, kesto ja kiireellisyys; kokemattomuus; vierasesineet kuten dreenit ja _____t; alavatsan viilto, kudostrauman määrä, jäävän kuolleen tilan määrä, hemostaasin pitävyys ja kudoksen happeutuminen; sekä aseptiikan pettäminen, kuten käsineen rikkoutuminen ja huono ihon karvojen poisto ja desinfektio",multiword_vocab_token,legacy,/home/vitus/floently-finnish/apps/backend/practice/data/cards/doctor_cards.json
doctor_1965,doctor,"Muita toimenpiteeseen liittyviä leikkausinfektioita aiheuttavia tekijöitä ovat toimenpiteiden määrä, kesto ja kiireellisyys; kokemattomuus; vierasesineet kuten dreenit ja _____t; alavatsan viilto, kudostrauman määrä, jäävän kuolleen tilan määrä, hemostaasin pitävyys ja kudoksen happeutuminen; sekä aseptiikan pettäminen, kuten käsineen rikkoutuminen ja huono ihon karvojen poisto ja desinfektio",multiword_vocab_token,legacy,/home/vitus/floently-finnish/apps/backend/practice/data/cards/doctor_cards.json
doctor_1969,doctor,"Eräs Ylen haastattelema yksityisellä sektorilla työskentelevä _____ pitää huonoa palkkiota syynä sille, että valinnanvapauskokeilun aikoja on huonosti saatavilla",multiword_vocab_token,legacy,/home/vitus/floently-finnish/apps/backend/practice/data/cards/doctor_cards.json
doctor_1970,doctor,"Eräs Ylen haastattelema yksityisellä sektorilla työskentelevä _____ pitää huonoa palkkiota syynä sille, että valinnanvapauskokeilun aikoja on huonosti saatavilla",multiword_vocab_token,legacy,/home/vitus/floently-finnish/apps/backend/practice/data/cards/doctor_cards.json
doctor_1974,doctor,"Muita toimenpiteeseen liittyviä leikkausinfektioita aiheuttavia tekijöitä ovat toimenpiteiden määrä, kesto ja kiireellisyys; kokemattomuus; vierasesineet kuten dreenit ja endoproteesit; alavatsan viilto, kudostrauman määrä, jäävän kuolleen tilan määrä, hemostaasin pitävyys ja kudoksen happeutuminen; sekä aseptiikan pettäminen, kuten käsineen rikkoutuminen ja _____ ihon karvojen poisto ja desinfektio",multiword_vocab_token,legacy,/home/vitus/floently-finnish/apps/backend/practice/data/cards/doctor_cards.json
doctor_1975,doctor,"Muita toimenpiteeseen liittyviä leikkausinfektioita aiheuttavia tekijöitä ovat toimenpiteiden määrä, kesto ja kiireellisyys; kokemattomuus; vierasesineet kuten dreenit ja endoproteesit; alavatsan viilto, kudostrauman määrä, jäävän kuolleen tilan määrä, hemostaasin pitävyys ja kudoksen happeutuminen; sekä aseptiikan pettäminen, kuten käsineen rikkoutuminen ja _____ ihon karvojen poisto ja desinfektio",multiword_vocab_token,legacy,/home/vitus/floently-finnish/apps/backend/practice/data/cards/doctor_cards.json
doctor_1979,doctor,Lähes 30 000:ta lääkäriä edustava Lääkäriliitto on alusta alkaen suhtautunut _____un kriittisesti,digit_in_token|multiword_vocab_token,legacy,/home/vitus/floently-finnish/apps/backend/practice/data/cards/doctor_cards.json
doctor_1980,doctor,Lähes 30 000:ta lääkäriä edustava Lääkäriliitto on alusta alkaen suhtautunut _____un kriittisesti,digit_in_token|multiword_vocab_token,legacy,/home/vitus/floently-finnish/apps/backend/practice/data/cards/doctor_cards.json
doctor_1987,doctor,"Heistaro _____, että kokeneiden lääkärikollegojen neuvot ja tuki opiskelijalle ovat silloin tärkeitä.",multiword_vocab_token,legacy,/home/vitus/floently-finnish/apps/backend/practice/data/cards/doctor_cards.json
doctor_1988,doctor,"Heistaro _____, että kokeneiden lääkärikollegojen neuvot ja tuki opiskelijalle ovat silloin tärkeitä.",multiword_vocab_token,legacy,/home/vitus/floently-finnish/apps/backend/practice/data/cards/doctor_cards.json
doctor_1992,doctor,"Tämä sairaus on usein autoimmuunisairaus, jossa keho tuhoaa haiman insuliinia tuottavia bee_____luja",multiword_vocab_token,legacy,/home/vitus/floently-finnish/apps/backend/practice/data/cards/doctor_cards.json
doctor_1993,doctor,"Tämä sairaus on usein autoimmuunisairaus, jossa keho tuhoaa haiman insuliinia tuottavia bee_____luja",multiword_vocab_token,legacy,/home/vitus/floently-finnish/apps/backend/practice/data/cards/doctor_cards.json
doctor_1997,doctor,"Tämä sairaus on usein _____, jossa keho tuhoaa haiman insuliinia tuottavia beetasoluja",multiword_vocab_token,legacy,/home/vitus/floently-finnish/apps/backend/practice/data/cards/doctor_cards.json
doctor_1998,doctor,"Tämä sairaus on usein _____, jossa keho tuhoaa haiman insuliinia tuottavia beetasoluja",multiword_vocab_token,legacy,/home/vitus/floently-finnish/apps/backend/practice/data/cards/doctor_cards.json
doctor_2002,doctor,"Korkea veren _____ eli hyperglykemia on kuitenkin niille kaikille yhteinen oire ja se aiheuttaa muun muassa runsasjanoisuutta (polydipsiaa), runsasta virtsaamistarvetta (polyuriaa), kehonpainon laskua ja väsymystä",multiword_vocab_token,legacy,/home/vitus/floently-finnish/apps/backend/practice/data/cards/doctor_cards.json
doctor_2003,doctor,"Korkea veren _____ eli hyperglykemia on kuitenkin niille kaikille yhteinen oire ja se aiheuttaa muun muassa runsasjanoisuutta (polydipsiaa), runsasta virtsaamistarvetta (polyuriaa), kehonpainon laskua ja väsymystä",multiword_vocab_token,legacy,/home/vitus/floently-finnish/apps/backend/practice/data/cards/doctor_cards.json
doctor_2007,doctor,Tutkimuksen aineisto perustuu vanhemmille tehtyyn kyselyyn nuorten adhd-_____ta sekä kaksikymmentä vuotta kestäneeseen rekisteriseurantaan nuorten myöhemmistä psykiatrisista diagnooseista.,multiword_vocab_token,legacy,/home/vitus/floently-finnish/apps/backend/practice/data/cards/doctor_cards.json
doctor_2008,doctor,Tutkimuksen aineisto perustuu vanhemmille tehtyyn kyselyyn nuorten adhd-_____ta sekä kaksikymmentä vuotta kestäneeseen rekisteriseurantaan nuorten myöhemmistä psykiatrisista diagnooseista.,multiword_vocab_token,legacy,/home/vitus/floently-finnish/apps/backend/practice/data/cards/doctor_cards.json
doctor_2012,doctor,"Vertailun vuoksi, 20 minuutin lääkärikäyntinsä täysin itse maksavasta potilaasta _____n palkkio on Terveystalon suuntaa-antavan hinnaston mukaan 64–186 euroa",digit_in_token|multiword_vocab_token,legacy,/home/vitus/floently-finnish/apps/backend/practice/data/cards/doctor_cards.json
doctor_2013,doctor,"Vertailun vuoksi, 20 minuutin lääkärikäyntinsä täysin itse maksavasta potilaasta _____n palkkio on Terveystalon suuntaa-antavan hinnaston mukaan 64–186 euroa",digit_in_token|multiword_vocab_token,legacy,/home/vitus/floently-finnish/apps/backend/practice/data/cards/doctor_cards.json
doctor_2020,doctor,Ihmisen verenkiertoon päätyvät bakteerit tai lipopolysakkaridin kaltaiset bakteeritoksiinit eli bakteerien tuottamat haitta-aineet aiheuttavat pieninä _____na matala-asteisen tulehduksen ja suurina _____na verenmyrkytyksen.[50],digit_in_token|citation_artifact|multiword_vocab_token,legacy,/home/vitus/floently-finnish/apps/backend/practice/data/cards/doctor_cards.json
doctor_2021,doctor,Ihmisen verenkiertoon päätyvät bakteerit tai lipopolysakkaridin kaltaiset bakteeritoksiinit eli bakteerien tuottamat haitta-aineet aiheuttavat pieninä _____na matala-asteisen tulehduksen ja suurina _____na verenmyrkytyksen.[50],digit_in_token|citation_artifact|multiword_vocab_token,legacy,/home/vitus/floently-finnish/apps/backend/practice/data/cards/doctor_cards.json
doctor_2028,doctor,"Erityistä tyytymättömyyttä ammatinharjoittajien keskuudessa on herättänyt ainakin Mehiläisessä, Terveystalossa ja Pihlajalinnassa viime vuosina käyttöön otetut palkkiomallit, joilla _____än vakuutusyhtiöiden ja työterveyden potilaiden vastaanotoille vähimmäis- ja enimmäispalkkiot.",multiword_vocab_token,legacy,/home/vitus/floently-finnish/apps/backend/practice/data/cards/doctor_cards.json
doctor_2029,doctor,"Erityistä tyytymättömyyttä ammatinharjoittajien keskuudessa on herättänyt ainakin Mehiläisessä, Terveystalossa ja Pihlajalinnassa viime vuosina käyttöön otetut palkkiomallit, joilla _____än vakuutusyhtiöiden ja työterveyden potilaiden vastaanotoille vähimmäis- ja enimmäispalkkiot.",multiword_vocab_token,legacy,/home/vitus/floently-finnish/apps/backend/practice/data/cards/doctor_cards.json
doctor_2036,doctor,MOT:n selvityksen mukaan _____t kirjoittavat reseptejä jopa näkemättä potilasta.,multiword_vocab_token,legacy,/home/vitus/floently-finnish/apps/backend/practice/data/cards/doctor_cards.json
doctor_2037,doctor,MOT:n selvityksen mukaan _____t kirjoittavat reseptejä jopa näkemättä potilasta.,multiword_vocab_token,legacy,/home/vitus/floently-finnish/apps/backend/practice/data/cards/doctor_cards.json
doctor_2041,doctor,"Käsityöläisenä pidettyä _____ia arvostettiin vähemmän kuin pappiin verrattavana parantajana toiminutta yleislääkäriä, vaikka onnistuessaan _____i kykenikin hoitamaan potilaansa: rakkokiviä leikattiin jo Hippokrateen aikana ja 1100-luvulla osattiin hoitaa kaihia pistämällä",digit_in_token|multiword_vocab_token,legacy,/home/vitus/floently-finnish/apps/backend/practice/data/cards/doctor_cards.json
doctor_2042,doctor,"Käsityöläisenä pidettyä _____ia arvostettiin vähemmän kuin pappiin verrattavana parantajana toiminutta yleislääkäriä, vaikka onnistuessaan _____i kykenikin hoitamaan potilaansa: rakkokiviä leikattiin jo Hippokrateen aikana ja 1100-luvulla osattiin hoitaa kaihia pistämällä",digit_in_token|multiword_vocab_token,legacy,/home/vitus/floently-finnish/apps/backend/practice/data/cards/doctor_cards.json
doctor_2046,doctor,Side- tai lihaskudoksesta _____nsa saanutta syöpää taas kutsutaan sarkoomaksi,multiword_vocab_token,legacy,/home/vitus/floently-finnish/apps/backend/practice/data/cards/doctor_cards.json
doctor_2047,doctor,Side- tai lihaskudoksesta _____nsa saanutta syöpää taas kutsutaan sarkoomaksi,multiword_vocab_token,legacy,/home/vitus/floently-finnish/apps/backend/practice/data/cards/doctor_cards.json
doctor_2051,doctor,"Diabetes mellitus (DM) on yleisnimi ryhmälle sokeriaineenvaihdunnan sairauksia, jotka aiheuttavat hyperglykemiaa eli veren glukoosipitoisuuden eli verensokerin liiallista _____a",multiword_vocab_token,legacy,/home/vitus/floently-finnish/apps/backend/practice/data/cards/doctor_cards.json
doctor_2052,doctor,"Diabetes mellitus (DM) on yleisnimi ryhmälle sokeriaineenvaihdunnan sairauksia, jotka aiheuttavat hyperglykemiaa eli veren glukoosipitoisuuden eli verensokerin liiallista _____a",multiword_vocab_token,legacy,/home/vitus/floently-finnish/apps/backend/practice/data/cards/doctor_cards.json
doctor_2059,doctor,Tämä käy ilmi Lääkäriliiton ja lääketieteen opiskelijoiden Medisiinariliiton vuonna 2024 tekemästä _____stä.,digit_in_token|multiword_vocab_token,legacy,/home/vitus/floently-finnish/apps/backend/practice/data/cards/doctor_cards.json
doctor_2060,doctor,Tämä käy ilmi Lääkäriliiton ja lääketieteen opiskelijoiden Medisiinariliiton vuonna 2024 tekemästä _____stä.,digit_in_token|multiword_vocab_token,legacy,/home/vitus/floently-finnish/apps/backend/practice/data/cards/doctor_cards.json
doctor_2064,doctor,Muissa tapauksissa po_____an edun mukaista on yleensä aloittaa mahdollisimman vähäinvasiivisesta hoidosta ja päätyä leikkaukseen vain viimeisenä keinona,multiword_vocab_token,legacy,/home/vitus/floently-finnish/apps/backend/practice/data/cards/doctor_cards.json
doctor_2065,doctor,Muissa tapauksissa po_____an edun mukaista on yleensä aloittaa mahdollisimman vähäinvasiivisesta hoidosta ja päätyä leikkaukseen vain viimeisenä keinona,multiword_vocab_token,legacy,/home/vitus/floently-finnish/apps/backend/practice/data/cards/doctor_cards.json
doctor_2069,doctor,Solunsalpaajien ja hormon_____itojen yhdistelmä (kemoterapia) on myös yleinen.lähde?,multiword_vocab_token,legacy,/home/vitus/floently-finnish/apps/backend/practice/data/cards/doctor_cards.json
doctor_2070,doctor,Solunsalpaajien ja hormon_____itojen yhdistelmä (kemoterapia) on myös yleinen.lähde?,multiword_vocab_token,legacy,/home/vitus/floently-finnish/apps/backend/practice/data/cards/doctor_cards.json
doctor_2074,doctor,"reikä, tukos, kudostuho, kasvain, tulehdus, _____ ja siirto",multiword_vocab_token,legacy,/home/vitus/floently-finnish/apps/backend/practice/data/cards/doctor_cards.json
doctor_2075,doctor,"reikä, tukos, kudostuho, kasvain, tulehdus, _____ ja siirto",multiword_vocab_token,legacy,/home/vitus/floently-finnish/apps/backend/practice/data/cards/doctor_cards.json
doctor_2082,doctor,Yli puolet laihdutuslääkkeiden käyttäjistä _____ hoidon alle vuodessa,multiword_vocab_token,legacy,/home/vitus/floently-finnish/apps/backend/practice/data/cards/doctor_cards.json
doctor_2083,doctor,Yli puolet laihdutuslääkkeiden käyttäjistä _____ hoidon alle vuodessa,multiword_vocab_token,legacy,/home/vitus/floently-finnish/apps/backend/practice/data/cards/doctor_cards.json
doctor_2090,doctor,"Tämä sairaus on usein autoimmuunisairaus, jossa keho tuhoaa _____n insuliinia tuottavia beetasoluja",multiword_vocab_token,legacy,/home/vitus/floently-finnish/apps/backend/practice/data/cards/doctor_cards.json
doctor_2091,doctor,"Tämä sairaus on usein autoimmuunisairaus, jossa keho tuhoaa _____n insuliinia tuottavia beetasoluja",multiword_vocab_token,legacy,/home/vitus/floently-finnish/apps/backend/practice/data/cards/doctor_cards.json
doctor_2101,doctor,Se yhdistettynä ulkomailla opiskelun _____on voi jollain aikavälillä johtaa jopa lääkärien ylitarjontaan.,multiword_vocab_token,legacy,/home/vitus/floently-finnish/apps/backend/practice/data/cards/doctor_cards.json
doctor_2102,doctor,Se yhdistettynä ulkomailla opiskelun _____on voi jollain aikavälillä johtaa jopa lääkärien ylitarjontaan.,multiword_vocab_token,legacy,/home/vitus/floently-finnish/apps/backend/practice/data/cards/doctor_cards.json
doctor_2106,doctor,"Mies_____isilla aloilla on myös havaittavissa se, että lääkärille mennään vasta, kun oireet ovat jo pahat ja jatkuneet pitkään.",multiword_vocab_token,legacy,/home/vitus/floently-finnish/apps/backend/practice/data/cards/doctor_cards.json
doctor_2107,doctor,"Mies_____isilla aloilla on myös havaittavissa se, että lääkärille mennään vasta, kun oireet ovat jo pahat ja jatkuneet pitkään.",multiword_vocab_token,legacy,/home/vitus/floently-finnish/apps/backend/practice/data/cards/doctor_cards.json
doctor_2114,doctor,"Kelan tilastot vahvistavat, että yksityiset lääkärit kirjoittavat yli 60 prosenttia uusien _____ resepteistä",digit_in_token|multiword_vocab_token,legacy,/home/vitus/floently-finnish/apps/backend/practice/data/cards/doctor_cards.json
doctor_2115,doctor,"Kelan tilastot vahvistavat, että yksityiset lääkärit kirjoittavat yli 60 prosenttia uusien _____ resepteistä",digit_in_token|multiword_vocab_token,legacy,/home/vitus/floently-finnish/apps/backend/practice/data/cards/doctor_cards.json
doctor_2122,doctor,"Vuosittain Suomessa todetaan yli sata uutta syöpätapausta, joissa sairauden _____tään aiheutuneen jostain työssä ilmenevästä tekijästä.[44] Esimerkiksi asbesti aiheuttaa noin 10 prosenttia todetuista keuhkosyöpätapauksista, radon 20 prosenttia ja tupakointi 70 prosenttia",digit_in_token|citation_artifact|multiword_vocab_token,legacy,/home/vitus/floently-finnish/apps/backend/practice/data/cards/doctor_cards.json
doctor_2123,doctor,"Vuosittain Suomessa todetaan yli sata uutta syöpätapausta, joissa sairauden _____tään aiheutuneen jostain työssä ilmenevästä tekijästä.[44] Esimerkiksi asbesti aiheuttaa noin 10 prosenttia todetuista keuhkosyöpätapauksista, radon 20 prosenttia ja tupakointi 70 prosenttia",digit_in_token|citation_artifact|multiword_vocab_token,legacy,/home/vitus/floently-finnish/apps/backend/practice/data/cards/doctor_cards.json
doctor_2127,doctor,Leikkausinfektioita voidaan vähentää mikrobilääkeprofylaksin eli _____n lääkehoidon avulla,multiword_vocab_token,legacy,/home/vitus/floently-finnish/apps/backend/practice/data/cards/doctor_cards.json
doctor_2128,doctor,Leikkausinfektioita voidaan vähentää mikrobilääkeprofylaksin eli _____n lääkehoidon avulla,multiword_vocab_token,legacy,/home/vitus/floently-finnish/apps/backend/practice/data/cards/doctor_cards.json
doctor_2132,doctor,Ylen tietojen mukaan lääkärille jää valinnanvapauskokeilusta käteen näitäkin alhaisempi tai korkeintaan lähes yhtä _____ palkkio.,multiword_vocab_token,legacy,/home/vitus/floently-finnish/apps/backend/practice/data/cards/doctor_cards.json
doctor_2133,doctor,Ylen tietojen mukaan lääkärille jää valinnanvapauskokeilusta käteen näitäkin alhaisempi tai korkeintaan lähes yhtä _____ palkkio.,multiword_vocab_token,legacy,/home/vitus/floently-finnish/apps/backend/practice/data/cards/doctor_cards.json
doctor_2140,doctor,Hänen _____nsa ohjasi länsimaista lääketiedettä aina 1700-luvun alkupuolelle saakka,digit_in_token|multiword_vocab_token,legacy,/home/vitus/floently-finnish/apps/backend/practice/data/cards/doctor_cards.json
doctor_2141,doctor,Hänen _____nsa ohjasi länsimaista lääketiedettä aina 1700-luvun alkupuolelle saakka,digit_in_token|multiword_vocab_token,legacy,/home/vitus/floently-finnish/apps/backend/practice/data/cards/doctor_cards.json
doctor_2151,doctor,Hänen auktoriteettinsa ohjasi länsimaista lääketiedettä aina 1700-luvun _____lle saakka,digit_in_token|multiword_vocab_token,legacy,/home/vitus/floently-finnish/apps/backend/practice/data/cards/doctor_cards.json
doctor_2152,doctor,Hänen auktoriteettinsa ohjasi länsimaista lääketiedettä aina 1700-luvun _____lle saakka,digit_in_token|multiword_vocab_token,legacy,/home/vitus/floently-finnish/apps/backend/practice/data/cards/doctor_cards.json
doctor_2159,doctor,Palataan _____ myöhemmin artikkelissa.,multiword_vocab_token,legacy,/home/vitus/floently-finnish/apps/backend/practice/data/cards/doctor_cards.json
doctor_2160,doctor,Palataan _____ myöhemmin artikkelissa.,multiword_vocab_token,legacy,/home/vitus/floently-finnish/apps/backend/practice/data/cards/doctor_cards.json
doctor_2173,doctor,Solunsalpaajia _____an kolmannekselle potilaista.lähde?,multiword_vocab_token,legacy,/home/vitus/floently-finnish/apps/backend/practice/data/cards/doctor_cards.json
doctor_2174,doctor,Solunsalpaajia _____an kolmannekselle potilaista.lähde?,multiword_vocab_token,legacy,/home/vitus/floently-finnish/apps/backend/practice/data/cards/doctor_cards.json
doctor_2181,doctor,"Silloin sitä varten annetut hoitotoimenpiteet ja lääkkeet eivät välttämättä _____ oireiden aiheuttajaa, ja vakavampia mahdollisesti hengenvaarallisiakin seurauksia voi tulla.",multiword_vocab_token,legacy,/home/vitus/floently-finnish/apps/backend/practice/data/cards/doctor_cards.json
doctor_2182,doctor,"Silloin sitä varten annetut hoitotoimenpiteet ja lääkkeet eivät välttämättä _____ oireiden aiheuttajaa, ja vakavampia mahdollisesti hengenvaarallisiakin seurauksia voi tulla.",multiword_vocab_token,legacy,/home/vitus/floently-finnish/apps/backend/practice/data/cards/doctor_cards.json
doctor_2189,doctor,"Silloin sitä varten annetut hoitotoimenpiteet ja lääkkeet eivät välttämättä poista oireiden aiheuttajaa, ja vakavampia mahdollisesti _____ seurauksia voi tulla.",multiword_vocab_token,legacy,/home/vitus/floently-finnish/apps/backend/practice/data/cards/doctor_cards.json
doctor_2190,doctor,"Silloin sitä varten annetut hoitotoimenpiteet ja lääkkeet eivät välttämättä poista oireiden aiheuttajaa, ja vakavampia mahdollisesti _____ seurauksia voi tulla.",multiword_vocab_token,legacy,/home/vitus/floently-finnish/apps/backend/practice/data/cards/doctor_cards.json
doctor_2197,doctor,"Meningokokkibakteeri voi _____ melko helposti, kertoo Terveyden ja hyvinvoinnin laitoksen ylilääkäri, professori Hanna Nohynek.",multiword_vocab_token,legacy,/home/vitus/floently-finnish/apps/backend/practice/data/cards/doctor_cards.json
doctor_2198,doctor,"Meningokokkibakteeri voi _____ melko helposti, kertoo Terveyden ja hyvinvoinnin laitoksen ylilääkäri, professori Hanna Nohynek.",multiword_vocab_token,legacy,/home/vitus/floently-finnish/apps/backend/practice/data/cards/doctor_cards.json
doctor_2202,doctor,Haluttujen laihdutuslääkkeiden ympärillä _____ bisnes on klinikoille houkutteleva.,multiword_vocab_token,legacy,/home/vitus/floently-finnish/apps/backend/practice/data/cards/doctor_cards.json
doctor_2203,doctor,Haluttujen laihdutuslääkkeiden ympärillä _____ bisnes on klinikoille houkutteleva.,multiword_vocab_token,legacy,/home/vitus/floently-finnish/apps/backend/practice/data/cards/doctor_cards.json
doctor_2207,doctor,"Jos hinta on yli enimmäispalkkion, pitää lääkäriasema _____n summan itsellään.",multiword_vocab_token,legacy,/home/vitus/floently-finnish/apps/backend/practice/data/cards/doctor_cards.json
doctor_2208,doctor,"Jos hinta on yli enimmäispalkkion, pitää lääkäriasema _____n summan itsellään.",multiword_vocab_token,legacy,/home/vitus/floently-finnish/apps/backend/practice/data/cards/doctor_cards.json
doctor_2212,doctor,"Hoitojakson syynä oli sairaus, jonka _____ saattaa johtua siitä, että äiti ei ollut ottanut kaikkia hänelle määrättyjä lääkkeitä.",multiword_vocab_token,legacy,/home/vitus/floently-finnish/apps/backend/practice/data/cards/doctor_cards.json
doctor_2213,doctor,"Hoitojakson syynä oli sairaus, jonka _____ saattaa johtua siitä, että äiti ei ollut ottanut kaikkia hänelle määrättyjä lääkkeitä.",multiword_vocab_token,legacy,/home/vitus/floently-finnish/apps/backend/practice/data/cards/doctor_cards.json
doctor_2217,doctor,"Hoitojakson syynä oli sairaus, jonka ilmaantuminen saattaa johtua siitä, että äiti ei ollut ottanut kaikkia hänelle _____ lääkkeitä.",multiword_vocab_token,legacy,/home/vitus/floently-finnish/apps/backend/practice/data/cards/doctor_cards.json
doctor_2218,doctor,"Hoitojakson syynä oli sairaus, jonka ilmaantuminen saattaa johtua siitä, että äiti ei ollut ottanut kaikkia hänelle _____ lääkkeitä.",multiword_vocab_token,legacy,/home/vitus/floently-finnish/apps/backend/practice/data/cards/doctor_cards.json
doctor_2225,doctor,"Medilux on yksi uusista verkkoklinikoista, jotka MOT:n selvityksen mukaan _____ lihavuuslääkkeitä ylipainon hoitoon.",multiword_vocab_token,legacy,/home/vitus/floently-finnish/apps/backend/practice/data/cards/doctor_cards.json
doctor_2226,doctor,"Medilux on yksi uusista verkkoklinikoista, jotka MOT:n selvityksen mukaan _____ lihavuuslääkkeitä ylipainon hoitoon.",multiword_vocab_token,legacy,/home/vitus/floently-finnish/apps/backend/practice/data/cards/doctor_cards.json
doctor_2239,doctor,Solunsalpaajia annetaan _____ potilaista.lähde?,multiword_vocab_token,legacy,/home/vitus/floently-finnish/apps/backend/practice/data/cards/doctor_cards.json
doctor_2240,doctor,Solunsalpaajia annetaan _____ potilaista.lähde?,multiword_vocab_token,legacy,/home/vitus/floently-finnish/apps/backend/practice/data/cards/doctor_cards.json
doctor_2244,doctor,Alla olevalla _____lla lääkäri Atte kertoo kolme vinkkiä nikotiinipussien käytön lopettamiseen.,multiword_vocab_token,legacy,/home/vitus/floently-finnish/apps/backend/practice/data/cards/doctor_cards.json
doctor_2245,doctor,Alla olevalla _____lla lääkäri Atte kertoo kolme vinkkiä nikotiinipussien käytön lopettamiseen.,multiword_vocab_token,legacy,/home/vitus/floently-finnish/apps/backend/practice/data/cards/doctor_cards.json
doctor_2249,doctor,Alla olevalla videolla lääkäri Atte kertoo kolme _____ä nikotiinipussien käytön lopettamiseen.,multiword_vocab_token,legacy,/home/vitus/floently-finnish/apps/backend/practice/data/cards/doctor_cards.json
doctor_2250,doctor,Alla olevalla videolla lääkäri Atte kertoo kolme _____ä nikotiinipussien käytön lopettamiseen.,multiword_vocab_token,legacy,/home/vitus/floently-finnish/apps/backend/practice/data/cards/doctor_cards.json
doctor_2266,doctor,Syöpätautien _____ ja hoidolla saavutetun elinajan pidentymisen seurauksena palliatiivisen hoidon merkitys kasvaa.[21],digit_in_token|citation_artifact|multiword_vocab_token,legacy,/home/vitus/floently-finnish/apps/backend/practice/data/cards/doctor_cards.json
doctor_2267,doctor,Syöpätautien _____ ja hoidolla saavutetun elinajan pidentymisen seurauksena palliatiivisen hoidon merkitys kasvaa.[21],digit_in_token|citation_artifact|multiword_vocab_token,legacy,/home/vitus/floently-finnish/apps/backend/practice/data/cards/doctor_cards.json
doctor_2271,doctor,Syöpätautien yleistyminen ja _____ saavutetun elinajan pidentymisen seurauksena palliatiivisen hoidon merkitys kasvaa.[21],digit_in_token|citation_artifact|multiword_vocab_token,legacy,/home/vitus/floently-finnish/apps/backend/practice/data/cards/doctor_cards.json
doctor_2272,doctor,Syöpätautien yleistyminen ja _____ saavutetun elinajan pidentymisen seurauksena palliatiivisen hoidon merkitys kasvaa.[21],digit_in_token|citation_artifact|multiword_vocab_token,legacy,/home/vitus/floently-finnish/apps/backend/practice/data/cards/doctor_cards.json
doctor_2279,doctor,Syöpätautien yleistyminen ja hoidolla saavutetun _____n pidentymisen seurauksena palliatiivisen hoidon merkitys kasvaa.[21],digit_in_token|citation_artifact|multiword_vocab_token,legacy,/home/vitus/floently-finnish/apps/backend/practice/data/cards/doctor_cards.json
doctor_2280,doctor,Syöpätautien yleistyminen ja hoidolla saavutetun _____n pidentymisen seurauksena palliatiivisen hoidon merkitys kasvaa.[21],digit_in_token|citation_artifact|multiword_vocab_token,legacy,/home/vitus/floently-finnish/apps/backend/practice/data/cards/doctor_cards.json
doctor_2284,doctor,Syöpätautien yleistyminen ja hoidolla saavutetun elinajan _____ seurauksena palliatiivisen hoidon merkitys kasvaa.[21],digit_in_token|citation_artifact|multiword_vocab_token,legacy,/home/vitus/floently-finnish/apps/backend/practice/data/cards/doctor_cards.json
doctor_2285,doctor,Syöpätautien yleistyminen ja hoidolla saavutetun elinajan _____ seurauksena palliatiivisen hoidon merkitys kasvaa.[21],digit_in_token|citation_artifact|multiword_vocab_token,legacy,/home/vitus/floently-finnish/apps/backend/practice/data/cards/doctor_cards.json
doctor_2289,doctor,Syöpätautien yleistyminen ja hoidolla saavutetun elinajan pidentymisen seurauksena _____ hoidon merkitys kasvaa.[21],digit_in_token|citation_artifact|multiword_vocab_token,legacy,/home/vitus/floently-finnish/apps/backend/practice/data/cards/doctor_cards.json
doctor_2290,doctor,Syöpätautien yleistyminen ja hoidolla saavutetun elinajan pidentymisen seurauksena _____ hoidon merkitys kasvaa.[21],digit_in_token|citation_artifact|multiword_vocab_token,legacy,/home/vitus/floently-finnish/apps/backend/practice/data/cards/doctor_cards.json
doctor_2297,doctor,Sana kirurgia juontuu _____ ja tarkoitti alun perin käsityötä.[1],digit_in_token|citation_artifact|multiword_vocab_token,legacy,/home/vitus/floently-finnish/apps/backend/practice/data/cards/doctor_cards.json
doctor_2298,doctor,Sana kirurgia juontuu _____ ja tarkoitti alun perin käsityötä.[1],digit_in_token|citation_artifact|multiword_vocab_token,legacy,/home/vitus/floently-finnish/apps/backend/practice/data/cards/doctor_cards.json
doctor_2302,doctor,Hänellä on PTEN-hamartooma_____.,multiword_vocab_token,legacy,/home/vitus/floently-finnish/apps/backend/practice/data/cards/doctor_cards.json
doctor_2303,doctor,Hänellä on PTEN-hamartooma_____.,multiword_vocab_token,legacy,/home/vitus/floently-finnish/apps/backend/practice/data/cards/doctor_cards.json
doctor_2307,doctor,Tulehduksen sivuvaikutuksena syntyy myös ympäröivien kudosten vaurioita.[15] Immuunijärjestelmän toiminnan sivutuotteena syntyy joskus yhtä paljon kudosvaurioita kuin mitä _____t ehtivät aiheuttaa.[16] Elimistön tuottama tulehdusvaste saattaa jopa tappaa potilaan.[17],digit_in_token|citation_artifact|multiword_vocab_token,legacy,/home/vitus/floently-finnish/apps/backend/practice/data/cards/doctor_cards.json
doctor_2308,doctor,Tulehduksen sivuvaikutuksena syntyy myös ympäröivien kudosten vaurioita.[15] Immuunijärjestelmän toiminnan sivutuotteena syntyy joskus yhtä paljon kudosvaurioita kuin mitä _____t ehtivät aiheuttaa.[16] Elimistön tuottama tulehdusvaste saattaa jopa tappaa potilaan.[17],digit_in_token|citation_artifact|multiword_vocab_token,legacy,/home/vitus/floently-finnish/apps/backend/practice/data/cards/doctor_cards.json
doctor_2318,doctor,"Patogeenit eli taudinaiheuttajat tunkeutuvat elimistöön usein hengitysteiden, suoliston, _____ tai avointen haavojen kautta",multiword_vocab_token,legacy,/home/vitus/floently-finnish/apps/backend/practice/data/cards/doctor_cards.json
doctor_2319,doctor,"Patogeenit eli taudinaiheuttajat tunkeutuvat elimistöön usein hengitysteiden, suoliston, _____ tai avointen haavojen kautta",multiword_vocab_token,legacy,/home/vitus/floently-finnish/apps/backend/practice/data/cards/doctor_cards.json
doctor_2323,doctor,"Patogeenit eli taudinaiheuttajat tunkeutuvat elimistöön usein hengitysteiden, suoliston, sukuelinten tai _____ haavojen kautta",multiword_vocab_token,legacy,/home/vitus/floently-finnish/apps/backend/practice/data/cards/doctor_cards.json
doctor_2324,doctor,"Patogeenit eli taudinaiheuttajat tunkeutuvat elimistöön usein hengitysteiden, suoliston, sukuelinten tai _____ haavojen kautta",multiword_vocab_token,legacy,/home/vitus/floently-finnish/apps/backend/practice/data/cards/doctor_cards.json
doctor_2328,doctor,"Tutkimuksen mukaan voiteella on myönteisiä vaikutuksia _____ihin, tulehduksiin ja ihosairauksiin.[8]",digit_in_token|citation_artifact|multiword_vocab_token,legacy,/home/vitus/floently-finnish/apps/backend/practice/data/cards/doctor_cards.json
doctor_2329,doctor,"Tutkimuksen mukaan voiteella on myönteisiä vaikutuksia _____ihin, tulehduksiin ja ihosairauksiin.[8]",digit_in_token|citation_artifact|multiword_vocab_token,legacy,/home/vitus/floently-finnish/apps/backend/practice/data/cards/doctor_cards.json
doctor_2333,doctor,Immuunivasteen _____en teho säilyy osalla potilaista kuukausia ja jopa vuosia,multiword_vocab_token,legacy,/home/vitus/floently-finnish/apps/backend/practice/data/cards/doctor_cards.json
doctor_2334,doctor,Immuunivasteen _____en teho säilyy osalla potilaista kuukausia ja jopa vuosia,multiword_vocab_token,legacy,/home/vitus/floently-finnish/apps/backend/practice/data/cards/doctor_cards.json
doctor_2341,doctor,Immuunivasteen muuntajien teho säilyy osalla potilaista _____a ja jopa vuosia,multiword_vocab_token,legacy,/home/vitus/floently-finnish/apps/backend/practice/data/cards/doctor_cards.json
doctor_2342,doctor,Immuunivasteen muuntajien teho säilyy osalla potilaista _____a ja jopa vuosia,multiword_vocab_token,legacy,/home/vitus/floently-finnish/apps/backend/practice/data/cards/doctor_cards.json
doctor_2349,doctor,"Lapha kiinnostui Elina Hanhivaaran äidin tilanteesta viime _____nä, kun hän joutui tehohoitoon",multiword_vocab_token,legacy,/home/vitus/floently-finnish/apps/backend/practice/data/cards/doctor_cards.json
doctor_2350,doctor,"Lapha kiinnostui Elina Hanhivaaran äidin tilanteesta viime _____nä, kun hän joutui tehohoitoon",multiword_vocab_token,legacy,/home/vitus/floently-finnish/apps/backend/practice/data/cards/doctor_cards.json
doctor_2354,doctor,"Lapha kiinnostui Elina Hanhivaaran äidin tilanteesta viime kesänä, kun hän joutui _____on",multiword_vocab_token,legacy,/home/vitus/floently-finnish/apps/backend/practice/data/cards/doctor_cards.json
doctor_2355,doctor,"Lapha kiinnostui Elina Hanhivaaran äidin tilanteesta viime kesänä, kun hän joutui _____on",multiword_vocab_token,legacy,/home/vitus/floently-finnish/apps/backend/practice/data/cards/doctor_cards.json
doctor_2359,doctor,Se myös lisää syntyvän lapsen riskiä sairastua näihin sairauksiin.[16] Raskausdiabetes alkaa yleensä raskauden _____ssä tai viimeisellä kolmanneksella,digit_in_token|citation_artifact|multiword_vocab_token,legacy,/home/vitus/floently-finnish/apps/backend/practice/data/cards/doctor_cards.json
doctor_2360,doctor,Se myös lisää syntyvän lapsen riskiä sairastua näihin sairauksiin.[16] Raskausdiabetes alkaa yleensä raskauden _____ssä tai viimeisellä kolmanneksella,digit_in_token|citation_artifact|multiword_vocab_token,legacy,/home/vitus/floently-finnish/apps/backend/practice/data/cards/doctor_cards.json
doctor_2364,doctor,Esimerkkinä eräitä nivelreuman erotus_____ ovat nivelrikko ja reaktiivinen niveltulehdus.,multiword_vocab_token,legacy,/home/vitus/floently-finnish/apps/backend/practice/data/cards/doctor_cards.json
doctor_2365,doctor,Esimerkkinä eräitä nivelreuman erotus_____ ovat nivelrikko ja reaktiivinen niveltulehdus.,multiword_vocab_token,legacy,/home/vitus/floently-finnish/apps/backend/practice/data/cards/doctor_cards.json
doctor_2369,doctor,"Pietiläisen mukaan markkinarakoa on, koska esimerkiksi _____sta lääkkeiden saaminen voi olla vaikeampaa.",multiword_vocab_token,legacy,/home/vitus/floently-finnish/apps/backend/practice/data/cards/doctor_cards.json
doctor_2370,doctor,"Pietiläisen mukaan markkinarakoa on, koska esimerkiksi _____sta lääkkeiden saaminen voi olla vaikeampaa.",multiword_vocab_token,legacy,/home/vitus/floently-finnish/apps/backend/practice/data/cards/doctor_cards.json
doctor_2374,doctor,Diagnooseja tehdään lääkärin vastaanotolla terveyskeskuksissa ja _____,multiword_vocab_token,legacy,/home/vitus/floently-finnish/apps/backend/practice/data/cards/doctor_cards.json
doctor_2375,doctor,Diagnooseja tehdään lääkärin vastaanotolla terveyskeskuksissa ja _____,multiword_vocab_token,legacy,/home/vitus/floently-finnish/apps/backend/practice/data/cards/doctor_cards.json
doctor_2379,doctor,"Kysyimme _____lta, millaisia oireita heillä on ollut, jos he ovat sairastuneet norovirukseen tai influenssaan.",multiword_vocab_token,legacy,/home/vitus/floently-finnish/apps/backend/practice/data/cards/doctor_cards.json
doctor_2380,doctor,"Kysyimme _____lta, millaisia oireita heillä on ollut, jos he ovat sairastuneet norovirukseen tai influenssaan.",multiword_vocab_token,legacy,/home/vitus/floently-finnish/apps/backend/practice/data/cards/doctor_cards.json
doctor_2387,doctor,"Kysyimme lukijoilta, millaisia oireita heillä on ollut, jos he ovat sairastuneet norovirukseen tai _____.",multiword_vocab_token,legacy,/home/vitus/floently-finnish/apps/backend/practice/data/cards/doctor_cards.json
doctor_2388,doctor,"Kysyimme lukijoilta, millaisia oireita heillä on ollut, jos he ovat sairastuneet norovirukseen tai _____.",multiword_vocab_token,legacy,/home/vitus/floently-finnish/apps/backend/practice/data/cards/doctor_cards.json
doctor_2395,doctor,"Lääkäriliiton hallituksen _____ Niina Koivuviita sanoo, että yhtenä huolenaiheena oli, että kokeilu houkuttelisi yhä useamman lääkärin vaihtamaan julkiselta sektorilta yksityiselle lääkäriasemalle.",multiword_vocab_token,legacy,/home/vitus/floently-finnish/apps/backend/practice/data/cards/doctor_cards.json
doctor_2396,doctor,"Lääkäriliiton hallituksen _____ Niina Koivuviita sanoo, että yhtenä huolenaiheena oli, että kokeilu houkuttelisi yhä useamman lääkärin vaihtamaan julkiselta sektorilta yksityiselle lääkäriasemalle.",multiword_vocab_token,legacy,/home/vitus/floently-finnish/apps/backend/practice/data/cards/doctor_cards.json
doctor_2400,doctor,"Lääkäriliiton hallituksen puheenjohtaja Niina Koivuviita sanoo, että yhtenä _____ oli, että kokeilu houkuttelisi yhä useamman lääkärin vaihtamaan julkiselta sektorilta yksityiselle lääkäriasemalle.",multiword_vocab_token,legacy,/home/vitus/floently-finnish/apps/backend/practice/data/cards/doctor_cards.json
doctor_2401,doctor,"Lääkäriliiton hallituksen puheenjohtaja Niina Koivuviita sanoo, että yhtenä _____ oli, että kokeilu houkuttelisi yhä useamman lääkärin vaihtamaan julkiselta sektorilta yksityiselle lääkäriasemalle.",multiword_vocab_token,legacy,/home/vitus/floently-finnish/apps/backend/practice/data/cards/doctor_cards.json
doctor_2411,doctor,"Lääkäriliiton hallituksen puheenjohtaja Niina Koivuviita sanoo, että yhtenä huolenaiheena oli, että kokeilu houkuttelisi yhä useamman lääkärin vaihtamaan _____ sektorilta yksityiselle lääkäriasemalle.",multiword_vocab_token,legacy,/home/vitus/floently-finnish/apps/backend/practice/data/cards/doctor_cards.json
doctor_2412,doctor,"Lääkäriliiton hallituksen puheenjohtaja Niina Koivuviita sanoo, että yhtenä huolenaiheena oli, että kokeilu houkuttelisi yhä useamman lääkärin vaihtamaan _____ sektorilta yksityiselle lääkäriasemalle.",multiword_vocab_token,legacy,/home/vitus/floently-finnish/apps/backend/practice/data/cards/doctor_cards.json
doctor_2416,doctor,"Lääkäriliiton hallituksen puheenjohtaja Niina Koivuviita sanoo, että yhtenä huolenaiheena oli, että kokeilu houkuttelisi yhä useamman lääkärin vaihtamaan julkiselta _____ yksityiselle lääkäriasemalle.",multiword_vocab_token,legacy,/home/vitus/floently-finnish/apps/backend/practice/data/cards/doctor_cards.json
doctor_2417,doctor,"Lääkäriliiton hallituksen puheenjohtaja Niina Koivuviita sanoo, että yhtenä huolenaiheena oli, että kokeilu houkuttelisi yhä useamman lääkärin vaihtamaan julkiselta _____ yksityiselle lääkäriasemalle.",multiword_vocab_token,legacy,/home/vitus/floently-finnish/apps/backend/practice/data/cards/doctor_cards.json
doctor_2421,doctor,"Kelan tilastot vahvistavat, että _____t lääkärit kirjoittavat yli 60 prosenttia uusien lihavuuslääkkeiden resepteistä",digit_in_token|multiword_vocab_token,legacy,/home/vitus/floently-finnish/apps/backend/practice/data/cards/doctor_cards.json
doctor_2422,doctor,"Kelan tilastot vahvistavat, että _____t lääkärit kirjoittavat yli 60 prosenttia uusien lihavuuslääkkeiden resepteistä",digit_in_token|multiword_vocab_token,legacy,/home/vitus/floently-finnish/apps/backend/practice/data/cards/doctor_cards.json
doctor_2426,doctor,"Lääkäriliiton hallituksen puheenjohtaja Niina Koivuviita sanoo, että yhtenä huolenaiheena oli, että kokeilu houkuttelisi yhä useamman lääkärin vaihtamaan julkiselta sektorilta yksityiselle _____.",multiword_vocab_token,legacy,/home/vitus/floently-finnish/apps/backend/practice/data/cards/doctor_cards.json
doctor_2427,doctor,"Lääkäriliiton hallituksen puheenjohtaja Niina Koivuviita sanoo, että yhtenä huolenaiheena oli, että kokeilu houkuttelisi yhä useamman lääkärin vaihtamaan julkiselta sektorilta yksityiselle _____.",multiword_vocab_token,legacy,/home/vitus/floently-finnish/apps/backend/practice/data/cards/doctor_cards.json
doctor_2437,doctor,Lihavuudenhoitolääke Ozempic vaikuttaa aivojen kylläisyyskeskukseen ja vähentää _____a,multiword_vocab_token,legacy,/home/vitus/floently-finnish/apps/backend/practice/data/cards/doctor_cards.json
doctor_2438,doctor,Lihavuudenhoitolääke Ozempic vaikuttaa aivojen kylläisyyskeskukseen ja vähentää _____a,multiword_vocab_token,legacy,/home/vitus/floently-finnish/apps/backend/practice/data/cards/doctor_cards.json
doctor_2442,doctor,"Hän kuvailee tautia ”ihan _____ksi” ja arvioi, ettei koskaan aiemmin ole sairastanut yhtä pahaa oksennustautia ja ripulia.",multiword_vocab_token,legacy,/home/vitus/floently-finnish/apps/backend/practice/data/cards/doctor_cards.json
doctor_2443,doctor,"Hän kuvailee tautia ”ihan _____ksi” ja arvioi, ettei koskaan aiemmin ole sairastanut yhtä pahaa oksennustautia ja ripulia.",multiword_vocab_token,legacy,/home/vitus/floently-finnish/apps/backend/practice/data/cards/doctor_cards.json
doctor_2447,doctor,"Hän kuvailee tautia ”ihan kamalaksi” ja arvioi, ettei koskaan aiemmin ole sairastanut yhtä pahaa _____a ja ripulia.",multiword_vocab_token,legacy,/home/vitus/floently-finnish/apps/backend/practice/data/cards/doctor_cards.json
doctor_2448,doctor,"Hän kuvailee tautia ”ihan kamalaksi” ja arvioi, ettei koskaan aiemmin ole sairastanut yhtä pahaa _____a ja ripulia.",multiword_vocab_token,legacy,/home/vitus/floently-finnish/apps/backend/practice/data/cards/doctor_cards.json
doctor_2452,doctor,Ennen hoitoa täytyy _____ tarkasti syöpätyyppi ja syövän levinneisyys,multiword_vocab_token,legacy,/home/vitus/floently-finnish/apps/backend/practice/data/cards/doctor_cards.json
doctor_2453,doctor,Ennen hoitoa täytyy _____ tarkasti syöpätyyppi ja syövän levinneisyys,multiword_vocab_token,legacy,/home/vitus/floently-finnish/apps/backend/practice/data/cards/doctor_cards.json
doctor_2457,doctor,Ennen hoitoa täytyy määrittää tarkasti _____ ja syövän levinneisyys,multiword_vocab_token,legacy,/home/vitus/floently-finnish/apps/backend/practice/data/cards/doctor_cards.json
doctor_2458,doctor,Ennen hoitoa täytyy määrittää tarkasti _____ ja syövän levinneisyys,multiword_vocab_token,legacy,/home/vitus/floently-finnish/apps/backend/practice/data/cards/doctor_cards.json
doctor_2462,doctor,Suurin _____ kontaminoitumisriski liittyy haavan sulkemisvaiheeseen leikkauksen lopussa[21].,digit_in_token|citation_artifact|multiword_vocab_token,legacy,/home/vitus/floently-finnish/apps/backend/practice/data/cards/doctor_cards.json
doctor_2463,doctor,Suurin _____ kontaminoitumisriski liittyy haavan sulkemisvaiheeseen leikkauksen lopussa[21].,digit_in_token|citation_artifact|multiword_vocab_token,legacy,/home/vitus/floently-finnish/apps/backend/practice/data/cards/doctor_cards.json
doctor_2467,doctor,Suurin yksittäinen _____ liittyy haavan sulkemisvaiheeseen leikkauksen lopussa[21].,digit_in_token|citation_artifact|multiword_vocab_token,legacy,/home/vitus/floently-finnish/apps/backend/practice/data/cards/doctor_cards.json
doctor_2468,doctor,Suurin yksittäinen _____ liittyy haavan sulkemisvaiheeseen leikkauksen lopussa[21].,digit_in_token|citation_artifact|multiword_vocab_token,legacy,/home/vitus/floently-finnish/apps/backend/practice/data/cards/doctor_cards.json
doctor_2475,doctor,Suurin yksittäinen kontaminoitumisriski liittyy haavan _____ leikkauksen lopussa[21].,digit_in_token|citation_artifact|multiword_vocab_token,legacy,/home/vitus/floently-finnish/apps/backend/practice/data/cards/doctor_cards.json
doctor_2476,doctor,Suurin yksittäinen kontaminoitumisriski liittyy haavan _____ leikkauksen lopussa[21].,digit_in_token|citation_artifact|multiword_vocab_token,legacy,/home/vitus/floently-finnish/apps/backend/practice/data/cards/doctor_cards.json
doctor_2483,doctor,"Parhaan hoidon _____ riippuu monista tekijöistä kuten kasvaimen laadusta, sijainnista, potilaan iästä, muista sairauksista jne",multiword_vocab_token,legacy,/home/vitus/floently-finnish/apps/backend/practice/data/cards/doctor_cards.json
doctor_2484,doctor,"Parhaan hoidon _____ riippuu monista tekijöistä kuten kasvaimen laadusta, sijainnista, potilaan iästä, muista sairauksista jne",multiword_vocab_token,legacy,/home/vitus/floently-finnish/apps/backend/practice/data/cards/doctor_cards.json
doctor_2488,doctor,"Parhaan hoidon valinta riippuu monista _____tä kuten kasvaimen laadusta, sijainnista, potilaan iästä, muista sairauksista jne",multiword_vocab_token,legacy,/home/vitus/floently-finnish/apps/backend/practice/data/cards/doctor_cards.json
doctor_2489,doctor,"Parhaan hoidon valinta riippuu monista _____tä kuten kasvaimen laadusta, sijainnista, potilaan iästä, muista sairauksista jne",multiword_vocab_token,legacy,/home/vitus/floently-finnish/apps/backend/practice/data/cards/doctor_cards.json
doctor_2493,doctor,Leikkauksen aiheet vaihtelevat välittömistä henkeäpelastavista toimenpiteistä täysin kiireettömiin elämän_____n mahdollista parantamista tavoitteleviin leikkauksiin,multiword_vocab_token,legacy,/home/vitus/floently-finnish/apps/backend/practice/data/cards/doctor_cards.json
doctor_2494,doctor,Leikkauksen aiheet vaihtelevat välittömistä henkeäpelastavista toimenpiteistä täysin kiireettömiin elämän_____n mahdollista parantamista tavoitteleviin leikkauksiin,multiword_vocab_token,legacy,/home/vitus/floently-finnish/apps/backend/practice/data/cards/doctor_cards.json
doctor_2501,doctor,Suurin osa _____tä maksaa Mikan tavoin lihavuuslääkkeet kokonaan omasta pussistaan,multiword_vocab_token,legacy,/home/vitus/floently-finnish/apps/backend/practice/data/cards/doctor_cards.json
doctor_2502,doctor,Suurin osa _____tä maksaa Mikan tavoin lihavuuslääkkeet kokonaan omasta pussistaan,multiword_vocab_token,legacy,/home/vitus/floently-finnish/apps/backend/practice/data/cards/doctor_cards.json
doctor_2506,doctor,Suurin osa käyttäjistä _____ Mikan tavoin lihavuuslääkkeet kokonaan omasta pussistaan,multiword_vocab_token,legacy,/home/vitus/floently-finnish/apps/backend/practice/data/cards/doctor_cards.json
doctor_2507,doctor,Suurin osa käyttäjistä _____ Mikan tavoin lihavuuslääkkeet kokonaan omasta pussistaan,multiword_vocab_token,legacy,/home/vitus/floently-finnish/apps/backend/practice/data/cards/doctor_cards.json
doctor_2511,doctor,Suurin osa käyttäjistä maksaa Mikan tavoin lihavuuslääkkeet kokonaan omasta _____an,multiword_vocab_token,legacy,/home/vitus/floently-finnish/apps/backend/practice/data/cards/doctor_cards.json
doctor_2512,doctor,Suurin osa käyttäjistä maksaa Mikan tavoin lihavuuslääkkeet kokonaan omasta _____an,multiword_vocab_token,legacy,/home/vitus/floently-finnish/apps/backend/practice/data/cards/doctor_cards.json
doctor_2516,doctor,"Potilaan suku_____ kuitenkin paljastaa usein selkeän periytyvyyden kaavan, jonka perusteella jotakin MODY-oireyhtymää voidaan epäillä",multiword_vocab_token,legacy,/home/vitus/floently-finnish/apps/backend/practice/data/cards/doctor_cards.json
doctor_2517,doctor,"Potilaan suku_____ kuitenkin paljastaa usein selkeän periytyvyyden kaavan, jonka perusteella jotakin MODY-oireyhtymää voidaan epäillä",multiword_vocab_token,legacy,/home/vitus/floently-finnish/apps/backend/practice/data/cards/doctor_cards.json
doctor_2521,doctor,Lääketieteen historia on pitkä ja siksi osin myös _____,multiword_vocab_token,legacy,/home/vitus/floently-finnish/apps/backend/practice/data/cards/doctor_cards.json
doctor_2522,doctor,Lääketieteen historia on pitkä ja siksi osin myös _____,multiword_vocab_token,legacy,/home/vitus/floently-finnish/apps/backend/practice/data/cards/doctor_cards.json
doctor_2526,doctor,Tulehdus voi johtua lisäksi _____ tai elimistölle vahingollisista aineista,multiword_vocab_token,legacy,/home/vitus/floently-finnish/apps/backend/practice/data/cards/doctor_cards.json
doctor_2527,doctor,Tulehdus voi johtua lisäksi _____ tai elimistölle vahingollisista aineista,multiword_vocab_token,legacy,/home/vitus/floently-finnish/apps/backend/practice/data/cards/doctor_cards.json
doctor_2531,doctor,Tulehdus voi johtua lisäksi allergeeneista tai elimistölle _____ aineista,multiword_vocab_token,legacy,/home/vitus/floently-finnish/apps/backend/practice/data/cards/doctor_cards.json
doctor_2532,doctor,Tulehdus voi johtua lisäksi allergeeneista tai elimistölle _____ aineista,multiword_vocab_token,legacy,/home/vitus/floently-finnish/apps/backend/practice/data/cards/doctor_cards.json
doctor_2536,doctor,Tulehdus voi johtua lisäksi allergeeneista tai elimistölle vahingollisista _____,multiword_vocab_token,legacy,/home/vitus/floently-finnish/apps/backend/practice/data/cards/doctor_cards.json
doctor_2537,doctor,Tulehdus voi johtua lisäksi allergeeneista tai elimistölle vahingollisista _____,multiword_vocab_token,legacy,/home/vitus/floently-finnish/apps/backend/practice/data/cards/doctor_cards.json
doctor_2544,doctor,"Lääketieteellistä tutkimusta tarvitaan muun muassa sen vuoksi, etteivät hoitoja antavat _____ kykene itse arvioimaan hoitojen tehoa esimerkiksi valikoitumisharhan vuoksi (engl",multiword_vocab_token,legacy,/home/vitus/floently-finnish/apps/backend/practice/data/cards/doctor_cards.json
doctor_2545,doctor,"Lääketieteellistä tutkimusta tarvitaan muun muassa sen vuoksi, etteivät hoitoja antavat _____ kykene itse arvioimaan hoitojen tehoa esimerkiksi valikoitumisharhan vuoksi (engl",multiword_vocab_token,legacy,/home/vitus/floently-finnish/apps/backend/practice/data/cards/doctor_cards.json
doctor_2549,doctor,"Lääketieteellistä tutkimusta tarvitaan muun muassa sen vuoksi, etteivät hoitoja antavat tahot _____ itse arvioimaan hoitojen tehoa esimerkiksi valikoitumisharhan vuoksi (engl",multiword_vocab_token,legacy,/home/vitus/floently-finnish/apps/backend/practice/data/cards/doctor_cards.json
doctor_2550,doctor,"Lääketieteellistä tutkimusta tarvitaan muun muassa sen vuoksi, etteivät hoitoja antavat tahot _____ itse arvioimaan hoitojen tehoa esimerkiksi valikoitumisharhan vuoksi (engl",multiword_vocab_token,legacy,/home/vitus/floently-finnish/apps/backend/practice/data/cards/doctor_cards.json
doctor_2554,doctor,"Lääketieteellistä tutkimusta tarvitaan muun muassa sen vuoksi, etteivät hoitoja antavat tahot kykene itse arvioimaan hoitojen tehoa esimerkiksi _____ vuoksi (engl",multiword_vocab_token,legacy,/home/vitus/floently-finnish/apps/backend/practice/data/cards/doctor_cards.json
doctor_2555,doctor,"Lääketieteellistä tutkimusta tarvitaan muun muassa sen vuoksi, etteivät hoitoja antavat tahot kykene itse arvioimaan hoitojen tehoa esimerkiksi _____ vuoksi (engl",multiword_vocab_token,legacy,/home/vitus/floently-finnish/apps/backend/practice/data/cards/doctor_cards.json
doctor_2559,doctor,Sanaa ”mellitus” käytti ensi kerran vuonna 1798 sanan ”diabetes” jälkiliitteenä _____antilainen kirurgi John Rollo.[23],digit_in_token|citation_artifact|multiword_vocab_token,legacy,/home/vitus/floently-finnish/apps/backend/practice/data/cards/doctor_cards.json
doctor_2560,doctor,Sanaa ”mellitus” käytti ensi kerran vuonna 1798 sanan ”diabetes” jälkiliitteenä _____antilainen kirurgi John Rollo.[23],digit_in_token|citation_artifact|multiword_vocab_token,legacy,/home/vitus/floently-finnish/apps/backend/practice/data/cards/doctor_cards.json
doctor_2564,doctor,"Siksi sitä sanotaan joskus virheellisesti _____- tai nuoruusiän diabetekseksi, vaikka se voi alkaa missä iässä tahansa",multiword_vocab_token,legacy,/home/vitus/floently-finnish/apps/backend/practice/data/cards/doctor_cards.json
doctor_2565,doctor,"Siksi sitä sanotaan joskus virheellisesti _____- tai nuoruusiän diabetekseksi, vaikka se voi alkaa missä iässä tahansa",multiword_vocab_token,legacy,/home/vitus/floently-finnish/apps/backend/practice/data/cards/doctor_cards.json
doctor_2569,doctor,"Siksi sitä sanotaan joskus virheellisesti lapsuus- tai _____ diabetekseksi, vaikka se voi alkaa missä iässä tahansa",multiword_vocab_token,legacy,/home/vitus/floently-finnish/apps/backend/practice/data/cards/doctor_cards.json
doctor_2570,doctor,"Siksi sitä sanotaan joskus virheellisesti lapsuus- tai _____ diabetekseksi, vaikka se voi alkaa missä iässä tahansa",multiword_vocab_token,legacy,/home/vitus/floently-finnish/apps/backend/practice/data/cards/doctor_cards.json
doctor_2574,doctor,"Syöpä ei kuitenkaan ole se ainoa asia _____ elämässä, hän muistuttaa.",multiword_vocab_token,legacy,/home/vitus/floently-finnish/apps/backend/practice/data/cards/doctor_cards.json
doctor_2575,doctor,"Syöpä ei kuitenkaan ole se ainoa asia _____ elämässä, hän muistuttaa.",multiword_vocab_token,legacy,/home/vitus/floently-finnish/apps/backend/practice/data/cards/doctor_cards.json
doctor_2579,doctor,Lääkärit pyrkivät _____in ja ruokavaliolla palauttamaan näiden tasapainon,multiword_vocab_token,legacy,/home/vitus/floently-finnish/apps/backend/practice/data/cards/doctor_cards.json
doctor_2580,doctor,Lääkärit pyrkivät _____in ja ruokavaliolla palauttamaan näiden tasapainon,multiword_vocab_token,legacy,/home/vitus/floently-finnish/apps/backend/practice/data/cards/doctor_cards.json
doctor_2590,doctor,Lääkärit pyrkivät rohdoin ja ruokavaliolla palauttamaan näiden _____n,multiword_vocab_token,legacy,/home/vitus/floently-finnish/apps/backend/practice/data/cards/doctor_cards.json
doctor_2591,doctor,Lääkärit pyrkivät rohdoin ja ruokavaliolla palauttamaan näiden _____n,multiword_vocab_token,legacy,/home/vitus/floently-finnish/apps/backend/practice/data/cards/doctor_cards.json
doctor_2595,doctor,Korkea _____ vaurioittaa vuosien saatossa monia elimiä lisäten kuolleisuutta moniin sairauksiin,multiword_vocab_token,legacy,/home/vitus/floently-finnish/apps/backend/practice/data/cards/doctor_cards.json
doctor_2596,doctor,Korkea _____ vaurioittaa vuosien saatossa monia elimiä lisäten kuolleisuutta moniin sairauksiin,multiword_vocab_token,legacy,/home/vitus/floently-finnish/apps/backend/practice/data/cards/doctor_cards.json
doctor_2600,doctor,Korkea verensokeripitoisuus _____ vuosien saatossa monia elimiä lisäten kuolleisuutta moniin sairauksiin,multiword_vocab_token,legacy,/home/vitus/floently-finnish/apps/backend/practice/data/cards/doctor_cards.json
doctor_2601,doctor,Korkea verensokeripitoisuus _____ vuosien saatossa monia elimiä lisäten kuolleisuutta moniin sairauksiin,multiword_vocab_token,legacy,/home/vitus/floently-finnish/apps/backend/practice/data/cards/doctor_cards.json
doctor_2608,doctor,"Patogeenit eli taudinaiheuttajat tunkeutuvat elimistöön usein hengitysteiden, suoliston, suku_____ten tai avointen haavojen kautta",multiword_vocab_token,legacy,/home/vitus/floently-finnish/apps/backend/practice/data/cards/doctor_cards.json
doctor_2609,doctor,"Patogeenit eli taudinaiheuttajat tunkeutuvat elimistöön usein hengitysteiden, suoliston, suku_____ten tai avointen haavojen kautta",multiword_vocab_token,legacy,/home/vitus/floently-finnish/apps/backend/practice/data/cards/doctor_cards.json
doctor_2613,doctor,Korkea verensokeripitoisuus vaurioittaa vuosien saatossa monia elimiä lisäten _____ moniin sairauksiin,multiword_vocab_token,legacy,/home/vitus/floently-finnish/apps/backend/practice/data/cards/doctor_cards.json
doctor_2614,doctor,Korkea verensokeripitoisuus vaurioittaa vuosien saatossa monia elimiä lisäten _____ moniin sairauksiin,multiword_vocab_token,legacy,/home/vitus/floently-finnish/apps/backend/practice/data/cards/doctor_cards.json
doctor_2618,doctor,"Vaikea _____ NAION hyvin harvinainen haittavaikutus, jota voi esiintyä yhdellä ihmisellä kymmenestä tuhannesta.",multiword_vocab_token,legacy,/home/vitus/floently-finnish/apps/backend/practice/data/cards/doctor_cards.json
doctor_2619,doctor,"Vaikea _____ NAION hyvin harvinainen haittavaikutus, jota voi esiintyä yhdellä ihmisellä kymmenestä tuhannesta.",multiword_vocab_token,legacy,/home/vitus/floently-finnish/apps/backend/practice/data/cards/doctor_cards.json
doctor_2623,doctor,"Myös maineikas lääkäri Hippokrates kannatti humoraalioppia, jota pidettiin lääketieteellisenä totuutena kahden_____n vuoden ajan[5].",digit_in_token|citation_artifact|multiword_vocab_token,legacy,/home/vitus/floently-finnish/apps/backend/practice/data/cards/doctor_cards.json
doctor_2624,doctor,"Myös maineikas lääkäri Hippokrates kannatti humoraalioppia, jota pidettiin lääketieteellisenä totuutena kahden_____n vuoden ajan[5].",digit_in_token|citation_artifact|multiword_vocab_token,legacy,/home/vitus/floently-finnish/apps/backend/practice/data/cards/doctor_cards.json
doctor_2631,doctor,"Terveysuhista vastaavan _____n rokoteosaston varajohtaja kertoo, että meningokokin aiheuttamat aivokalvontulehdukset ovat hyvin harvinaisia Britanniassa.",multiword_vocab_token,legacy,/home/vitus/floently-finnish/apps/backend/practice/data/cards/doctor_cards.json
doctor_2632,doctor,"Terveysuhista vastaavan _____n rokoteosaston varajohtaja kertoo, että meningokokin aiheuttamat aivokalvontulehdukset ovat hyvin harvinaisia Britanniassa.",multiword_vocab_token,legacy,/home/vitus/floently-finnish/apps/backend/practice/data/cards/doctor_cards.json
doctor_2636,doctor,"Terveysuhista vastaavan viraston _____n varajohtaja kertoo, että meningokokin aiheuttamat aivokalvontulehdukset ovat hyvin harvinaisia Britanniassa.",multiword_vocab_token,legacy,/home/vitus/floently-finnish/apps/backend/practice/data/cards/doctor_cards.json
doctor_2637,doctor,"Terveysuhista vastaavan viraston _____n varajohtaja kertoo, että meningokokin aiheuttamat aivokalvontulehdukset ovat hyvin harvinaisia Britanniassa.",multiword_vocab_token,legacy,/home/vitus/floently-finnish/apps/backend/practice/data/cards/doctor_cards.json
doctor_2641,doctor,"Terveysuhista vastaavan viraston rokoteosaston _____ kertoo, että meningokokin aiheuttamat aivokalvontulehdukset ovat hyvin harvinaisia Britanniassa.",multiword_vocab_token,legacy,/home/vitus/floently-finnish/apps/backend/practice/data/cards/doctor_cards.json
doctor_2642,doctor,"Terveysuhista vastaavan viraston rokoteosaston _____ kertoo, että meningokokin aiheuttamat aivokalvontulehdukset ovat hyvin harvinaisia Britanniassa.",multiword_vocab_token,legacy,/home/vitus/floently-finnish/apps/backend/practice/data/cards/doctor_cards.json
doctor_2646,doctor,Lisäksi _____ voi johtua viruksesta.,multiword_vocab_token,legacy,/home/vitus/floently-finnish/apps/backend/practice/data/cards/doctor_cards.json
doctor_2647,doctor,Lisäksi _____ voi johtua viruksesta.,multiword_vocab_token,legacy,/home/vitus/floently-finnish/apps/backend/practice/data/cards/doctor_cards.json
doctor_2651,doctor,"Korkea veren glukoosipitoisuus eli hyperglykemia on kuitenkin niille kaikille yhteinen oire ja se aiheuttaa muun muassa runsasjanois_____ (polydipsiaa), runsasta virtsaamistarvetta (polyuriaa), kehonpainon laskua ja väsymystä",multiword_vocab_token,legacy,/home/vitus/floently-finnish/apps/backend/practice/data/cards/doctor_cards.json
doctor_2652,doctor,"Korkea veren glukoosipitoisuus eli hyperglykemia on kuitenkin niille kaikille yhteinen oire ja se aiheuttaa muun muassa runsasjanois_____ (polydipsiaa), runsasta virtsaamistarvetta (polyuriaa), kehonpainon laskua ja väsymystä",multiword_vocab_token,legacy,/home/vitus/floently-finnish/apps/backend/practice/data/cards/doctor_cards.json
doctor_2659,doctor,"Uutta tutkimuksessa onkin se, että siinä on tarkasteltu nimenomaan _____ yhteyttä mielenterveysongelmiin, ei diagnosoidun adhd:n yhteyttä niihin.",multiword_vocab_token,legacy,/home/vitus/floently-finnish/apps/backend/practice/data/cards/doctor_cards.json
doctor_2660,doctor,"Uutta tutkimuksessa onkin se, että siinä on tarkasteltu nimenomaan _____ yhteyttä mielenterveysongelmiin, ei diagnosoidun adhd:n yhteyttä niihin.",multiword_vocab_token,legacy,/home/vitus/floently-finnish/apps/backend/practice/data/cards/doctor_cards.json
doctor_2664,doctor,"Uutta tutkimuksessa onkin se, että siinä on tarkasteltu nimenomaan adhd-oireiden yhteyttä mielenterveysongelmiin, ei _____ adhd:n yhteyttä niihin.",multiword_vocab_token,legacy,/home/vitus/floently-finnish/apps/backend/practice/data/cards/doctor_cards.json
doctor_2665,doctor,"Uutta tutkimuksessa onkin se, että siinä on tarkasteltu nimenomaan adhd-oireiden yhteyttä mielenterveysongelmiin, ei _____ adhd:n yhteyttä niihin.",multiword_vocab_token,legacy,/home/vitus/floently-finnish/apps/backend/practice/data/cards/doctor_cards.json
doctor_2672,doctor,Tämä johtaa vyöruusuksi _____ sairauden puhkeamiseen.[19] Myös lääkehoidot saattavat johtaa vyöruusun aiheuttavaan immuniteetin heikkenemiseen[20].,digit_in_token|citation_artifact|multiword_vocab_token,legacy,/home/vitus/floently-finnish/apps/backend/practice/data/cards/doctor_cards.json
doctor_2673,doctor,Tämä johtaa vyöruusuksi _____ sairauden puhkeamiseen.[19] Myös lääkehoidot saattavat johtaa vyöruusun aiheuttavaan immuniteetin heikkenemiseen[20].,digit_in_token|citation_artifact|multiword_vocab_token,legacy,/home/vitus/floently-finnish/apps/backend/practice/data/cards/doctor_cards.json
doctor_2677,doctor,Tämä johtaa _____ksi kutsutun sairauden puhkeamiseen.[19] Myös lääkehoidot saattavat johtaa _____n aiheuttavaan immuniteetin heikkenemiseen[20].,digit_in_token|citation_artifact|multiword_vocab_token,legacy,/home/vitus/floently-finnish/apps/backend/practice/data/cards/doctor_cards.json
doctor_2678,doctor,Tämä johtaa _____ksi kutsutun sairauden puhkeamiseen.[19] Myös lääkehoidot saattavat johtaa _____n aiheuttavaan immuniteetin heikkenemiseen[20].,digit_in_token|citation_artifact|multiword_vocab_token,legacy,/home/vitus/floently-finnish/apps/backend/practice/data/cards/doctor_cards.json
doctor_2685,doctor,"Lisäksi arviolta 100 000 suomalaista sairasti _____ tyypin 2 diabetesta.[20] Raskausdiabetes taas todettiin 2017 Suomessa 15,6 prosentilla kaikista synnyttäjistä.[21]",digit_in_token|citation_artifact|multiword_vocab_token,legacy,/home/vitus/floently-finnish/apps/backend/practice/data/cards/doctor_cards.json
doctor_2686,doctor,"Lisäksi arviolta 100 000 suomalaista sairasti _____ tyypin 2 diabetesta.[20] Raskausdiabetes taas todettiin 2017 Suomessa 15,6 prosentilla kaikista synnyttäjistä.[21]",digit_in_token|citation_artifact|multiword_vocab_token,legacy,/home/vitus/floently-finnish/apps/backend/practice/data/cards/doctor_cards.json
doctor_2690,doctor,"Latinaa ja _____tä hankkivien lääkärien ja usein killoissa ja oppisopimuksilla harjoittelevien, joskus lukutaidottomienkin kirurgien välillä oli suuri ero",multiword_vocab_token,legacy,/home/vitus/floently-finnish/apps/backend/practice/data/cards/doctor_cards.json
doctor_2691,doctor,"Latinaa ja _____tä hankkivien lääkärien ja usein killoissa ja oppisopimuksilla harjoittelevien, joskus lukutaidottomienkin kirurgien välillä oli suuri ero",multiword_vocab_token,legacy,/home/vitus/floently-finnish/apps/backend/practice/data/cards/doctor_cards.json
doctor_2698,doctor,"Latinaa ja yleissivistystä hankkivien lääkärien ja usein _____ssa ja oppisopimuksilla harjoittelevien, joskus lukutaidottomienkin kirurgien välillä oli suuri ero",multiword_vocab_token,legacy,/home/vitus/floently-finnish/apps/backend/practice/data/cards/doctor_cards.json
doctor_2699,doctor,"Latinaa ja yleissivistystä hankkivien lääkärien ja usein _____ssa ja oppisopimuksilla harjoittelevien, joskus lukutaidottomienkin kirurgien välillä oli suuri ero",multiword_vocab_token,legacy,/home/vitus/floently-finnish/apps/backend/practice/data/cards/doctor_cards.json
doctor_2706,doctor,"Latinaa ja yleissivistystä hankkivien lääkärien ja usein killoissa ja oppisopimuksilla harjoittelevien, joskus _____ kirurgien välillä oli suuri ero",multiword_vocab_token,legacy,/home/vitus/floently-finnish/apps/backend/practice/data/cards/doctor_cards.json
doctor_2707,doctor,"Latinaa ja yleissivistystä hankkivien lääkärien ja usein killoissa ja oppisopimuksilla harjoittelevien, joskus _____ kirurgien välillä oli suuri ero",multiword_vocab_token,legacy,/home/vitus/floently-finnish/apps/backend/practice/data/cards/doctor_cards.json
doctor_2711,doctor,Kirurgisten _____iden vaikutusten tutkiminen lääketieteen korkeimpien standardien mukaisesti on ongelmallista,multiword_vocab_token,legacy,/home/vitus/floently-finnish/apps/backend/practice/data/cards/doctor_cards.json
doctor_2712,doctor,Kirurgisten _____iden vaikutusten tutkiminen lääketieteen korkeimpien standardien mukaisesti on ongelmallista,multiword_vocab_token,legacy,/home/vitus/floently-finnish/apps/backend/practice/data/cards/doctor_cards.json
doctor_2716,doctor,Kirurgisten operaatioiden vaikutusten _____ lääketieteen korkeimpien standardien mukaisesti on ongelmallista,multiword_vocab_token,legacy,/home/vitus/floently-finnish/apps/backend/practice/data/cards/doctor_cards.json
doctor_2717,doctor,Kirurgisten operaatioiden vaikutusten _____ lääketieteen korkeimpien standardien mukaisesti on ongelmallista,multiword_vocab_token,legacy,/home/vitus/floently-finnish/apps/backend/practice/data/cards/doctor_cards.json
doctor_2721,doctor,Kirurgisten operaatioiden vaikutusten tutkiminen lääketieteen _____ standardien mukaisesti on ongelmallista,multiword_vocab_token,legacy,/home/vitus/floently-finnish/apps/backend/practice/data/cards/doctor_cards.json
doctor_2722,doctor,Kirurgisten operaatioiden vaikutusten tutkiminen lääketieteen _____ standardien mukaisesti on ongelmallista,multiword_vocab_token,legacy,/home/vitus/floently-finnish/apps/backend/practice/data/cards/doctor_cards.json
doctor_2726,doctor,Kirurgisten operaatioiden vaikutusten tutkiminen lääketieteen korkeimpien _____en mukaisesti on ongelmallista,multiword_vocab_token,legacy,/home/vitus/floently-finnish/apps/backend/practice/data/cards/doctor_cards.json
doctor_2727,doctor,Kirurgisten operaatioiden vaikutusten tutkiminen lääketieteen korkeimpien _____en mukaisesti on ongelmallista,multiword_vocab_token,legacy,/home/vitus/floently-finnish/apps/backend/practice/data/cards/doctor_cards.json
doctor_2737,doctor,Hämeenlinnan kaupungin varhaiskasvatus_____n Erja Hirvosen mukaan tapaus on vakava,multiword_vocab_token,legacy,/home/vitus/floently-finnish/apps/backend/practice/data/cards/doctor_cards.json
doctor_2738,doctor,Hämeenlinnan kaupungin varhaiskasvatus_____n Erja Hirvosen mukaan tapaus on vakava,multiword_vocab_token,legacy,/home/vitus/floently-finnish/apps/backend/practice/data/cards/doctor_cards.json
doctor_2742,doctor,"Pihlajalinnan lääketieteellinen johtaja Sari Riihijärvi kirjoittaa sähköpostitse, että heille on tärkeää olla mukana _____ssa hoitoon pääsyä.",multiword_vocab_token,legacy,/home/vitus/floently-finnish/apps/backend/practice/data/cards/doctor_cards.json
doctor_2743,doctor,"Pihlajalinnan lääketieteellinen johtaja Sari Riihijärvi kirjoittaa sähköpostitse, että heille on tärkeää olla mukana _____ssa hoitoon pääsyä.",multiword_vocab_token,legacy,/home/vitus/floently-finnish/apps/backend/practice/data/cards/doctor_cards.json
doctor_2747,doctor,"Pihlajalinnan lääketieteellinen johtaja Sari Riihijärvi kirjoittaa sähköpostitse, että heille on tärkeää olla mukana parantamassa hoitoon _____ä.",multiword_vocab_token,legacy,/home/vitus/floently-finnish/apps/backend/practice/data/cards/doctor_cards.json
doctor_2748,doctor,"Pihlajalinnan lääketieteellinen johtaja Sari Riihijärvi kirjoittaa sähköpostitse, että heille on tärkeää olla mukana parantamassa hoitoon _____ä.",multiword_vocab_token,legacy,/home/vitus/floently-finnish/apps/backend/practice/data/cards/doctor_cards.json
doctor_2752,doctor,Terveyskirjaston mukaan _____ itsehoito on sama kuin muissakin äkillisissä ripulitaudeissa.,multiword_vocab_token,legacy,/home/vitus/floently-finnish/apps/backend/practice/data/cards/doctor_cards.json
doctor_2753,doctor,Terveyskirjaston mukaan _____ itsehoito on sama kuin muissakin äkillisissä ripulitaudeissa.,multiword_vocab_token,legacy,/home/vitus/floently-finnish/apps/backend/practice/data/cards/doctor_cards.json
doctor_2760,doctor,Terveyskirjaston mukaan noroviruksessa itsehoito on sama kuin muissakin äkillisissä _____ssa.,multiword_vocab_token,legacy,/home/vitus/floently-finnish/apps/backend/practice/data/cards/doctor_cards.json
doctor_2761,doctor,Terveyskirjaston mukaan noroviruksessa itsehoito on sama kuin muissakin äkillisissä _____ssa.,multiword_vocab_token,legacy,/home/vitus/floently-finnish/apps/backend/practice/data/cards/doctor_cards.json
doctor_2765,doctor,"Lääketieteellinen _____ sairauksista, niiden syistä ja hoitomenetelmistä kehittyy kaiken aikaa[2].",digit_in_token|citation_artifact|multiword_vocab_token,legacy,/home/vitus/floently-finnish/apps/backend/practice/data/cards/doctor_cards.json
doctor_2766,doctor,"Lääketieteellinen _____ sairauksista, niiden syistä ja hoitomenetelmistä kehittyy kaiken aikaa[2].",digit_in_token|citation_artifact|multiword_vocab_token,legacy,/home/vitus/floently-finnish/apps/backend/practice/data/cards/doctor_cards.json
doctor_2770,doctor,"Lääketieteellinen ymmärrys sairauksista, niiden syistä ja _____stä kehittyy kaiken aikaa[2].",digit_in_token|citation_artifact|multiword_vocab_token,legacy,/home/vitus/floently-finnish/apps/backend/practice/data/cards/doctor_cards.json
doctor_2771,doctor,"Lääketieteellinen ymmärrys sairauksista, niiden syistä ja _____stä kehittyy kaiken aikaa[2].",digit_in_token|citation_artifact|multiword_vocab_token,legacy,/home/vitus/floently-finnish/apps/backend/practice/data/cards/doctor_cards.json
doctor_2775,doctor,Edessä oli leikkauksia ja _____ja,multiword_vocab_token,legacy,/home/vitus/floently-finnish/apps/backend/practice/data/cards/doctor_cards.json
doctor_2776,doctor,Edessä oli leikkauksia ja _____ja,multiword_vocab_token,legacy,/home/vitus/floently-finnish/apps/backend/practice/data/cards/doctor_cards.json
doctor_2780,doctor,"Lääkehoito vain tukee _____a, Pajunen sanoo.",multiword_vocab_token,legacy,/home/vitus/floently-finnish/apps/backend/practice/data/cards/doctor_cards.json
doctor_2781,doctor,"Lääkehoito vain tukee _____a, Pajunen sanoo.",multiword_vocab_token,legacy,/home/vitus/floently-finnish/apps/backend/practice/data/cards/doctor_cards.json
doctor_2785,doctor,"Esimerkki Terveystalosta: jos _____n hinta on alle lääkäriaseman määrittelemän vähimmäishinnan, ammatinharjoittajalääkäri saa palkkioksi vähimmäishinnan eli lääkäriasema kompensoi halvimpien sopimusten hintoja lääkäreille",multiword_vocab_token,legacy,/home/vitus/floently-finnish/apps/backend/practice/data/cards/doctor_cards.json
doctor_2786,doctor,"Esimerkki Terveystalosta: jos _____n hinta on alle lääkäriaseman määrittelemän vähimmäishinnan, ammatinharjoittajalääkäri saa palkkioksi vähimmäishinnan eli lääkäriasema kompensoi halvimpien sopimusten hintoja lääkäreille",multiword_vocab_token,legacy,/home/vitus/floently-finnish/apps/backend/practice/data/cards/doctor_cards.json
doctor_2790,doctor,Tästä syystä vastaanotot eivät ole kovin houkuttelevia _____ja ammatinharjoittajana toimiville lääkäreille.,multiword_vocab_token,legacy,/home/vitus/floently-finnish/apps/backend/practice/data/cards/doctor_cards.json
doctor_2791,doctor,Tästä syystä vastaanotot eivät ole kovin houkuttelevia _____ja ammatinharjoittajana toimiville lääkäreille.,multiword_vocab_token,legacy,/home/vitus/floently-finnish/apps/backend/practice/data/cards/doctor_cards.json
doctor_2795,doctor,"Keskeinen tavoite oli selvittää, liittyvätkö raskaudenaikaiset riskit masennuslääkkeisiin vai äidin masennukseen ja _____ vaikeusasteeseen.",multiword_vocab_token,legacy,/home/vitus/floently-finnish/apps/backend/practice/data/cards/doctor_cards.json
doctor_2796,doctor,"Keskeinen tavoite oli selvittää, liittyvätkö raskaudenaikaiset riskit masennuslääkkeisiin vai äidin masennukseen ja _____ vaikeusasteeseen.",multiword_vocab_token,legacy,/home/vitus/floently-finnish/apps/backend/practice/data/cards/doctor_cards.json
doctor_2803,doctor,"Masennuksen hoito on tärkeää, ja SSRI-lääkkeiden käyttö näyttää _____n masennukseen liittyvältä ennenaikaisuuden riskiltä",multiword_vocab_token,legacy,/home/vitus/floently-finnish/apps/backend/practice/data/cards/doctor_cards.json
doctor_2804,doctor,"Masennuksen hoito on tärkeää, ja SSRI-lääkkeiden käyttö näyttää _____n masennukseen liittyvältä ennenaikaisuuden riskiltä",multiword_vocab_token,legacy,/home/vitus/floently-finnish/apps/backend/practice/data/cards/doctor_cards.json
doctor_2808,doctor,"Masennuksen hoito on tärkeää, ja SSRI-lääkkeiden käyttö näyttää suojaavan masennukseen _____ ennenaikaisuuden riskiltä",multiword_vocab_token,legacy,/home/vitus/floently-finnish/apps/backend/practice/data/cards/doctor_cards.json
doctor_2809,doctor,"Masennuksen hoito on tärkeää, ja SSRI-lääkkeiden käyttö näyttää suojaavan masennukseen _____ ennenaikaisuuden riskiltä",multiword_vocab_token,legacy,/home/vitus/floently-finnish/apps/backend/practice/data/cards/doctor_cards.json
doctor_2813,doctor,"Masennuksen hoito on tärkeää, ja SSRI-lääkkeiden käyttö näyttää suojaavan masennukseen liittyvältä _____ riskiltä",multiword_vocab_token,legacy,/home/vitus/floently-finnish/apps/backend/practice/data/cards/doctor_cards.json
doctor_2814,doctor,"Masennuksen hoito on tärkeää, ja SSRI-lääkkeiden käyttö näyttää suojaavan masennukseen liittyvältä _____ riskiltä",multiword_vocab_token,legacy,/home/vitus/floently-finnish/apps/backend/practice/data/cards/doctor_cards.json
doctor_2827,doctor,Lääkäripula on vaihtumassa lääkäreiden _____,multiword_vocab_token,legacy,/home/vitus/floently-finnish/apps/backend/practice/data/cards/doctor_cards.json
doctor_2828,doctor,Lääkäripula on vaihtumassa lääkäreiden _____,multiword_vocab_token,legacy,/home/vitus/floently-finnish/apps/backend/practice/data/cards/doctor_cards.json
doctor_2838,doctor,"Yli-Sissalan kehoa skannattiin joka puolelta ja lääkärit pudottelivat _____ja peräjälkeen: syöpäriski lähellä 90 prosenttia, periytyvyys 50 prosenttia.",digit_in_token|multiword_vocab_token,legacy,/home/vitus/floently-finnish/apps/backend/practice/data/cards/doctor_cards.json
doctor_2839,doctor,"Yli-Sissalan kehoa skannattiin joka puolelta ja lääkärit pudottelivat _____ja peräjälkeen: syöpäriski lähellä 90 prosenttia, periytyvyys 50 prosenttia.",digit_in_token|multiword_vocab_token,legacy,/home/vitus/floently-finnish/apps/backend/practice/data/cards/doctor_cards.json
doctor_2843,doctor,"Joissain tapauksissa leikkausta voidaan _____, mutta se muuttuu ajan myötä lopulta välttämättömäksi.[22]",digit_in_token|citation_artifact|multiword_vocab_token,legacy,/home/vitus/floently-finnish/apps/backend/practice/data/cards/doctor_cards.json
doctor_2844,doctor,"Joissain tapauksissa leikkausta voidaan _____, mutta se muuttuu ajan myötä lopulta välttämättömäksi.[22]",digit_in_token|citation_artifact|multiword_vocab_token,legacy,/home/vitus/floently-finnish/apps/backend/practice/data/cards/doctor_cards.json
doctor_2851,doctor,"Yle on nähnyt lääkäriasemien ammatinharjoittajana toimiville lääkäreille _____ viestit, joissa kerrotaan palkkioiden muodostumisesta.",multiword_vocab_token,legacy,/home/vitus/floently-finnish/apps/backend/practice/data/cards/doctor_cards.json
doctor_2852,doctor,"Yle on nähnyt lääkäriasemien ammatinharjoittajana toimiville lääkäreille _____ viestit, joissa kerrotaan palkkioiden muodostumisesta.",multiword_vocab_token,legacy,/home/vitus/floently-finnish/apps/backend/practice/data/cards/doctor_cards.json
doctor_2859,doctor,"Tämä _____ ei näytä laajassa mittakaavassa käyneen toteen, vaikka markkinoille onkin kokeilun kannustamana ilmestynyt uusia pieniä lääkäriyrityksiä.",multiword_vocab_token,legacy,/home/vitus/floently-finnish/apps/backend/practice/data/cards/doctor_cards.json
doctor_2860,doctor,"Tämä _____ ei näytä laajassa mittakaavassa käyneen toteen, vaikka markkinoille onkin kokeilun kannustamana ilmestynyt uusia pieniä lääkäriyrityksiä.",multiword_vocab_token,legacy,/home/vitus/floently-finnish/apps/backend/practice/data/cards/doctor_cards.json
doctor_2864,doctor,"Tämä pelko ei näytä laajassa _____ssa käyneen toteen, vaikka markkinoille onkin kokeilun kannustamana ilmestynyt uusia pieniä lääkäriyrityksiä.",multiword_vocab_token,legacy,/home/vitus/floently-finnish/apps/backend/practice/data/cards/doctor_cards.json
doctor_2865,doctor,"Tämä pelko ei näytä laajassa _____ssa käyneen toteen, vaikka markkinoille onkin kokeilun kannustamana ilmestynyt uusia pieniä lääkäriyrityksiä.",multiword_vocab_token,legacy,/home/vitus/floently-finnish/apps/backend/practice/data/cards/doctor_cards.json
doctor_2869,doctor,"Tämä pelko ei näytä laajassa mittakaavassa _____ toteen, vaikka markkinoille onkin kokeilun kannustamana ilmestynyt uusia pieniä lääkäriyrityksiä.",multiword_vocab_token,legacy,/home/vitus/floently-finnish/apps/backend/practice/data/cards/doctor_cards.json
doctor_2870,doctor,"Tämä pelko ei näytä laajassa mittakaavassa _____ toteen, vaikka markkinoille onkin kokeilun kannustamana ilmestynyt uusia pieniä lääkäriyrityksiä.",multiword_vocab_token,legacy,/home/vitus/floently-finnish/apps/backend/practice/data/cards/doctor_cards.json
doctor_2874,doctor,"Tämä pelko ei näytä laajassa mittakaavassa käyneen _____, vaikka markkinoille onkin kokeilun kannustamana ilmestynyt uusia pieniä lääkäriyrityksiä.",multiword_vocab_token,legacy,/home/vitus/floently-finnish/apps/backend/practice/data/cards/doctor_cards.json
doctor_2875,doctor,"Tämä pelko ei näytä laajassa mittakaavassa käyneen _____, vaikka markkinoille onkin kokeilun kannustamana ilmestynyt uusia pieniä lääkäriyrityksiä.",multiword_vocab_token,legacy,/home/vitus/floently-finnish/apps/backend/practice/data/cards/doctor_cards.json
doctor_2879,doctor,"Kuten Terveystalo, myös yrittäjänä toimiva ammatinharjoittaja on joutunut viime aikoina kohtaamaan muuttuneen _____ilanteen ja kustannuspaineen, Terveystalon viestinnästä todetaan.",multiword_vocab_token,legacy,/home/vitus/floently-finnish/apps/backend/practice/data/cards/doctor_cards.json
doctor_2880,doctor,"Kuten Terveystalo, myös yrittäjänä toimiva ammatinharjoittaja on joutunut viime aikoina kohtaamaan muuttuneen _____ilanteen ja kustannuspaineen, Terveystalon viestinnästä todetaan.",multiword_vocab_token,legacy,/home/vitus/floently-finnish/apps/backend/practice/data/cards/doctor_cards.json
doctor_2884,doctor,"Tämä pelko ei näytä laajassa mittakaavassa käyneen toteen, vaikka markkinoille onkin kokeilun _____na ilmestynyt uusia pieniä lääkäriyrityksiä.",multiword_vocab_token,legacy,/home/vitus/floently-finnish/apps/backend/practice/data/cards/doctor_cards.json
doctor_2885,doctor,"Tämä pelko ei näytä laajassa mittakaavassa käyneen toteen, vaikka markkinoille onkin kokeilun _____na ilmestynyt uusia pieniä lääkäriyrityksiä.",multiword_vocab_token,legacy,/home/vitus/floently-finnish/apps/backend/practice/data/cards/doctor_cards.json
doctor_2895,doctor,Kyseinen ilmiö saattaa johtaa _____ihin eli määrittämättömiksi jääviin kroonisiin kiputiloihin.[47],digit_in_token|citation_artifact|multiword_vocab_token,legacy,/home/vitus/floently-finnish/apps/backend/practice/data/cards/doctor_cards.json
doctor_2896,doctor,Kyseinen ilmiö saattaa johtaa _____ihin eli määrittämättömiksi jääviin kroonisiin kiputiloihin.[47],digit_in_token|citation_artifact|multiword_vocab_token,legacy,/home/vitus/floently-finnish/apps/backend/practice/data/cards/doctor_cards.json
doctor_2900,doctor,Kyseinen ilmiö saattaa johtaa epäspesifeihin eli _____ksi jääviin kroonisiin kiputiloihin.[47],digit_in_token|citation_artifact|multiword_vocab_token,legacy,/home/vitus/floently-finnish/apps/backend/practice/data/cards/doctor_cards.json
doctor_2901,doctor,Kyseinen ilmiö saattaa johtaa epäspesifeihin eli _____ksi jääviin kroonisiin kiputiloihin.[47],digit_in_token|citation_artifact|multiword_vocab_token,legacy,/home/vitus/floently-finnish/apps/backend/practice/data/cards/doctor_cards.json
doctor_2905,doctor,Kyseinen ilmiö saattaa johtaa epäspesifeihin eli määrittämättömiksi _____ kroonisiin kiputiloihin.[47],digit_in_token|citation_artifact|multiword_vocab_token,legacy,/home/vitus/floently-finnish/apps/backend/practice/data/cards/doctor_cards.json
doctor_2906,doctor,Kyseinen ilmiö saattaa johtaa epäspesifeihin eli määrittämättömiksi _____ kroonisiin kiputiloihin.[47],digit_in_token|citation_artifact|multiword_vocab_token,legacy,/home/vitus/floently-finnish/apps/backend/practice/data/cards/doctor_cards.json
doctor_2910,doctor,Kyseinen ilmiö saattaa johtaa epäspesifeihin eli määrittämättömiksi jääviin _____in kiputiloihin.[47],digit_in_token|citation_artifact|multiword_vocab_token,legacy,/home/vitus/floently-finnish/apps/backend/practice/data/cards/doctor_cards.json
doctor_2911,doctor,Kyseinen ilmiö saattaa johtaa epäspesifeihin eli määrittämättömiksi jääviin _____in kiputiloihin.[47],digit_in_token|citation_artifact|multiword_vocab_token,legacy,/home/vitus/floently-finnish/apps/backend/practice/data/cards/doctor_cards.json
doctor_2918,doctor,"Leikkauksia suoritetaan myös muilla erikoisaloilla, kuten _____n, silmätautien ja korva-, nenä- ja kurkkutautien aloilla",multiword_vocab_token,legacy,/home/vitus/floently-finnish/apps/backend/practice/data/cards/doctor_cards.json
doctor_2919,doctor,"Leikkauksia suoritetaan myös muilla erikoisaloilla, kuten _____n, silmätautien ja korva-, nenä- ja kurkkutautien aloilla",multiword_vocab_token,legacy,/home/vitus/floently-finnish/apps/backend/practice/data/cards/doctor_cards.json
doctor_2923,doctor,"Leikkauksia suoritetaan myös muilla erikoisaloilla, kuten gynekologian, _____en ja korva-, nenä- ja kurkkutautien aloilla",multiword_vocab_token,legacy,/home/vitus/floently-finnish/apps/backend/practice/data/cards/doctor_cards.json
doctor_2924,doctor,"Leikkauksia suoritetaan myös muilla erikoisaloilla, kuten gynekologian, _____en ja korva-, nenä- ja kurkkutautien aloilla",multiword_vocab_token,legacy,/home/vitus/floently-finnish/apps/backend/practice/data/cards/doctor_cards.json
doctor_2928,doctor,Terveyskirjastossa ohjeistetaan _____amaan nestehukka sitä mukaa kun sitä syntyy,multiword_vocab_token,legacy,/home/vitus/floently-finnish/apps/backend/practice/data/cards/doctor_cards.json
doctor_2929,doctor,Terveyskirjastossa ohjeistetaan _____amaan nestehukka sitä mukaa kun sitä syntyy,multiword_vocab_token,legacy,/home/vitus/floently-finnish/apps/backend/practice/data/cards/doctor_cards.json
doctor_2939,doctor,"Käytännössä muutokset on otettava vastaan, muuten potilaat vähenevät tai sopimus _____.",multiword_vocab_token,legacy,/home/vitus/floently-finnish/apps/backend/practice/data/cards/doctor_cards.json
doctor_2940,doctor,"Käytännössä muutokset on otettava vastaan, muuten potilaat vähenevät tai sopimus _____.",multiword_vocab_token,legacy,/home/vitus/floently-finnish/apps/backend/practice/data/cards/doctor_cards.json
doctor_2947,doctor,Psyykkisiä _____ ovat esimerkiksi keskittymisvaikeudet ja aineen himo.,multiword_vocab_token,legacy,/home/vitus/floently-finnish/apps/backend/practice/data/cards/doctor_cards.json
doctor_2948,doctor,Psyykkisiä _____ ovat esimerkiksi keskittymisvaikeudet ja aineen himo.,multiword_vocab_token,legacy,/home/vitus/floently-finnish/apps/backend/practice/data/cards/doctor_cards.json
doctor_2955,doctor,"Miehillä noin 127/79 mmHg ja naisilla noin 122/77 mmHg, vaikkakin nämä keskiarvot peittävät niistä eriävät melko suuret alueelliset kehityssuuntaukset.[1] Vuonna 2017 tehdyn FinTerveys-tutkimuksen mukaan kaikkien 30 vuotta täyttäneiden suomalaisten miesten verenp_____en keskiarvo oli",digit_in_token|citation_artifact|multiword_vocab_token,legacy,/home/vitus/floently-finnish/apps/backend/practice/data/cards/doctor_cards.json
doctor_2956,doctor,"Miehillä noin 127/79 mmHg ja naisilla noin 122/77 mmHg, vaikkakin nämä keskiarvot peittävät niistä eriävät melko suuret alueelliset kehityssuuntaukset.[1] Vuonna 2017 tehdyn FinTerveys-tutkimuksen mukaan kaikkien 30 vuotta täyttäneiden suomalaisten miesten verenp_____en keskiarvo oli",digit_in_token|citation_artifact|multiword_vocab_token,legacy,/home/vitus/floently-finnish/apps/backend/practice/data/cards/doctor_cards.json
doctor_2960,doctor,Psyykkisiä vieroitusoireita ovat esimerkiksi keskittymisvaikeudet ja aineen _____.,multiword_vocab_token,legacy,/home/vitus/floently-finnish/apps/backend/practice/data/cards/doctor_cards.json
doctor_2961,doctor,Psyykkisiä vieroitusoireita ovat esimerkiksi keskittymisvaikeudet ja aineen _____.,multiword_vocab_token,legacy,/home/vitus/floently-finnish/apps/backend/practice/data/cards/doctor_cards.json
doctor_2965,doctor,Britanniassa _____ saavat pneumokokki- sekä meningokokki B-rokotteet,multiword_vocab_token,legacy,/home/vitus/floently-finnish/apps/backend/practice/data/cards/doctor_cards.json
doctor_2966,doctor,Britanniassa _____ saavat pneumokokki- sekä meningokokki B-rokotteet,multiword_vocab_token,legacy,/home/vitus/floently-finnish/apps/backend/practice/data/cards/doctor_cards.json
doctor_2970,doctor,"Siksi sitä kutsutaan joskus virheellisesti _____ diabetekseksi, vaikka se voi alkaa jo lapsenakin",multiword_vocab_token,legacy,/home/vitus/floently-finnish/apps/backend/practice/data/cards/doctor_cards.json
doctor_2971,doctor,"Siksi sitä kutsutaan joskus virheellisesti _____ diabetekseksi, vaikka se voi alkaa jo lapsenakin",multiword_vocab_token,legacy,/home/vitus/floently-finnish/apps/backend/practice/data/cards/doctor_cards.json
doctor_2978,doctor,"Siksi sitä kutsutaan joskus virheellisesti aikuistyypin diabetekseksi, vaikka se voi alkaa jo _____kin",multiword_vocab_token,legacy,/home/vitus/floently-finnish/apps/backend/practice/data/cards/doctor_cards.json
doctor_2979,doctor,"Siksi sitä kutsutaan joskus virheellisesti aikuistyypin diabetekseksi, vaikka se voi alkaa jo _____kin",multiword_vocab_token,legacy,/home/vitus/floently-finnish/apps/backend/practice/data/cards/doctor_cards.json
doctor_2983,doctor,Siihen voi liittyä myös _____ verenpurkaumia ja se voi pahimmillaan johtaa vaikkapa varpaiden tai sormien kuolioon,multiword_vocab_token,legacy,/home/vitus/floently-finnish/apps/backend/practice/data/cards/doctor_cards.json
doctor_2984,doctor,Siihen voi liittyä myös _____ verenpurkaumia ja se voi pahimmillaan johtaa vaikkapa varpaiden tai sormien kuolioon,multiword_vocab_token,legacy,/home/vitus/floently-finnish/apps/backend/practice/data/cards/doctor_cards.json
doctor_2988,doctor,Siihen voi liittyä myös oireena _____a ja se voi pahimmillaan johtaa vaikkapa varpaiden tai sormien kuolioon,multiword_vocab_token,legacy,/home/vitus/floently-finnish/apps/backend/practice/data/cards/doctor_cards.json
doctor_2989,doctor,Siihen voi liittyä myös oireena _____a ja se voi pahimmillaan johtaa vaikkapa varpaiden tai sormien kuolioon,multiword_vocab_token,legacy,/home/vitus/floently-finnish/apps/backend/practice/data/cards/doctor_cards.json
doctor_2996,doctor,Siihen voi liittyä myös oireena verenpurkaumia ja se voi pahimmillaan johtaa vaikkapa varpaiden tai _____en kuolioon,multiword_vocab_token,legacy,/home/vitus/floently-finnish/apps/backend/practice/data/cards/doctor_cards.json
doctor_2997,doctor,Siihen voi liittyä myös oireena verenpurkaumia ja se voi pahimmillaan johtaa vaikkapa varpaiden tai _____en kuolioon,multiword_vocab_token,legacy,/home/vitus/floently-finnish/apps/backend/practice/data/cards/doctor_cards.json
doctor_3001,doctor,Siihen voi liittyä myös oireena verenpurkaumia ja se voi pahimmillaan johtaa vaikkapa varpaiden tai sormien _____on,multiword_vocab_token,legacy,/home/vitus/floently-finnish/apps/backend/practice/data/cards/doctor_cards.json
doctor_3002,doctor,Siihen voi liittyä myös oireena verenpurkaumia ja se voi pahimmillaan johtaa vaikkapa varpaiden tai sormien _____on,multiword_vocab_token,legacy,/home/vitus/floently-finnish/apps/backend/practice/data/cards/doctor_cards.json
doctor_3006,doctor,Kliinisen _____n professori Kirsi Pietiläinen on tavannut tuhansia lihavuudesta kärsiviä,multiword_vocab_token,legacy,/home/vitus/floently-finnish/apps/backend/practice/data/cards/doctor_cards.json
doctor_3007,doctor,Kliinisen _____n professori Kirsi Pietiläinen on tavannut tuhansia lihavuudesta kärsiviä,multiword_vocab_token,legacy,/home/vitus/floently-finnish/apps/backend/practice/data/cards/doctor_cards.json
doctor_3014,doctor,– Lääkkeen käyttö pitäisi _____ pitkäaikaiseksi osaksi hoitoprosessia,multiword_vocab_token,legacy,/home/vitus/floently-finnish/apps/backend/practice/data/cards/doctor_cards.json
doctor_3015,doctor,– Lääkkeen käyttö pitäisi _____ pitkäaikaiseksi osaksi hoitoprosessia,multiword_vocab_token,legacy,/home/vitus/floently-finnish/apps/backend/practice/data/cards/doctor_cards.json
doctor_3019,doctor,– Lääkkeen käyttö pitäisi suunnitella _____ osaksi hoitoprosessia,multiword_vocab_token,legacy,/home/vitus/floently-finnish/apps/backend/practice/data/cards/doctor_cards.json
doctor_3020,doctor,– Lääkkeen käyttö pitäisi suunnitella _____ osaksi hoitoprosessia,multiword_vocab_token,legacy,/home/vitus/floently-finnish/apps/backend/practice/data/cards/doctor_cards.json
doctor_3024,doctor,– Lääkkeen käyttö pitäisi suunnitella pitkäaikaiseksi osaksi _____,multiword_vocab_token,legacy,/home/vitus/floently-finnish/apps/backend/practice/data/cards/doctor_cards.json
doctor_3025,doctor,– Lääkkeen käyttö pitäisi suunnitella pitkäaikaiseksi osaksi _____,multiword_vocab_token,legacy,/home/vitus/floently-finnish/apps/backend/practice/data/cards/doctor_cards.json
doctor_3032,doctor,Terveystieteen _____ Anni Kukkonen on mukana Kuopion syntymäkohorttitutkimuksessa,multiword_vocab_token,legacy,/home/vitus/floently-finnish/apps/backend/practice/data/cards/doctor_cards.json
doctor_3033,doctor,Terveystieteen _____ Anni Kukkonen on mukana Kuopion syntymäkohorttitutkimuksessa,multiword_vocab_token,legacy,/home/vitus/floently-finnish/apps/backend/practice/data/cards/doctor_cards.json
doctor_3037,doctor,Terveystieteen maisteri Anni Kukkonen on mukana Kuopion _____ssa,multiword_vocab_token,legacy,/home/vitus/floently-finnish/apps/backend/practice/data/cards/doctor_cards.json
doctor_3038,doctor,Terveystieteen maisteri Anni Kukkonen on mukana Kuopion _____ssa,multiword_vocab_token,legacy,/home/vitus/floently-finnish/apps/backend/practice/data/cards/doctor_cards.json
doctor_3051,doctor,"Nuoruuden _____ voivat ennustaa psykiatrisia häiriöitä aikuisiällä, selviää Oulun yliopiston tutkimuksesta",multiword_vocab_token,legacy,/home/vitus/floently-finnish/apps/backend/practice/data/cards/doctor_cards.json
doctor_3052,doctor,"Nuoruuden _____ voivat ennustaa psykiatrisia häiriöitä aikuisiällä, selviää Oulun yliopiston tutkimuksesta",multiword_vocab_token,legacy,/home/vitus/floently-finnish/apps/backend/practice/data/cards/doctor_cards.json
doctor_3056,doctor,"Nuoruuden adhd-oireet voivat _____ psykiatrisia häiriöitä aikuisiällä, selviää Oulun yliopiston tutkimuksesta",multiword_vocab_token,legacy,/home/vitus/floently-finnish/apps/backend/practice/data/cards/doctor_cards.json
doctor_3057,doctor,"Nuoruuden adhd-oireet voivat _____ psykiatrisia häiriöitä aikuisiällä, selviää Oulun yliopiston tutkimuksesta",multiword_vocab_token,legacy,/home/vitus/floently-finnish/apps/backend/practice/data/cards/doctor_cards.json
doctor_3061,doctor,"Nuoruuden adhd-oireet voivat ennustaa psykiatrisia häiriöitä _____, selviää Oulun yliopiston tutkimuksesta",multiword_vocab_token,legacy,/home/vitus/floently-finnish/apps/backend/practice/data/cards/doctor_cards.json
doctor_3062,doctor,"Nuoruuden adhd-oireet voivat ennustaa psykiatrisia häiriöitä _____, selviää Oulun yliopiston tutkimuksesta",multiword_vocab_token,legacy,/home/vitus/floently-finnish/apps/backend/practice/data/cards/doctor_cards.json
doctor_3069,doctor,"Ruumiinavaukset, _____n kehittyminen, bakteerien löytäminen ja kemian kehittyminen mahdollistivat lääketieteen nopean kehityksen",multiword_vocab_token,legacy,/home/vitus/floently-finnish/apps/backend/practice/data/cards/doctor_cards.json
doctor_3070,doctor,"Ruumiinavaukset, _____n kehittyminen, bakteerien löytäminen ja kemian kehittyminen mahdollistivat lääketieteen nopean kehityksen",multiword_vocab_token,legacy,/home/vitus/floently-finnish/apps/backend/practice/data/cards/doctor_cards.json
doctor_3074,doctor,"Ruumiinavaukset, mikroskopian kehittyminen, bakteerien _____ ja kemian kehittyminen mahdollistivat lääketieteen nopean kehityksen",multiword_vocab_token,legacy,/home/vitus/floently-finnish/apps/backend/practice/data/cards/doctor_cards.json
doctor_3075,doctor,"Ruumiinavaukset, mikroskopian kehittyminen, bakteerien _____ ja kemian kehittyminen mahdollistivat lääketieteen nopean kehityksen",multiword_vocab_token,legacy,/home/vitus/floently-finnish/apps/backend/practice/data/cards/doctor_cards.json
doctor_3082,doctor,"Lääkäri voi kirjoittaa laihdutuslääkereseptin chatissa, puhelimessa tai videovastaanotolla hyvinkin _____sti.",multiword_vocab_token,legacy,/home/vitus/floently-finnish/apps/backend/practice/data/cards/doctor_cards.json
doctor_3083,doctor,"Lääkäri voi kirjoittaa laihdutuslääkereseptin chatissa, puhelimessa tai videovastaanotolla hyvinkin _____sti.",multiword_vocab_token,legacy,/home/vitus/floently-finnish/apps/backend/practice/data/cards/doctor_cards.json
doctor_3087,doctor,"Tämä on länsimaissa vallitseva _____suunta, joka lisää lääkinnän ja lääketieteen toiminta-alaa yhteiskunnassa ja muuttaa terveyden edistämisen ja lääketieteelliset toimenpiteet ihmiselämän keskeiseksi asiaksi.",multiword_vocab_token,legacy,/home/vitus/floently-finnish/apps/backend/practice/data/cards/doctor_cards.json
doctor_3088,doctor,"Tämä on länsimaissa vallitseva _____suunta, joka lisää lääkinnän ja lääketieteen toiminta-alaa yhteiskunnassa ja muuttaa terveyden edistämisen ja lääketieteelliset toimenpiteet ihmiselämän keskeiseksi asiaksi.",multiword_vocab_token,legacy,/home/vitus/floently-finnish/apps/backend/practice/data/cards/doctor_cards.json
doctor_3092,doctor,"Keskeinen tavoite oli selvittää, liittyvätkö raskaudenaikaiset riskit _____iin vai äidin masennukseen ja masennuksen vaikeusasteeseen.",multiword_vocab_token,legacy,/home/vitus/floently-finnish/apps/backend/practice/data/cards/doctor_cards.json
doctor_3093,doctor,"Keskeinen tavoite oli selvittää, liittyvätkö raskaudenaikaiset riskit _____iin vai äidin masennukseen ja masennuksen vaikeusasteeseen.",multiword_vocab_token,legacy,/home/vitus/floently-finnish/apps/backend/practice/data/cards/doctor_cards.json
doctor_3106,doctor,"Parhaan hoidon valinta riippuu monista _____stä kuten kasvaimen laadusta, sijainnista, potilaan iästä, muista sairauksista jne",multiword_vocab_token,legacy,/home/vitus/floently-finnish/apps/backend/practice/data/cards/doctor_cards.json
doctor_3107,doctor,"Parhaan hoidon valinta riippuu monista _____stä kuten kasvaimen laadusta, sijainnista, potilaan iästä, muista sairauksista jne",multiword_vocab_token,legacy,/home/vitus/floently-finnish/apps/backend/practice/data/cards/doctor_cards.json
doctor_3111,doctor,"Potilaaseen liittyvistä tekijöistä leikkausinfektion riskiä lisäävät muun muassa ikä, _____, suorituskyky, lihavuus ja aliravitsemus; sairaudet kuten infektiot, diabetes, munuaisten vajaatoiminta ja syövät; päihteet kuten tupakointi ja alkoholismi; sekä hoidot kuten sairaalahoitojaksot, sädehoito ja immunosuppressiiviset hoidot.[20]",digit_in_token|citation_artifact|multiword_vocab_token,legacy,/home/vitus/floently-finnish/apps/backend/practice/data/cards/doctor_cards.json
doctor_3112,doctor,"Potilaaseen liittyvistä tekijöistä leikkausinfektion riskiä lisäävät muun muassa ikä, _____, suorituskyky, lihavuus ja aliravitsemus; sairaudet kuten infektiot, diabetes, munuaisten vajaatoiminta ja syövät; päihteet kuten tupakointi ja alkoholismi; sekä hoidot kuten sairaalahoitojaksot, sädehoito ja immunosuppressiiviset hoidot.[20]",digit_in_token|citation_artifact|multiword_vocab_token,legacy,/home/vitus/floently-finnish/apps/backend/practice/data/cards/doctor_cards.json
doctor_3116,doctor,"Potilaaseen liittyvistä tekijöistä leikkausinfektion riskiä lisäävät muun muassa ikä, yleistila, _____, lihavuus ja aliravitsemus; sairaudet kuten infektiot, diabetes, munuaisten vajaatoiminta ja syövät; päihteet kuten tupakointi ja alkoholismi; sekä hoidot kuten sairaalahoitojaksot, sädehoito ja immunosuppressiiviset hoidot.[20]",digit_in_token|citation_artifact|multiword_vocab_token,legacy,/home/vitus/floently-finnish/apps/backend/practice/data/cards/doctor_cards.json
doctor_3117,doctor,"Potilaaseen liittyvistä tekijöistä leikkausinfektion riskiä lisäävät muun muassa ikä, yleistila, _____, lihavuus ja aliravitsemus; sairaudet kuten infektiot, diabetes, munuaisten vajaatoiminta ja syövät; päihteet kuten tupakointi ja alkoholismi; sekä hoidot kuten sairaalahoitojaksot, sädehoito ja immunosuppressiiviset hoidot.[20]",digit_in_token|citation_artifact|multiword_vocab_token,legacy,/home/vitus/floently-finnish/apps/backend/practice/data/cards/doctor_cards.json
doctor_3121,doctor,"Potilaaseen liittyvistä tekijöistä leikkausinfektion riskiä lisäävät muun muassa ikä, yleistila, suorituskyky, lihavuus ja _____; sairaudet kuten infektiot, diabetes, munuaisten vajaatoiminta ja syövät; päihteet kuten tupakointi ja alkoholismi; sekä hoidot kuten sairaalahoitojaksot, sädehoito ja immunosuppressiiviset hoidot.[20]",digit_in_token|citation_artifact|multiword_vocab_token,legacy,/home/vitus/floently-finnish/apps/backend/practice/data/cards/doctor_cards.json
doctor_3122,doctor,"Potilaaseen liittyvistä tekijöistä leikkausinfektion riskiä lisäävät muun muassa ikä, yleistila, suorituskyky, lihavuus ja _____; sairaudet kuten infektiot, diabetes, munuaisten vajaatoiminta ja syövät; päihteet kuten tupakointi ja alkoholismi; sekä hoidot kuten sairaalahoitojaksot, sädehoito ja immunosuppressiiviset hoidot.[20]",digit_in_token|citation_artifact|multiword_vocab_token,legacy,/home/vitus/floently-finnish/apps/backend/practice/data/cards/doctor_cards.json
doctor_3126,doctor,"Potilaaseen liittyvistä tekijöistä leikkausinfektion riskiä lisäävät muun muassa ikä, yleistila, suorituskyky, lihavuus ja aliravitsemus; sairaudet kuten infektiot, diabetes, _____ vajaatoiminta ja syövät; päihteet kuten tupakointi ja alkoholismi; sekä hoidot kuten sairaalahoitojaksot, sädehoito ja immunosuppressiiviset hoidot.[20]",digit_in_token|citation_artifact|multiword_vocab_token,legacy,/home/vitus/floently-finnish/apps/backend/practice/data/cards/doctor_cards.json
doctor_3127,doctor,"Potilaaseen liittyvistä tekijöistä leikkausinfektion riskiä lisäävät muun muassa ikä, yleistila, suorituskyky, lihavuus ja aliravitsemus; sairaudet kuten infektiot, diabetes, _____ vajaatoiminta ja syövät; päihteet kuten tupakointi ja alkoholismi; sekä hoidot kuten sairaalahoitojaksot, sädehoito ja immunosuppressiiviset hoidot.[20]",digit_in_token|citation_artifact|multiword_vocab_token,legacy,/home/vitus/floently-finnish/apps/backend/practice/data/cards/doctor_cards.json
doctor_3131,doctor,"Potilaaseen liittyvistä tekijöistä leikkausinfektion riskiä lisäävät muun muassa ikä, yleistila, suorituskyky, lihavuus ja aliravitsemus; sairaudet kuten infektiot, diabetes, munuaisten _____ ja syövät; päihteet kuten tupakointi ja alkoholismi; sekä hoidot kuten sairaalahoitojaksot, sädehoito ja immunosuppressiiviset hoidot.[20]",digit_in_token|citation_artifact|multiword_vocab_token,legacy,/home/vitus/floently-finnish/apps/backend/practice/data/cards/doctor_cards.json
doctor_3132,doctor,"Potilaaseen liittyvistä tekijöistä leikkausinfektion riskiä lisäävät muun muassa ikä, yleistila, suorituskyky, lihavuus ja aliravitsemus; sairaudet kuten infektiot, diabetes, munuaisten _____ ja syövät; päihteet kuten tupakointi ja alkoholismi; sekä hoidot kuten sairaalahoitojaksot, sädehoito ja immunosuppressiiviset hoidot.[20]",digit_in_token|citation_artifact|multiword_vocab_token,legacy,/home/vitus/floently-finnish/apps/backend/practice/data/cards/doctor_cards.json
doctor_3136,doctor,"Potilaaseen liittyvistä tekijöistä leikkausinfektion riskiä lisäävät muun muassa ikä, yleistila, suorituskyky, lihavuus ja aliravitsemus; sairaudet kuten infektiot, diabetes, munuaisten vajaatoiminta ja syövät; _____ kuten tupakointi ja alkoholismi; sekä hoidot kuten sairaalahoitojaksot, sädehoito ja immunosuppressiiviset hoidot.[20]",digit_in_token|citation_artifact|multiword_vocab_token,legacy,/home/vitus/floently-finnish/apps/backend/practice/data/cards/doctor_cards.json
doctor_3137,doctor,"Potilaaseen liittyvistä tekijöistä leikkausinfektion riskiä lisäävät muun muassa ikä, yleistila, suorituskyky, lihavuus ja aliravitsemus; sairaudet kuten infektiot, diabetes, munuaisten vajaatoiminta ja syövät; _____ kuten tupakointi ja alkoholismi; sekä hoidot kuten sairaalahoitojaksot, sädehoito ja immunosuppressiiviset hoidot.[20]",digit_in_token|citation_artifact|multiword_vocab_token,legacy,/home/vitus/floently-finnish/apps/backend/practice/data/cards/doctor_cards.json
doctor_3141,doctor,"Potilaaseen liittyvistä tekijöistä leikkausinfektion riskiä lisäävät muun muassa ikä, yleistila, suorituskyky, lihavuus ja aliravitsemus; sairaudet kuten infektiot, diabetes, munuaisten vajaatoiminta ja syövät; päihteet kuten tupakointi ja _____; sekä hoidot kuten sairaalahoitojaksot, sädehoito ja immunosuppressiiviset hoidot.[20]",digit_in_token|citation_artifact|multiword_vocab_token,legacy,/home/vitus/floently-finnish/apps/backend/practice/data/cards/doctor_cards.json
doctor_3142,doctor,"Potilaaseen liittyvistä tekijöistä leikkausinfektion riskiä lisäävät muun muassa ikä, yleistila, suorituskyky, lihavuus ja aliravitsemus; sairaudet kuten infektiot, diabetes, munuaisten vajaatoiminta ja syövät; päihteet kuten tupakointi ja _____; sekä hoidot kuten sairaalahoitojaksot, sädehoito ja immunosuppressiiviset hoidot.[20]",digit_in_token|citation_artifact|multiword_vocab_token,legacy,/home/vitus/floently-finnish/apps/backend/practice/data/cards/doctor_cards.json
doctor_3146,doctor,"Potilaaseen liittyvistä tekijöistä leikkausinfektion riskiä lisäävät muun muassa ikä, yleistila, suorituskyky, lihavuus ja aliravitsemus; sairaudet kuten infektiot, diabetes, munuaisten vajaatoiminta ja syövät; päihteet kuten tupakointi ja alkoholismi; sekä hoidot kuten _____t, sädehoito ja immunosuppressiiviset hoidot.[20]",digit_in_token|citation_artifact|multiword_vocab_token,legacy,/home/vitus/floently-finnish/apps/backend/practice/data/cards/doctor_cards.json
doctor_3147,doctor,"Potilaaseen liittyvistä tekijöistä leikkausinfektion riskiä lisäävät muun muassa ikä, yleistila, suorituskyky, lihavuus ja aliravitsemus; sairaudet kuten infektiot, diabetes, munuaisten vajaatoiminta ja syövät; päihteet kuten tupakointi ja alkoholismi; sekä hoidot kuten _____t, sädehoito ja immunosuppressiiviset hoidot.[20]",digit_in_token|citation_artifact|multiword_vocab_token,legacy,/home/vitus/floently-finnish/apps/backend/practice/data/cards/doctor_cards.json
doctor_3151,doctor,"Potilaaseen liittyvistä tekijöistä leikkausinfektion riskiä lisäävät muun muassa ikä, yleistila, suorituskyky, lihavuus ja aliravitsemus; sairaudet kuten infektiot, diabetes, munuaisten vajaatoiminta ja syövät; päihteet kuten tupakointi ja alkoholismi; sekä hoidot kuten sairaalahoitojaksot, sädehoito ja _____ hoidot.[20]",digit_in_token|citation_artifact|multiword_vocab_token,legacy,/home/vitus/floently-finnish/apps/backend/practice/data/cards/doctor_cards.json
doctor_3152,doctor,"Potilaaseen liittyvistä tekijöistä leikkausinfektion riskiä lisäävät muun muassa ikä, yleistila, suorituskyky, lihavuus ja aliravitsemus; sairaudet kuten infektiot, diabetes, munuaisten vajaatoiminta ja syövät; päihteet kuten tupakointi ja alkoholismi; sekä hoidot kuten sairaalahoitojaksot, sädehoito ja _____ hoidot.[20]",digit_in_token|citation_artifact|multiword_vocab_token,legacy,/home/vitus/floently-finnish/apps/backend/practice/data/cards/doctor_cards.json
doctor_3156,doctor,"Tutkimuksen mukaan kohonnut riski aikuisiän mielenterveysongelmiin on nähtävissä, vaikka nuorella ei olisi virallista _____",multiword_vocab_token,legacy,/home/vitus/floently-finnish/apps/backend/practice/data/cards/doctor_cards.json
doctor_3157,doctor,"Tutkimuksen mukaan kohonnut riski aikuisiän mielenterveysongelmiin on nähtävissä, vaikka nuorella ei olisi virallista _____",multiword_vocab_token,legacy,/home/vitus/floently-finnish/apps/backend/practice/data/cards/doctor_cards.json
doctor_3161,doctor,Ne saatetaan _____ väärin tyypin 1 diabetekseksi,digit_in_token|multiword_vocab_token,legacy,/home/vitus/floently-finnish/apps/backend/practice/data/cards/doctor_cards.json
doctor_3162,doctor,Ne saatetaan _____ väärin tyypin 1 diabetekseksi,digit_in_token|multiword_vocab_token,legacy,/home/vitus/floently-finnish/apps/backend/practice/data/cards/doctor_cards.json
doctor_3166,doctor,"Siksi sitä sanotaan joskus virheellisesti lapsuus- tai nuoruusiän _____, vaikka se voi alkaa missä iässä tahansa",multiword_vocab_token,legacy,/home/vitus/floently-finnish/apps/backend/practice/data/cards/doctor_cards.json
doctor_3167,doctor,"Siksi sitä sanotaan joskus virheellisesti lapsuus- tai nuoruusiän _____, vaikka se voi alkaa missä iässä tahansa",multiword_vocab_token,legacy,/home/vitus/floently-finnish/apps/backend/practice/data/cards/doctor_cards.json
doctor_3171,doctor,Erityisesti tämä näkyy manosfäärin red pill -_____ssa.,multiword_vocab_token,legacy,/home/vitus/floently-finnish/apps/backend/practice/data/cards/doctor_cards.json
doctor_3172,doctor,Erityisesti tämä näkyy manosfäärin red pill -_____ssa.,multiword_vocab_token,legacy,/home/vitus/floently-finnish/apps/backend/practice/data/cards/doctor_cards.json
doctor_3185,doctor,Tieteellisten tutkimusten tuloksiin perustuvaa lääketiedettä _____ näyttöön perustuvaksi lääketieteeksi (evidence based medicine),multiword_vocab_token,legacy,/home/vitus/floently-finnish/apps/backend/practice/data/cards/doctor_cards.json
doctor_3186,doctor,Tieteellisten tutkimusten tuloksiin perustuvaa lääketiedettä _____ näyttöön perustuvaksi lääketieteeksi (evidence based medicine),multiword_vocab_token,legacy,/home/vitus/floently-finnish/apps/backend/practice/data/cards/doctor_cards.json
doctor_3190,doctor,Tieteellisten tutkimusten tuloksiin _____a lääketiedettä nimitetään näyttöön _____ksi lääketieteeksi (evidence based medicine),multiword_vocab_token,legacy,/home/vitus/floently-finnish/apps/backend/practice/data/cards/doctor_cards.json
doctor_3191,doctor,Tieteellisten tutkimusten tuloksiin _____a lääketiedettä nimitetään näyttöön _____ksi lääketieteeksi (evidence based medicine),multiword_vocab_token,legacy,/home/vitus/floently-finnish/apps/backend/practice/data/cards/doctor_cards.json
doctor_3195,doctor,Tieteellisten tutkimusten tuloksiin perustuvaa lääketiedettä nimitetään näyttöön perustuvaksi _____ (evidence based medicine),multiword_vocab_token,legacy,/home/vitus/floently-finnish/apps/backend/practice/data/cards/doctor_cards.json
doctor_3196,doctor,Tieteellisten tutkimusten tuloksiin perustuvaa lääketiedettä nimitetään näyttöön perustuvaksi _____ (evidence based medicine),multiword_vocab_token,legacy,/home/vitus/floently-finnish/apps/backend/practice/data/cards/doctor_cards.json
doctor_3206,doctor,"Yleisesti masennuksen hoidossa käytetyt SSRI-lääkkeet lisäävät sekä raskausdiabeteksen riskiä että _____en varhaisia sopeutumisongelmia, kerrotaan Turun yliopiston tiedotteessa.",multiword_vocab_token,legacy,/home/vitus/floently-finnish/apps/backend/practice/data/cards/doctor_cards.json
doctor_3207,doctor,"Yleisesti masennuksen hoidossa käytetyt SSRI-lääkkeet lisäävät sekä raskausdiabeteksen riskiä että _____en varhaisia sopeutumisongelmia, kerrotaan Turun yliopiston tiedotteessa.",multiword_vocab_token,legacy,/home/vitus/floently-finnish/apps/backend/practice/data/cards/doctor_cards.json
doctor_3220,doctor,"Bakteerin aiheuttaman aivokalvontulehduksen tyypillisiä oireita ovat korkea kuume, kova päänsärky, _____, tajunnan häiriöt ja sekavuus",multiword_vocab_token,legacy,/home/vitus/floently-finnish/apps/backend/practice/data/cards/doctor_cards.json
doctor_3221,doctor,"Bakteerin aiheuttaman aivokalvontulehduksen tyypillisiä oireita ovat korkea kuume, kova päänsärky, _____, tajunnan häiriöt ja sekavuus",multiword_vocab_token,legacy,/home/vitus/floently-finnish/apps/backend/practice/data/cards/doctor_cards.json
doctor_3225,doctor,"Bakteerin aiheuttaman aivokalvontulehduksen tyypillisiä oireita ovat korkea kuume, kova päänsärky, niskajäykkyys, _____n häiriöt ja sekavuus",multiword_vocab_token,legacy,/home/vitus/floently-finnish/apps/backend/practice/data/cards/doctor_cards.json
doctor_3226,doctor,"Bakteerin aiheuttaman aivokalvontulehduksen tyypillisiä oireita ovat korkea kuume, kova päänsärky, niskajäykkyys, _____n häiriöt ja sekavuus",multiword_vocab_token,legacy,/home/vitus/floently-finnish/apps/backend/practice/data/cards/doctor_cards.json
doctor_3230,doctor,"Bakteerin aiheuttaman aivokalvontulehduksen tyypillisiä oireita ovat korkea kuume, kova päänsärky, niskajäykkyys, tajunnan häiriöt ja _____",multiword_vocab_token,legacy,/home/vitus/floently-finnish/apps/backend/practice/data/cards/doctor_cards.json
doctor_3231,doctor,"Bakteerin aiheuttaman aivokalvontulehduksen tyypillisiä oireita ovat korkea kuume, kova päänsärky, niskajäykkyys, tajunnan häiriöt ja _____",multiword_vocab_token,legacy,/home/vitus/floently-finnish/apps/backend/practice/data/cards/doctor_cards.json
doctor_3238,doctor,"Kun tauti pahenee, usein myös kehon insuliinin _____ vähenee",multiword_vocab_token,legacy,/home/vitus/floently-finnish/apps/backend/practice/data/cards/doctor_cards.json
doctor_3239,doctor,"Kun tauti pahenee, usein myös kehon insuliinin _____ vähenee",multiword_vocab_token,legacy,/home/vitus/floently-finnish/apps/backend/practice/data/cards/doctor_cards.json
doctor_3246,doctor,"Diagnoosi _____än potilasta koskeviin asiakirjoihin WHO:n ICD-10-tautiluokituksen mukaan, josta Stakes on laatinut suomalaisen version.",digit_in_token|multiword_vocab_token,legacy,/home/vitus/floently-finnish/apps/backend/practice/data/cards/doctor_cards.json
doctor_3247,doctor,"Diagnoosi _____än potilasta koskeviin asiakirjoihin WHO:n ICD-10-tautiluokituksen mukaan, josta Stakes on laatinut suomalaisen version.",digit_in_token|multiword_vocab_token,legacy,/home/vitus/floently-finnish/apps/backend/practice/data/cards/doctor_cards.json
doctor_3254,doctor,"Diagnoosi merkitään potilasta koskeviin asiakirjoihin WHO:n ICD-10-tautiluokituksen mukaan, josta Stakes on laatinut suomalaisen _____n.",digit_in_token|multiword_vocab_token,legacy,/home/vitus/floently-finnish/apps/backend/practice/data/cards/doctor_cards.json
doctor_3255,doctor,"Diagnoosi merkitään potilasta koskeviin asiakirjoihin WHO:n ICD-10-tautiluokituksen mukaan, josta Stakes on laatinut suomalaisen _____n.",digit_in_token|multiword_vocab_token,legacy,/home/vitus/floently-finnish/apps/backend/practice/data/cards/doctor_cards.json
doctor_3262,doctor,Ylen haastattelemat henkilöt _____t pidempiaikaisesta luottamuksen murenemisesta terveysalan ammatinharjoittajien ja isojen lääkäriasemien välillä,multiword_vocab_token,legacy,/home/vitus/floently-finnish/apps/backend/practice/data/cards/doctor_cards.json
doctor_3263,doctor,Ylen haastattelemat henkilöt _____t pidempiaikaisesta luottamuksen murenemisesta terveysalan ammatinharjoittajien ja isojen lääkäriasemien välillä,multiword_vocab_token,legacy,/home/vitus/floently-finnish/apps/backend/practice/data/cards/doctor_cards.json
doctor_3270,doctor,Ravitsemusterapeutti Reijo Laatikaisen mukaan tulehduksesta kertovaa korkeaa CRP-arvoa voi _____ ruokavaliomuutoksin jopa kolmanneksella,multiword_vocab_token,legacy,/home/vitus/floently-finnish/apps/backend/practice/data/cards/doctor_cards.json
doctor_3271,doctor,Ravitsemusterapeutti Reijo Laatikaisen mukaan tulehduksesta kertovaa korkeaa CRP-arvoa voi _____ ruokavaliomuutoksin jopa kolmanneksella,multiword_vocab_token,legacy,/home/vitus/floently-finnish/apps/backend/practice/data/cards/doctor_cards.json
doctor_3275,doctor,"Suomessa selvitetään ensimmäistä kertaa, vähentääkö vyöruusu_____ muistisairauksia iäkkäillä",multiword_vocab_token,legacy,/home/vitus/floently-finnish/apps/backend/practice/data/cards/doctor_cards.json
doctor_3276,doctor,"Suomessa selvitetään ensimmäistä kertaa, vähentääkö vyöruusu_____ muistisairauksia iäkkäillä",multiword_vocab_token,legacy,/home/vitus/floently-finnish/apps/backend/practice/data/cards/doctor_cards.json
doctor_3280,doctor,"Suomessa näitä rokotteita annetaan vain _____en lapsille ja aikuisille, kertoo Nohynek.",multiword_vocab_token,legacy,/home/vitus/floently-finnish/apps/backend/practice/data/cards/doctor_cards.json
doctor_3281,doctor,"Suomessa näitä rokotteita annetaan vain _____en lapsille ja aikuisille, kertoo Nohynek.",multiword_vocab_token,legacy,/home/vitus/floently-finnish/apps/backend/practice/data/cards/doctor_cards.json
doctor_3288,doctor,Se tarkoittaa ”_____ läpi” tai pikemminkin ”suppiloa” ja viittaa diabeteksen aiheuttamaan tihentyneeseen virtsaamistarpeeseen,multiword_vocab_token,legacy,/home/vitus/floently-finnish/apps/backend/practice/data/cards/doctor_cards.json
doctor_3289,doctor,Se tarkoittaa ”_____ läpi” tai pikemminkin ”suppiloa” ja viittaa diabeteksen aiheuttamaan tihentyneeseen virtsaamistarpeeseen,multiword_vocab_token,legacy,/home/vitus/floently-finnish/apps/backend/practice/data/cards/doctor_cards.json
doctor_3293,doctor,Se tarkoittaa ”päästää läpi” tai pikemminkin ”_____a” ja viittaa diabeteksen aiheuttamaan tihentyneeseen virtsaamistarpeeseen,multiword_vocab_token,legacy,/home/vitus/floently-finnish/apps/backend/practice/data/cards/doctor_cards.json
doctor_3294,doctor,Se tarkoittaa ”päästää läpi” tai pikemminkin ”_____a” ja viittaa diabeteksen aiheuttamaan tihentyneeseen virtsaamistarpeeseen,multiword_vocab_token,legacy,/home/vitus/floently-finnish/apps/backend/practice/data/cards/doctor_cards.json
doctor_3298,doctor,Se tarkoittaa ”päästää läpi” tai pikemminkin ”suppiloa” ja viittaa diabeteksen _____ tihentyneeseen virtsaamistarpeeseen,multiword_vocab_token,legacy,/home/vitus/floently-finnish/apps/backend/practice/data/cards/doctor_cards.json
doctor_3299,doctor,Se tarkoittaa ”päästää läpi” tai pikemminkin ”suppiloa” ja viittaa diabeteksen _____ tihentyneeseen virtsaamistarpeeseen,multiword_vocab_token,legacy,/home/vitus/floently-finnish/apps/backend/practice/data/cards/doctor_cards.json
doctor_3306,doctor,Se tarkoittaa ”päästää läpi” tai pikemminkin ”suppiloa” ja viittaa diabeteksen aiheuttamaan tihentyneeseen _____,multiword_vocab_token,legacy,/home/vitus/floently-finnish/apps/backend/practice/data/cards/doctor_cards.json
doctor_3307,doctor,Se tarkoittaa ”päästää läpi” tai pikemminkin ”suppiloa” ja viittaa diabeteksen aiheuttamaan tihentyneeseen _____,multiword_vocab_token,legacy,/home/vitus/floently-finnish/apps/backend/practice/data/cards/doctor_cards.json
doctor_3314,doctor,"Asiaa on selvitetty, ja tämän_____sen tiedon mukaan sairaustapaukset eivät liity ruokaan.",multiword_vocab_token,legacy,/home/vitus/floently-finnish/apps/backend/practice/data/cards/doctor_cards.json
doctor_3315,doctor,"Asiaa on selvitetty, ja tämän_____sen tiedon mukaan sairaustapaukset eivät liity ruokaan.",multiword_vocab_token,legacy,/home/vitus/floently-finnish/apps/backend/practice/data/cards/doctor_cards.json
doctor_3322,doctor,"Diabetes lisää esimerkiksi infektio_____a[2] ja verisuonivaurioita, mikä johtaa esimerkiksi valtimokovettumataudin ja muiden sydän- ja verisuonisairauksien sekä impotenssin riskin lisääntymiseen.[2] Diabetes saattaa aiheuttaa myös Alzheimerin tautia ja muita dementiasairauksia[9].",digit_in_token|citation_artifact|multiword_vocab_token,legacy,/home/vitus/floently-finnish/apps/backend/practice/data/cards/doctor_cards.json
doctor_3323,doctor,"Diabetes lisää esimerkiksi infektio_____a[2] ja verisuonivaurioita, mikä johtaa esimerkiksi valtimokovettumataudin ja muiden sydän- ja verisuonisairauksien sekä impotenssin riskin lisääntymiseen.[2] Diabetes saattaa aiheuttaa myös Alzheimerin tautia ja muita dementiasairauksia[9].",digit_in_token|citation_artifact|multiword_vocab_token,legacy,/home/vitus/floently-finnish/apps/backend/practice/data/cards/doctor_cards.json
doctor_3327,doctor,"Mutta voiko potilas luottaa siihen, että lääkäri on _____ yhtä pätevä kuin suomalaisessa yliopistossa oppinsa saanut?",multiword_vocab_token,legacy,/home/vitus/floently-finnish/apps/backend/practice/data/cards/doctor_cards.json
doctor_3328,doctor,"Mutta voiko potilas luottaa siihen, että lääkäri on _____ yhtä pätevä kuin suomalaisessa yliopistossa oppinsa saanut?",multiword_vocab_token,legacy,/home/vitus/floently-finnish/apps/backend/practice/data/cards/doctor_cards.json
doctor_3332,doctor,"Mutta voiko potilas luottaa siihen, että lääkäri on taidoiltaan yhtä _____ kuin suomalaisessa yliopistossa oppinsa saanut?",multiword_vocab_token,legacy,/home/vitus/floently-finnish/apps/backend/practice/data/cards/doctor_cards.json
doctor_3333,doctor,"Mutta voiko potilas luottaa siihen, että lääkäri on taidoiltaan yhtä _____ kuin suomalaisessa yliopistossa oppinsa saanut?",multiword_vocab_token,legacy,/home/vitus/floently-finnish/apps/backend/practice/data/cards/doctor_cards.json
doctor_3337,doctor,"Mutta voiko potilas luottaa siihen, että lääkäri on taidoiltaan yhtä pätevä kuin suomalaisessa yliopistossa _____ saanut?",multiword_vocab_token,legacy,/home/vitus/floently-finnish/apps/backend/practice/data/cards/doctor_cards.json
doctor_3338,doctor,"Mutta voiko potilas luottaa siihen, että lääkäri on taidoiltaan yhtä pätevä kuin suomalaisessa yliopistossa _____ saanut?",multiword_vocab_token,legacy,/home/vitus/floently-finnish/apps/backend/practice/data/cards/doctor_cards.json
doctor_3342,doctor,"Terveysuhista vastaavan viraston rokoteosaston varajohtaja kertoo, että meningokokin aiheuttamat aivokalvon_____ ovat hyvin harvinaisia Britanniassa.",multiword_vocab_token,legacy,/home/vitus/floently-finnish/apps/backend/practice/data/cards/doctor_cards.json
doctor_3343,doctor,"Terveysuhista vastaavan viraston rokoteosaston varajohtaja kertoo, että meningokokin aiheuttamat aivokalvon_____ ovat hyvin harvinaisia Britanniassa.",multiword_vocab_token,legacy,/home/vitus/floently-finnish/apps/backend/practice/data/cards/doctor_cards.json
doctor_3347,doctor,Tulehdukset olivat suuri syy siihen että leikkauksen _____ parantuminen ei ollut toivotun tapainen,multiword_vocab_token,legacy,/home/vitus/floently-finnish/apps/backend/practice/data/cards/doctor_cards.json
doctor_3348,doctor,Tulehdukset olivat suuri syy siihen että leikkauksen _____ parantuminen ei ollut toivotun tapainen,multiword_vocab_token,legacy,/home/vitus/floently-finnish/apps/backend/practice/data/cards/doctor_cards.json
doctor_3352,doctor,Tulehdukset olivat suuri syy siihen että leikkauksen jälkeinen _____ ei ollut toivotun tapainen,multiword_vocab_token,legacy,/home/vitus/floently-finnish/apps/backend/practice/data/cards/doctor_cards.json
doctor_3353,doctor,Tulehdukset olivat suuri syy siihen että leikkauksen jälkeinen _____ ei ollut toivotun tapainen,multiword_vocab_token,legacy,/home/vitus/floently-finnish/apps/backend/practice/data/cards/doctor_cards.json
doctor_3360,doctor,Tulehdukset olivat suuri syy siihen että leikkauksen jälkeinen parantuminen ei ollut toivotun _____,multiword_vocab_token,legacy,/home/vitus/floently-finnish/apps/backend/practice/data/cards/doctor_cards.json
doctor_3361,doctor,Tulehdukset olivat suuri syy siihen että leikkauksen jälkeinen parantuminen ei ollut toivotun _____,multiword_vocab_token,legacy,/home/vitus/floently-finnish/apps/backend/practice/data/cards/doctor_cards.json
doctor_3365,doctor,"– Lihavuuslääkkeet ovat _____, jota verkkoklinikat käyttävät houkuttimena, sanoo Pietiläinen.",multiword_vocab_token,legacy,/home/vitus/floently-finnish/apps/backend/practice/data/cards/doctor_cards.json
doctor_3366,doctor,"– Lihavuuslääkkeet ovat _____, jota verkkoklinikat käyttävät houkuttimena, sanoo Pietiläinen.",multiword_vocab_token,legacy,/home/vitus/floently-finnish/apps/backend/practice/data/cards/doctor_cards.json
doctor_3370,doctor,"– Lihavuuslääkkeet ovat sisäänheittotuote, jota verkkoklinikat käyttävät _____, sanoo Pietiläinen.",multiword_vocab_token,legacy,/home/vitus/floently-finnish/apps/backend/practice/data/cards/doctor_cards.json
doctor_3371,doctor,"– Lihavuuslääkkeet ovat sisäänheittotuote, jota verkkoklinikat käyttävät _____, sanoo Pietiläinen.",multiword_vocab_token,legacy,/home/vitus/floently-finnish/apps/backend/practice/data/cards/doctor_cards.json
doctor_3375,doctor,Siksi _____n kokonaisarviointi on tärkeämpää kuin pelkän painon tarkastelu.,multiword_vocab_token,legacy,/home/vitus/floently-finnish/apps/backend/practice/data/cards/doctor_cards.json
doctor_3376,doctor,Siksi _____n kokonaisarviointi on tärkeämpää kuin pelkän painon tarkastelu.,multiword_vocab_token,legacy,/home/vitus/floently-finnish/apps/backend/practice/data/cards/doctor_cards.json
doctor_3380,doctor,Siksi terveydentilan _____ on tärkeämpää kuin pelkän painon tarkastelu.,multiword_vocab_token,legacy,/home/vitus/floently-finnish/apps/backend/practice/data/cards/doctor_cards.json
doctor_3381,doctor,Siksi terveydentilan _____ on tärkeämpää kuin pelkän painon tarkastelu.,multiword_vocab_token,legacy,/home/vitus/floently-finnish/apps/backend/practice/data/cards/doctor_cards.json
doctor_3385,doctor,Siksi terveydentilan kokonaisarviointi on tärkeämpää kuin pelkän painon _____.,multiword_vocab_token,legacy,/home/vitus/floently-finnish/apps/backend/practice/data/cards/doctor_cards.json
doctor_3386,doctor,Siksi terveydentilan kokonaisarviointi on tärkeämpää kuin pelkän painon _____.,multiword_vocab_token,legacy,/home/vitus/floently-finnish/apps/backend/practice/data/cards/doctor_cards.json
doctor_3399,doctor,Naispotilaiden hoitotulokset ovat myös keskimäärin _____ kuin miespotilaiden.[12],digit_in_token|citation_artifact|multiword_vocab_token,legacy,/home/vitus/floently-finnish/apps/backend/practice/data/cards/doctor_cards.json
doctor_3400,doctor,Naispotilaiden hoitotulokset ovat myös keskimäärin _____ kuin miespotilaiden.[12],digit_in_token|citation_artifact|multiword_vocab_token,legacy,/home/vitus/floently-finnish/apps/backend/practice/data/cards/doctor_cards.json
doctor_3404,doctor,"Jutussa kerrotaan uutta tietoa siitä, _____n keinoin yksityiset lääkäriasemat yrittävät tehdä voittoa.",multiword_vocab_token,legacy,/home/vitus/floently-finnish/apps/backend/practice/data/cards/doctor_cards.json
doctor_3405,doctor,"Jutussa kerrotaan uutta tietoa siitä, _____n keinoin yksityiset lääkäriasemat yrittävät tehdä voittoa.",multiword_vocab_token,legacy,/home/vitus/floently-finnish/apps/backend/practice/data/cards/doctor_cards.json
doctor_3412,doctor,"Jutussa kerrotaan uutta tietoa siitä, millaisin keinoin yksityiset lääkäriasemat yrittävät tehdä _____a.",multiword_vocab_token,legacy,/home/vitus/floently-finnish/apps/backend/practice/data/cards/doctor_cards.json
doctor_3413,doctor,"Jutussa kerrotaan uutta tietoa siitä, millaisin keinoin yksityiset lääkäriasemat yrittävät tehdä _____a.",multiword_vocab_token,legacy,/home/vitus/floently-finnish/apps/backend/practice/data/cards/doctor_cards.json
doctor_3417,doctor,Naisilla ei _____ juurikaan ruokatorvisyöpää (Suomen syöpärekisteri 2006).lähde?,digit_in_token|multiword_vocab_token,legacy,/home/vitus/floently-finnish/apps/backend/practice/data/cards/doctor_cards.json
doctor_3418,doctor,Naisilla ei _____ juurikaan ruokatorvisyöpää (Suomen syöpärekisteri 2006).lähde?,digit_in_token|multiword_vocab_token,legacy,/home/vitus/floently-finnish/apps/backend/practice/data/cards/doctor_cards.json
doctor_3422,doctor,Naisilla ei esiinny juurikaan _____ (Suomen syöpärekisteri 2006).lähde?,digit_in_token|multiword_vocab_token,legacy,/home/vitus/floently-finnish/apps/backend/practice/data/cards/doctor_cards.json
doctor_3423,doctor,Naisilla ei esiinny juurikaan _____ (Suomen syöpärekisteri 2006).lähde?,digit_in_token|multiword_vocab_token,legacy,/home/vitus/floently-finnish/apps/backend/practice/data/cards/doctor_cards.json
doctor_3427,doctor,Naisilla ei esiinny juurikaan ruokatorvisyöpää (Suomen _____ 2006).lähde?,digit_in_token|multiword_vocab_token,legacy,/home/vitus/floently-finnish/apps/backend/practice/data/cards/doctor_cards.json
doctor_3428,doctor,Naisilla ei esiinny juurikaan ruokatorvisyöpää (Suomen _____ 2006).lähde?,digit_in_token|multiword_vocab_token,legacy,/home/vitus/floently-finnish/apps/backend/practice/data/cards/doctor_cards.json
doctor_3435,doctor,"Tässä jutussa kerrotaan, voiko potilas luottaa esimerkiksi Latviassa tai Romaniassa koulutetun lääkärin _____on",multiword_vocab_token,legacy,/home/vitus/floently-finnish/apps/backend/practice/data/cards/doctor_cards.json
doctor_3436,doctor,"Tässä jutussa kerrotaan, voiko potilas luottaa esimerkiksi Latviassa tai Romaniassa koulutetun lääkärin _____on",multiword_vocab_token,legacy,/home/vitus/floently-finnish/apps/backend/practice/data/cards/doctor_cards.json
doctor_3440,doctor,Britannian _____t ovat B-tyyppiä.,multiword_vocab_token,legacy,/home/vitus/floently-finnish/apps/backend/practice/data/cards/doctor_cards.json
doctor_3441,doctor,Britannian _____t ovat B-tyyppiä.,multiword_vocab_token,legacy,/home/vitus/floently-finnish/apps/backend/practice/data/cards/doctor_cards.json
doctor_3451,doctor,"Hän sanoo, että 30–50 minuuttia ennen oksennusta tuli aina ”_____ olo”",digit_in_token|multiword_vocab_token,legacy,/home/vitus/floently-finnish/apps/backend/practice/data/cards/doctor_cards.json
doctor_3452,doctor,"Hän sanoo, että 30–50 minuuttia ennen oksennusta tuli aina ”_____ olo”",digit_in_token|multiword_vocab_token,legacy,/home/vitus/floently-finnish/apps/backend/practice/data/cards/doctor_cards.json
doctor_3456,doctor,"Tekoälypsykoosit eivät ole vielä suuri ilmiö Suomessa, sanoo HUSin psyk_____gi Stenberg",multiword_vocab_token,legacy,/home/vitus/floently-finnish/apps/backend/practice/data/cards/doctor_cards.json
doctor_3457,doctor,"Tekoälypsykoosit eivät ole vielä suuri ilmiö Suomessa, sanoo HUSin psyk_____gi Stenberg",multiword_vocab_token,legacy,/home/vitus/floently-finnish/apps/backend/practice/data/cards/doctor_cards.json
doctor_3464,doctor,Lääkäriliitto käy ulkomailla _____ssa opiskelijoille käytännön työtä tukevia taitoja kuten todistusten ja lausuntojen laatimista.,multiword_vocab_token,legacy,/home/vitus/floently-finnish/apps/backend/practice/data/cards/doctor_cards.json
doctor_3465,doctor,Lääkäriliitto käy ulkomailla _____ssa opiskelijoille käytännön työtä tukevia taitoja kuten todistusten ja lausuntojen laatimista.,multiword_vocab_token,legacy,/home/vitus/floently-finnish/apps/backend/practice/data/cards/doctor_cards.json
doctor_3469,doctor,"Tässä jutussa kerrotaan, voiko potilas luottaa esimerkiksi Latviassa tai Romaniassa koulutetun lääkärin ammatti_____on",multiword_vocab_token,legacy,/home/vitus/floently-finnish/apps/backend/practice/data/cards/doctor_cards.json
doctor_3470,doctor,"Tässä jutussa kerrotaan, voiko potilas luottaa esimerkiksi Latviassa tai Romaniassa koulutetun lääkärin ammatti_____on",multiword_vocab_token,legacy,/home/vitus/floently-finnish/apps/backend/practice/data/cards/doctor_cards.json
doctor_3474,doctor,Lääkäriliitto käy ulkomailla kouluttamassa opiskelijoille käytännön työtä tukevia taitoja kuten _____ten ja lausuntojen laatimista.,multiword_vocab_token,legacy,/home/vitus/floently-finnish/apps/backend/practice/data/cards/doctor_cards.json
doctor_3475,doctor,Lääkäriliitto käy ulkomailla kouluttamassa opiskelijoille käytännön työtä tukevia taitoja kuten _____ten ja lausuntojen laatimista.,multiword_vocab_token,legacy,/home/vitus/floently-finnish/apps/backend/practice/data/cards/doctor_cards.json
doctor_3479,doctor,Lääkäriliitto käy ulkomailla kouluttamassa opiskelijoille käytännön työtä tukevia taitoja kuten todistusten ja _____jen laatimista.,multiword_vocab_token,legacy,/home/vitus/floently-finnish/apps/backend/practice/data/cards/doctor_cards.json
doctor_3480,doctor,Lääkäriliitto käy ulkomailla kouluttamassa opiskelijoille käytännön työtä tukevia taitoja kuten todistusten ja _____jen laatimista.,multiword_vocab_token,legacy,/home/vitus/floently-finnish/apps/backend/practice/data/cards/doctor_cards.json
doctor_3484,doctor,Lääkäriliitto käy ulkomailla kouluttamassa opiskelijoille käytännön työtä tukevia taitoja kuten todistusten ja lausuntojen _____.,multiword_vocab_token,legacy,/home/vitus/floently-finnish/apps/backend/practice/data/cards/doctor_cards.json
doctor_3485,doctor,Lääkäriliitto käy ulkomailla kouluttamassa opiskelijoille käytännön työtä tukevia taitoja kuten todistusten ja lausuntojen _____.,multiword_vocab_token,legacy,/home/vitus/floently-finnish/apps/backend/practice/data/cards/doctor_cards.json
doctor_3495,doctor,"Tällaisen potilasta _____, hoitamattoman leikkauksen tekemistä pidetään epäeettisenä.[28]",digit_in_token|citation_artifact|multiword_vocab_token,legacy,/home/vitus/floently-finnish/apps/backend/practice/data/cards/doctor_cards.json
doctor_3496,doctor,"Tällaisen potilasta _____, hoitamattoman leikkauksen tekemistä pidetään epäeettisenä.[28]",digit_in_token|citation_artifact|multiword_vocab_token,legacy,/home/vitus/floently-finnish/apps/backend/practice/data/cards/doctor_cards.json
doctor_3500,doctor,"Tällaisen potilasta vahingoittavan, _____n leikkauksen tekemistä pidetään epäeettisenä.[28]",digit_in_token|citation_artifact|multiword_vocab_token,legacy,/home/vitus/floently-finnish/apps/backend/practice/data/cards/doctor_cards.json
doctor_3501,doctor,"Tällaisen potilasta vahingoittavan, _____n leikkauksen tekemistä pidetään epäeettisenä.[28]",digit_in_token|citation_artifact|multiword_vocab_token,legacy,/home/vitus/floently-finnish/apps/backend/practice/data/cards/doctor_cards.json
doctor_3508,doctor,"Hoidon riskejä ovat myös _____, esimerkiksi leikkausvälineiden jääminen potilaan sisään",multiword_vocab_token,legacy,/home/vitus/floently-finnish/apps/backend/practice/data/cards/doctor_cards.json
doctor_3509,doctor,"Hoidon riskejä ovat myös _____, esimerkiksi leikkausvälineiden jääminen potilaan sisään",multiword_vocab_token,legacy,/home/vitus/floently-finnish/apps/backend/practice/data/cards/doctor_cards.json
doctor_3513,doctor,"Hoidon riskejä ovat myös hoitovirheet, esimerkiksi _____ jääminen potilaan sisään",multiword_vocab_token,legacy,/home/vitus/floently-finnish/apps/backend/practice/data/cards/doctor_cards.json
doctor_3514,doctor,"Hoidon riskejä ovat myös hoitovirheet, esimerkiksi _____ jääminen potilaan sisään",multiword_vocab_token,legacy,/home/vitus/floently-finnish/apps/backend/practice/data/cards/doctor_cards.json
doctor_3518,doctor,"Hoidon riskejä ovat myös hoitovirheet, esimerkiksi leikkausvälineiden _____ potilaan sisään",multiword_vocab_token,legacy,/home/vitus/floently-finnish/apps/backend/practice/data/cards/doctor_cards.json
doctor_3519,doctor,"Hoidon riskejä ovat myös hoitovirheet, esimerkiksi leikkausvälineiden _____ potilaan sisään",multiword_vocab_token,legacy,/home/vitus/floently-finnish/apps/backend/practice/data/cards/doctor_cards.json
doctor_3523,doctor,"Hän on koulutukseltaan _____, mutta Laphan lääkärin kirjoittaman arvion mukaan hänellä voi olla muistisairaus.",multiword_vocab_token,legacy,/home/vitus/floently-finnish/apps/backend/practice/data/cards/doctor_cards.json
doctor_3524,doctor,"Hän on koulutukseltaan _____, mutta Laphan lääkärin kirjoittaman arvion mukaan hänellä voi olla muistisairaus.",multiword_vocab_token,legacy,/home/vitus/floently-finnish/apps/backend/practice/data/cards/doctor_cards.json
doctor_3531,doctor,"Pietiläisen mukaan _____a on, koska esimerkiksi terveyskeskuksista lääkkeiden saaminen voi olla vaikeampaa.",multiword_vocab_token,legacy,/home/vitus/floently-finnish/apps/backend/practice/data/cards/doctor_cards.json
doctor_3532,doctor,"Pietiläisen mukaan _____a on, koska esimerkiksi terveyskeskuksista lääkkeiden saaminen voi olla vaikeampaa.",multiword_vocab_token,legacy,/home/vitus/floently-finnish/apps/backend/practice/data/cards/doctor_cards.json
doctor_3536,doctor,"Pietiläisen mukaan markkinarakoa on, koska esimerkiksi _____ta lääkkeiden saaminen voi olla vaikeampaa.",multiword_vocab_token,legacy,/home/vitus/floently-finnish/apps/backend/practice/data/cards/doctor_cards.json
doctor_3537,doctor,"Pietiläisen mukaan markkinarakoa on, koska esimerkiksi _____ta lääkkeiden saaminen voi olla vaikeampaa.",multiword_vocab_token,legacy,/home/vitus/floently-finnish/apps/backend/practice/data/cards/doctor_cards.json
doctor_3541,doctor,"Laajassa merkityksessä lääketiede _____ myös näihin päämääriin tähtäävät käytännön toimet kuten lääkinnän ja operatiivisen hoidon.[1] Lääketieteessä pyritään ymmärtämään, kehittämään ja soveltamaan tapoja, joilla ihmisen tai eläimen terveyttä voidaan vaalia ja parantaa",digit_in_token|citation_artifact|multiword_vocab_token,legacy,/home/vitus/floently-finnish/apps/backend/practice/data/cards/doctor_cards.json
doctor_3542,doctor,"Laajassa merkityksessä lääketiede _____ myös näihin päämääriin tähtäävät käytännön toimet kuten lääkinnän ja operatiivisen hoidon.[1] Lääketieteessä pyritään ymmärtämään, kehittämään ja soveltamaan tapoja, joilla ihmisen tai eläimen terveyttä voidaan vaalia ja parantaa",digit_in_token|citation_artifact|multiword_vocab_token,legacy,/home/vitus/floently-finnish/apps/backend/practice/data/cards/doctor_cards.json
doctor_3552,doctor,"Laajassa merkityksessä lääketiede sisältää myös näihin päämääriin tähtäävät käytännön toimet kuten lääkinnän ja _____ hoidon.[1] Lääketieteessä pyritään ymmärtämään, kehittämään ja soveltamaan tapoja, joilla ihmisen tai eläimen terveyttä voidaan vaalia ja parantaa",digit_in_token|citation_artifact|multiword_vocab_token,legacy,/home/vitus/floently-finnish/apps/backend/practice/data/cards/doctor_cards.json
doctor_3553,doctor,"Laajassa merkityksessä lääketiede sisältää myös näihin päämääriin tähtäävät käytännön toimet kuten lääkinnän ja _____ hoidon.[1] Lääketieteessä pyritään ymmärtämään, kehittämään ja soveltamaan tapoja, joilla ihmisen tai eläimen terveyttä voidaan vaalia ja parantaa",digit_in_token|citation_artifact|multiword_vocab_token,legacy,/home/vitus/floently-finnish/apps/backend/practice/data/cards/doctor_cards.json
doctor_3557,doctor,"Laajassa merkityksessä lääketiede sisältää myös näihin päämääriin tähtäävät käytännön toimet kuten lääkinnän ja operatiivisen hoidon.[1] Lääketieteessä pyritään ymmärtämään, kehittämään ja soveltamaan tapoja, joilla ihmisen tai eläimen terveyttä voidaan _____a ja parantaa",digit_in_token|citation_artifact|multiword_vocab_token,legacy,/home/vitus/floently-finnish/apps/backend/practice/data/cards/doctor_cards.json
doctor_3558,doctor,"Laajassa merkityksessä lääketiede sisältää myös näihin päämääriin tähtäävät käytännön toimet kuten lääkinnän ja operatiivisen hoidon.[1] Lääketieteessä pyritään ymmärtämään, kehittämään ja soveltamaan tapoja, joilla ihmisen tai eläimen terveyttä voidaan _____a ja parantaa",digit_in_token|citation_artifact|multiword_vocab_token,legacy,/home/vitus/floently-finnish/apps/backend/practice/data/cards/doctor_cards.json
doctor_3562,doctor,"Laajassa merkityksessä lääketiede sisältää myös näihin päämääriin tähtäävät käytännön toimet kuten lääkinnän ja operatiivisen hoidon.[1] Lääketieteessä pyritään ymmärtämään, kehittämään ja soveltamaan tapoja, joilla ihmisen tai eläimen terveyttä voidaan vaalia ja _____",digit_in_token|citation_artifact|multiword_vocab_token,legacy,/home/vitus/floently-finnish/apps/backend/practice/data/cards/doctor_cards.json
doctor_3563,doctor,"Laajassa merkityksessä lääketiede sisältää myös näihin päämääriin tähtäävät käytännön toimet kuten lääkinnän ja operatiivisen hoidon.[1] Lääketieteessä pyritään ymmärtämään, kehittämään ja soveltamaan tapoja, joilla ihmisen tai eläimen terveyttä voidaan vaalia ja _____",digit_in_token|citation_artifact|multiword_vocab_token,legacy,/home/vitus/floently-finnish/apps/backend/practice/data/cards/doctor_cards.json
doctor_3567,doctor,"Kelan _____t vahvistavat, että yksityiset lääkärit kirjoittavat yli 60 prosenttia uusien lihavuuslääkkeiden resepteistä",digit_in_token|multiword_vocab_token,legacy,/home/vitus/floently-finnish/apps/backend/practice/data/cards/doctor_cards.json
doctor_3568,doctor,"Kelan _____t vahvistavat, että yksityiset lääkärit kirjoittavat yli 60 prosenttia uusien lihavuuslääkkeiden resepteistä",digit_in_token|multiword_vocab_token,legacy,/home/vitus/floently-finnish/apps/backend/practice/data/cards/doctor_cards.json
doctor_3575,doctor,"Kelan tilastot vahvistavat, että yksityiset lääkärit kirjoittavat yli 60 prosenttia uusien lihavuuslääkkeiden _____",digit_in_token|multiword_vocab_token,legacy,/home/vitus/floently-finnish/apps/backend/practice/data/cards/doctor_cards.json
doctor_3576,doctor,"Kelan tilastot vahvistavat, että yksityiset lääkärit kirjoittavat yli 60 prosenttia uusien lihavuuslääkkeiden _____",digit_in_token|multiword_vocab_token,legacy,/home/vitus/floently-finnish/apps/backend/practice/data/cards/doctor_cards.json
doctor_3583,doctor,Termiä sickness voitaisiin käyttää sairauteen liittyvien yhteiskunnallisten toimien kuten _____n kaltaisten sosiaalietuuksien yhteydessä.[2],digit_in_token|citation_artifact|multiword_vocab_token,legacy,/home/vitus/floently-finnish/apps/backend/practice/data/cards/doctor_cards.json
doctor_3584,doctor,Termiä sickness voitaisiin käyttää sairauteen liittyvien yhteiskunnallisten toimien kuten _____n kaltaisten sosiaalietuuksien yhteydessä.[2],digit_in_token|citation_artifact|multiword_vocab_token,legacy,/home/vitus/floently-finnish/apps/backend/practice/data/cards/doctor_cards.json
doctor_3588,doctor,Termiä sickness voitaisiin käyttää sairauteen liittyvien yhteiskunnallisten toimien kuten sairausloman kaltaisten _____en yhteydessä.[2],digit_in_token|citation_artifact|multiword_vocab_token,legacy,/home/vitus/floently-finnish/apps/backend/practice/data/cards/doctor_cards.json
doctor_3589,doctor,Termiä sickness voitaisiin käyttää sairauteen liittyvien yhteiskunnallisten toimien kuten sairausloman kaltaisten _____en yhteydessä.[2],digit_in_token|citation_artifact|multiword_vocab_token,legacy,/home/vitus/floently-finnish/apps/backend/practice/data/cards/doctor_cards.json
doctor_3593,doctor,Hoidon tavoitteena on oireiden _____.,multiword_vocab_token,legacy,/home/vitus/floently-finnish/apps/backend/practice/data/cards/doctor_cards.json
doctor_3594,doctor,Hoidon tavoitteena on oireiden _____.,multiword_vocab_token,legacy,/home/vitus/floently-finnish/apps/backend/practice/data/cards/doctor_cards.json
doctor_3598,doctor,Potilaan omissa _____ssa olevat bakteerit ovat nykyisin tärkein mikrobikontaminaation lähde[20],digit_in_token|citation_artifact|multiword_vocab_token,legacy,/home/vitus/floently-finnish/apps/backend/practice/data/cards/doctor_cards.json
doctor_3599,doctor,Potilaan omissa _____ssa olevat bakteerit ovat nykyisin tärkein mikrobikontaminaation lähde[20],digit_in_token|citation_artifact|multiword_vocab_token,legacy,/home/vitus/floently-finnish/apps/backend/practice/data/cards/doctor_cards.json
doctor_3603,doctor,Potilaan omissa kudoksissa olevat bakteerit ovat nykyisin tärkein _____n lähde[20],digit_in_token|citation_artifact|multiword_vocab_token,legacy,/home/vitus/floently-finnish/apps/backend/practice/data/cards/doctor_cards.json
doctor_3604,doctor,Potilaan omissa kudoksissa olevat bakteerit ovat nykyisin tärkein _____n lähde[20],digit_in_token|citation_artifact|multiword_vocab_token,legacy,/home/vitus/floently-finnish/apps/backend/practice/data/cards/doctor_cards.json
doctor_3611,doctor,"Miehillä noin 127/79 mmHg ja naisilla noin 122/77 mmHg, vaikkakin nämä keskiarvot peittävät niistä eriävät melko suuret alueelliset kehityssuuntaukset.[1] Vuonna 2017 tehdyn FinTerveys-tutkimuksen mukaan kaikkien 30 vuotta täyttäneiden suomalaisten miesten veren_____en keskiarvo oli",digit_in_token|citation_artifact|multiword_vocab_token,legacy,/home/vitus/floently-finnish/apps/backend/practice/data/cards/doctor_cards.json
doctor_3612,doctor,"Miehillä noin 127/79 mmHg ja naisilla noin 122/77 mmHg, vaikkakin nämä keskiarvot peittävät niistä eriävät melko suuret alueelliset kehityssuuntaukset.[1] Vuonna 2017 tehdyn FinTerveys-tutkimuksen mukaan kaikkien 30 vuotta täyttäneiden suomalaisten miesten veren_____en keskiarvo oli",digit_in_token|citation_artifact|multiword_vocab_token,legacy,/home/vitus/floently-finnish/apps/backend/practice/data/cards/doctor_cards.json
doctor_3616,doctor,Suusta lähtöisin olevan tulehduksen aiheuttama paine ja _____n venytys saattavat aiheuttaa kovaa kipua[31],digit_in_token|citation_artifact|multiword_vocab_token,legacy,/home/vitus/floently-finnish/apps/backend/practice/data/cards/doctor_cards.json
doctor_3617,doctor,Suusta lähtöisin olevan tulehduksen aiheuttama paine ja _____n venytys saattavat aiheuttaa kovaa kipua[31],digit_in_token|citation_artifact|multiword_vocab_token,legacy,/home/vitus/floently-finnish/apps/backend/practice/data/cards/doctor_cards.json
doctor_3621,doctor,Suusta lähtöisin olevan tulehduksen aiheuttama paine ja luukalvon _____ saattavat aiheuttaa kovaa kipua[31],digit_in_token|citation_artifact|multiword_vocab_token,legacy,/home/vitus/floently-finnish/apps/backend/practice/data/cards/doctor_cards.json
doctor_3622,doctor,Suusta lähtöisin olevan tulehduksen aiheuttama paine ja luukalvon _____ saattavat aiheuttaa kovaa kipua[31],digit_in_token|citation_artifact|multiword_vocab_token,legacy,/home/vitus/floently-finnish/apps/backend/practice/data/cards/doctor_cards.json
doctor_3626,doctor,"Kelan _____ ylilääkäri Janne Leinonen myöntää, että digivastaanottoihin liittyy ylilyöntien riski",multiword_vocab_token,legacy,/home/vitus/floently-finnish/apps/backend/practice/data/cards/doctor_cards.json
doctor_3627,doctor,"Kelan _____ ylilääkäri Janne Leinonen myöntää, että digivastaanottoihin liittyy ylilyöntien riski",multiword_vocab_token,legacy,/home/vitus/floently-finnish/apps/backend/practice/data/cards/doctor_cards.json
doctor_3631,doctor,"Välillä johtavan _____ eteen tulee tilanteita, jotka vähän jopa hymyilyttävät.",multiword_vocab_token,legacy,/home/vitus/floently-finnish/apps/backend/practice/data/cards/doctor_cards.json
doctor_3632,doctor,"Välillä johtavan _____ eteen tulee tilanteita, jotka vähän jopa hymyilyttävät.",multiword_vocab_token,legacy,/home/vitus/floently-finnish/apps/backend/practice/data/cards/doctor_cards.json
doctor_3645,doctor,Ylen haastattelemat henkilöt kertovat pidempiaikaisesta luottamuksen _____sta terveysalan ammatinharjoittajien ja isojen lääkäriasemien välillä,multiword_vocab_token,legacy,/home/vitus/floently-finnish/apps/backend/practice/data/cards/doctor_cards.json
doctor_3646,doctor,Ylen haastattelemat henkilöt kertovat pidempiaikaisesta luottamuksen _____sta terveysalan ammatinharjoittajien ja isojen lääkäriasemien välillä,multiword_vocab_token,legacy,/home/vitus/floently-finnish/apps/backend/practice/data/cards/doctor_cards.json
doctor_3650,doctor,Ylen haastattelemat henkilöt kertovat pidempiaikaisesta luottamuksen murenemisesta _____n ammatinharjoittajien ja isojen lääkäriasemien välillä,multiword_vocab_token,legacy,/home/vitus/floently-finnish/apps/backend/practice/data/cards/doctor_cards.json
doctor_3651,doctor,Ylen haastattelemat henkilöt kertovat pidempiaikaisesta luottamuksen murenemisesta _____n ammatinharjoittajien ja isojen lääkäriasemien välillä,multiword_vocab_token,legacy,/home/vitus/floently-finnish/apps/backend/practice/data/cards/doctor_cards.json
doctor_3655,doctor,"Latinaa ja yleissivistystä hankkivien lääkärien ja usein killoissa ja opp_____pimuksilla harjoittelevien, joskus lukutaidottomienkin kirurgien välillä oli suuri ero",multiword_vocab_token,legacy,/home/vitus/floently-finnish/apps/backend/practice/data/cards/doctor_cards.json
doctor_3656,doctor,"Latinaa ja yleissivistystä hankkivien lääkärien ja usein killoissa ja opp_____pimuksilla harjoittelevien, joskus lukutaidottomienkin kirurgien välillä oli suuri ero",multiword_vocab_token,legacy,/home/vitus/floently-finnish/apps/backend/practice/data/cards/doctor_cards.json
doctor_3660,doctor,Silloin voisi ehkä tehdä enemmän ennaltaehkäisevääkin _____ ja soveltaa omalääkärimallia.,multiword_vocab_token,legacy,/home/vitus/floently-finnish/apps/backend/practice/data/cards/doctor_cards.json
doctor_3661,doctor,Silloin voisi ehkä tehdä enemmän ennaltaehkäisevääkin _____ ja soveltaa omalääkärimallia.,multiword_vocab_token,legacy,/home/vitus/floently-finnish/apps/backend/practice/data/cards/doctor_cards.json
doctor_3668,doctor,Etupenkillä istuvalle pojalle aiheutui _____sta muun muassa aivovamma,multiword_vocab_token,legacy,/home/vitus/floently-finnish/apps/backend/practice/data/cards/doctor_cards.json
doctor_3669,doctor,Etupenkillä istuvalle pojalle aiheutui _____sta muun muassa aivovamma,multiword_vocab_token,legacy,/home/vitus/floently-finnish/apps/backend/practice/data/cards/doctor_cards.json
doctor_3673,doctor,Etupenkillä istuvalle pojalle aiheutui kolarista muun muassa _____,multiword_vocab_token,legacy,/home/vitus/floently-finnish/apps/backend/practice/data/cards/doctor_cards.json
doctor_3674,doctor,Etupenkillä istuvalle pojalle aiheutui kolarista muun muassa _____,multiword_vocab_token,legacy,/home/vitus/floently-finnish/apps/backend/practice/data/cards/doctor_cards.json
doctor_3678,doctor,"Vuodesta 1997 alkaen käyttöön on tullut useita syövän _____ (myös nimellä IO-hoito, immuno-onkologinen hoito ja syövän immunoterapia), joissa valjastetaan potilaan oma keho taistelemaan syöpää vastaan",digit_in_token|multiword_vocab_token,legacy,/home/vitus/floently-finnish/apps/backend/practice/data/cards/doctor_cards.json
doctor_3679,doctor,"Vuodesta 1997 alkaen käyttöön on tullut useita syövän _____ (myös nimellä IO-hoito, immuno-onkologinen hoito ja syövän immunoterapia), joissa valjastetaan potilaan oma keho taistelemaan syöpää vastaan",digit_in_token|multiword_vocab_token,legacy,/home/vitus/floently-finnish/apps/backend/practice/data/cards/doctor_cards.json
doctor_3683,doctor,"Vuosittain Suomessa todetaan yli sata uutta syöpätapausta, joissa sairauden tiedetään aiheutuneen jostain työssä ilmenevästä tekijästä.[44] Esimerkiksi asbesti aiheuttaa noin 10 prosenttia todetuista _____tapauksista, radon 20 prosenttia ja tupakointi 70 prosenttia",digit_in_token|citation_artifact|multiword_vocab_token,legacy,/home/vitus/floently-finnish/apps/backend/practice/data/cards/doctor_cards.json
doctor_3684,doctor,"Vuosittain Suomessa todetaan yli sata uutta syöpätapausta, joissa sairauden tiedetään aiheutuneen jostain työssä ilmenevästä tekijästä.[44] Esimerkiksi asbesti aiheuttaa noin 10 prosenttia todetuista _____tapauksista, radon 20 prosenttia ja tupakointi 70 prosenttia",digit_in_token|citation_artifact|multiword_vocab_token,legacy,/home/vitus/floently-finnish/apps/backend/practice/data/cards/doctor_cards.json
doctor_3691,doctor,"Immuunihoitoja käytetään useiden erilaisten syöpien hoidossa, joiden joukossa ovat muun muassa keuhkosyöpä, virtsarakon syöpä, rintasyöpä, melanooma, _____ syövät ja munuaissyöpä.lähde?",multiword_vocab_token,legacy,/home/vitus/floently-finnish/apps/backend/practice/data/cards/doctor_cards.json
doctor_3692,doctor,"Immuunihoitoja käytetään useiden erilaisten syöpien hoidossa, joiden joukossa ovat muun muassa keuhkosyöpä, virtsarakon syöpä, rintasyöpä, melanooma, _____ syövät ja munuaissyöpä.lähde?",multiword_vocab_token,legacy,/home/vitus/floently-finnish/apps/backend/practice/data/cards/doctor_cards.json
doctor_3696,doctor,Leikkauksissa pyritään _____ kirurgiaan,multiword_vocab_token,legacy,/home/vitus/floently-finnish/apps/backend/practice/data/cards/doctor_cards.json
doctor_3697,doctor,Leikkauksissa pyritään _____ kirurgiaan,multiword_vocab_token,legacy,/home/vitus/floently-finnish/apps/backend/practice/data/cards/doctor_cards.json
doctor_3701,doctor,Leikkauksissa pyritään säästävään _____,multiword_vocab_token,legacy,/home/vitus/floently-finnish/apps/backend/practice/data/cards/doctor_cards.json
doctor_3702,doctor,Leikkauksissa pyritään säästävään _____,multiword_vocab_token,legacy,/home/vitus/floently-finnish/apps/backend/practice/data/cards/doctor_cards.json
doctor_3712,doctor,Metsähallitus seuraa nyt tautitilannetta aktiivisesti ja _____ retkeilijöitä myös ilmoittamaan mahdollisesta vatsataudista luontoon.fi -palvelun palautesivulla,multiword_vocab_token,legacy,/home/vitus/floently-finnish/apps/backend/practice/data/cards/doctor_cards.json
doctor_3713,doctor,Metsähallitus seuraa nyt tautitilannetta aktiivisesti ja _____ retkeilijöitä myös ilmoittamaan mahdollisesta vatsataudista luontoon.fi -palvelun palautesivulla,multiword_vocab_token,legacy,/home/vitus/floently-finnish/apps/backend/practice/data/cards/doctor_cards.json
doctor_3717,doctor,Metsähallitus seuraa nyt tautitilannetta aktiivisesti ja pyytää _____itä myös ilmoittamaan mahdollisesta vatsataudista luontoon.fi -palvelun palautesivulla,multiword_vocab_token,legacy,/home/vitus/floently-finnish/apps/backend/practice/data/cards/doctor_cards.json
doctor_3718,doctor,Metsähallitus seuraa nyt tautitilannetta aktiivisesti ja pyytää _____itä myös ilmoittamaan mahdollisesta vatsataudista luontoon.fi -palvelun palautesivulla,multiword_vocab_token,legacy,/home/vitus/floently-finnish/apps/backend/practice/data/cards/doctor_cards.json
doctor_3725,doctor,Metsähallitus seuraa nyt tautitilannetta aktiivisesti ja pyytää retkeilijöitä myös ilmoittamaan mahdollisesta _____sta luontoon.fi -palvelun palautesivulla,multiword_vocab_token,legacy,/home/vitus/floently-finnish/apps/backend/practice/data/cards/doctor_cards.json
doctor_3726,doctor,Metsähallitus seuraa nyt tautitilannetta aktiivisesti ja pyytää retkeilijöitä myös ilmoittamaan mahdollisesta _____sta luontoon.fi -palvelun palautesivulla,multiword_vocab_token,legacy,/home/vitus/floently-finnish/apps/backend/practice/data/cards/doctor_cards.json
doctor_3730,doctor,Metsähallitus seuraa nyt tautitilannetta aktiivisesti ja pyytää retkeilijöitä myös ilmoittamaan mahdollisesta vatsataudista luontoon.fi -palvelun _____,multiword_vocab_token,legacy,/home/vitus/floently-finnish/apps/backend/practice/data/cards/doctor_cards.json
doctor_3731,doctor,Metsähallitus seuraa nyt tautitilannetta aktiivisesti ja pyytää retkeilijöitä myös ilmoittamaan mahdollisesta vatsataudista luontoon.fi -palvelun _____,multiword_vocab_token,legacy,/home/vitus/floently-finnish/apps/backend/practice/data/cards/doctor_cards.json
doctor_3738,doctor,Korjaus 12.3.2026 _____ 14.18: Korjattu tutkimuksen tekijän nimi,digit_in_token|multiword_vocab_token,legacy,/home/vitus/floently-finnish/apps/backend/practice/data/cards/doctor_cards.json
doctor_3739,doctor,Korjaus 12.3.2026 _____ 14.18: Korjattu tutkimuksen tekijän nimi,digit_in_token|multiword_vocab_token,legacy,/home/vitus/floently-finnish/apps/backend/practice/data/cards/doctor_cards.json
doctor_3746,doctor,"Ylen haastattelemat henkilöt kertovat, että _____ ovat yksipuolisesti muuttaneet sopimusten ehtoja ammatinharjoittajille huonompaan suuntaan.",multiword_vocab_token,legacy,/home/vitus/floently-finnish/apps/backend/practice/data/cards/doctor_cards.json
doctor_3747,doctor,"Ylen haastattelemat henkilöt kertovat, että _____ ovat yksipuolisesti muuttaneet sopimusten ehtoja ammatinharjoittajille huonompaan suuntaan.",multiword_vocab_token,legacy,/home/vitus/floently-finnish/apps/backend/practice/data/cards/doctor_cards.json
doctor_3751,doctor,Kirurgisen hoidon haitta_____[23] voidaan yleisesti jakaa välittömiin ja viivästyneisiin komplikaatioihin.[24] Välittömät haitta_____ ilmenevät jo toimenpiteen aikana tai välittömästi sen jälkeen,digit_in_token|citation_artifact|multiword_vocab_token,legacy,/home/vitus/floently-finnish/apps/backend/practice/data/cards/doctor_cards.json
doctor_3752,doctor,Kirurgisen hoidon haitta_____[23] voidaan yleisesti jakaa välittömiin ja viivästyneisiin komplikaatioihin.[24] Välittömät haitta_____ ilmenevät jo toimenpiteen aikana tai välittömästi sen jälkeen,digit_in_token|citation_artifact|multiword_vocab_token,legacy,/home/vitus/floently-finnish/apps/backend/practice/data/cards/doctor_cards.json
doctor_3759,doctor,Vaikutukset ulottuivat muun muassa _____en ja luukadon ja ikääntymisen merkkien vähenemiseen sekä kognitiivisten kykyjen paranemiseen,multiword_vocab_token,legacy,/home/vitus/floently-finnish/apps/backend/practice/data/cards/doctor_cards.json
doctor_3760,doctor,Vaikutukset ulottuivat muun muassa _____en ja luukadon ja ikääntymisen merkkien vähenemiseen sekä kognitiivisten kykyjen paranemiseen,multiword_vocab_token,legacy,/home/vitus/floently-finnish/apps/backend/practice/data/cards/doctor_cards.json
doctor_3773,doctor,"Tulehdukseen saattaa liittyä kipua etenkin silloin, kun _____ kudoksessa on kipuhermopäätteitä.",multiword_vocab_token,legacy,/home/vitus/floently-finnish/apps/backend/practice/data/cards/doctor_cards.json
doctor_3774,doctor,"Tulehdukseen saattaa liittyä kipua etenkin silloin, kun _____ kudoksessa on kipuhermopäätteitä.",multiword_vocab_token,legacy,/home/vitus/floently-finnish/apps/backend/practice/data/cards/doctor_cards.json
doctor_3778,doctor,"Tulehdukseen saattaa liittyä kipua etenkin silloin, kun tulehtuneessa _____ssa on kipuhermopäätteitä.",multiword_vocab_token,legacy,/home/vitus/floently-finnish/apps/backend/practice/data/cards/doctor_cards.json
doctor_3779,doctor,"Tulehdukseen saattaa liittyä kipua etenkin silloin, kun tulehtuneessa _____ssa on kipuhermopäätteitä.",multiword_vocab_token,legacy,/home/vitus/floently-finnish/apps/backend/practice/data/cards/doctor_cards.json
doctor_3783,doctor,"Tulehdukseen saattaa liittyä kipua etenkin silloin, kun tulehtuneessa kudoksessa on _____.",multiword_vocab_token,legacy,/home/vitus/floently-finnish/apps/backend/practice/data/cards/doctor_cards.json
doctor_3784,doctor,"Tulehdukseen saattaa liittyä kipua etenkin silloin, kun tulehtuneessa kudoksessa on _____.",multiword_vocab_token,legacy,/home/vitus/floently-finnish/apps/backend/practice/data/cards/doctor_cards.json
doctor_3788,doctor,Terveyskirjastossa _____an myös lieventämään nenän tukkoisuutta nenäsuihkeilla,multiword_vocab_token,legacy,/home/vitus/floently-finnish/apps/backend/practice/data/cards/doctor_cards.json
doctor_3789,doctor,Terveyskirjastossa _____an myös lieventämään nenän tukkoisuutta nenäsuihkeilla,multiword_vocab_token,legacy,/home/vitus/floently-finnish/apps/backend/practice/data/cards/doctor_cards.json
doctor_3796,doctor,Terveyskirjastossa neuvotaan myös lieventämään nenän _____tta nenäsuihkeilla,multiword_vocab_token,legacy,/home/vitus/floently-finnish/apps/backend/practice/data/cards/doctor_cards.json
doctor_3797,doctor,Terveyskirjastossa neuvotaan myös lieventämään nenän _____tta nenäsuihkeilla,multiword_vocab_token,legacy,/home/vitus/floently-finnish/apps/backend/practice/data/cards/doctor_cards.json
doctor_3801,doctor,Terveyskirjastossa neuvotaan myös lieventämään nenän tukkoisuutta _____lla,multiword_vocab_token,legacy,/home/vitus/floently-finnish/apps/backend/practice/data/cards/doctor_cards.json
doctor_3802,doctor,Terveyskirjastossa neuvotaan myös lieventämään nenän tukkoisuutta _____lla,multiword_vocab_token,legacy,/home/vitus/floently-finnish/apps/backend/practice/data/cards/doctor_cards.json
doctor_3806,doctor,"Erityisesti _____ kirurgiassa on tärkeää, että lääkäri kertoo potilalle toimenpiteeseen liittyvistä riskeistä",multiword_vocab_token,legacy,/home/vitus/floently-finnish/apps/backend/practice/data/cards/doctor_cards.json
doctor_3807,doctor,"Erityisesti _____ kirurgiassa on tärkeää, että lääkäri kertoo potilalle toimenpiteeseen liittyvistä riskeistä",multiword_vocab_token,legacy,/home/vitus/floently-finnish/apps/backend/practice/data/cards/doctor_cards.json
doctor_3811,doctor,"Erityisesti elektiivisessä _____ on tärkeää, että lääkäri kertoo potilalle toimenpiteeseen liittyvistä riskeistä",multiword_vocab_token,legacy,/home/vitus/floently-finnish/apps/backend/practice/data/cards/doctor_cards.json
doctor_3812,doctor,"Erityisesti elektiivisessä _____ on tärkeää, että lääkäri kertoo potilalle toimenpiteeseen liittyvistä riskeistä",multiword_vocab_token,legacy,/home/vitus/floently-finnish/apps/backend/practice/data/cards/doctor_cards.json
doctor_3816,doctor,"Erityisesti elektiivisessä kirurgiassa on tärkeää, että lääkäri kertoo potilalle toimenpiteeseen liittyvistä _____",multiword_vocab_token,legacy,/home/vitus/floently-finnish/apps/backend/practice/data/cards/doctor_cards.json
doctor_3817,doctor,"Erityisesti elektiivisessä kirurgiassa on tärkeää, että lääkäri kertoo potilalle toimenpiteeseen liittyvistä _____",multiword_vocab_token,legacy,/home/vitus/floently-finnish/apps/backend/practice/data/cards/doctor_cards.json
doctor_3824,doctor,"Neurogeeninen tulehdus aiheuttaa _____ta, kudoksen heikentynyttä hapensaantia ja tulehdusvälittäjäaineiden aiheuttamia kudosvauriota",multiword_vocab_token,legacy,/home/vitus/floently-finnish/apps/backend/practice/data/cards/doctor_cards.json
doctor_3825,doctor,"Neurogeeninen tulehdus aiheuttaa _____ta, kudoksen heikentynyttä hapensaantia ja tulehdusvälittäjäaineiden aiheuttamia kudosvauriota",multiword_vocab_token,legacy,/home/vitus/floently-finnish/apps/backend/practice/data/cards/doctor_cards.json
doctor_3829,doctor,"Neurogeeninen tulehdus aiheuttaa kudosturvotusta, kudoksen _____ttä hapensaantia ja tulehdusvälittäjäaineiden aiheuttamia kudosvauriota",multiword_vocab_token,legacy,/home/vitus/floently-finnish/apps/backend/practice/data/cards/doctor_cards.json
doctor_3830,doctor,"Neurogeeninen tulehdus aiheuttaa kudosturvotusta, kudoksen _____ttä hapensaantia ja tulehdusvälittäjäaineiden aiheuttamia kudosvauriota",multiword_vocab_token,legacy,/home/vitus/floently-finnish/apps/backend/practice/data/cards/doctor_cards.json
doctor_3834,doctor,"Neurogeeninen tulehdus aiheuttaa kudosturvotusta, kudoksen heikentynyttä _____a ja tulehdusvälittäjäaineiden aiheuttamia kudosvauriota",multiword_vocab_token,legacy,/home/vitus/floently-finnish/apps/backend/practice/data/cards/doctor_cards.json
doctor_3835,doctor,"Neurogeeninen tulehdus aiheuttaa kudosturvotusta, kudoksen heikentynyttä _____a ja tulehdusvälittäjäaineiden aiheuttamia kudosvauriota",multiword_vocab_token,legacy,/home/vitus/floently-finnish/apps/backend/practice/data/cards/doctor_cards.json
doctor_3839,doctor,"Bakteerin _____n aivokalvontulehduksen tyypillisiä oireita ovat korkea kuume, kova päänsärky, niskajäykkyys, tajunnan häiriöt ja sekavuus",multiword_vocab_token,legacy,/home/vitus/floently-finnish/apps/backend/practice/data/cards/doctor_cards.json
doctor_3840,doctor,"Bakteerin _____n aivokalvontulehduksen tyypillisiä oireita ovat korkea kuume, kova päänsärky, niskajäykkyys, tajunnan häiriöt ja sekavuus",multiword_vocab_token,legacy,/home/vitus/floently-finnish/apps/backend/practice/data/cards/doctor_cards.json
doctor_3844,doctor,"Neurogeeninen tulehdus aiheuttaa kudosturvotusta, kudoksen heikentynyttä hapensaantia ja tulehdusvälittäjäaineiden aiheuttamia _____",multiword_vocab_token,legacy,/home/vitus/floently-finnish/apps/backend/practice/data/cards/doctor_cards.json
doctor_3845,doctor,"Neurogeeninen tulehdus aiheuttaa kudosturvotusta, kudoksen heikentynyttä hapensaantia ja tulehdusvälittäjäaineiden aiheuttamia _____",multiword_vocab_token,legacy,/home/vitus/floently-finnish/apps/backend/practice/data/cards/doctor_cards.json
doctor_3849,doctor,"Tutkimuksen mukaan _____lla on myönteisiä vaikutuksia haavoihin, tulehduksiin ja ihosairauksiin.[8]",digit_in_token|citation_artifact|multiword_vocab_token,legacy,/home/vitus/floently-finnish/apps/backend/practice/data/cards/doctor_cards.json
doctor_3850,doctor,"Tutkimuksen mukaan _____lla on myönteisiä vaikutuksia haavoihin, tulehduksiin ja ihosairauksiin.[8]",digit_in_token|citation_artifact|multiword_vocab_token,legacy,/home/vitus/floently-finnish/apps/backend/practice/data/cards/doctor_cards.json
doctor_3854,doctor,"Leikkausten aiheuttamiin ongelmiin kuuluvat muun muassa kontaminaatio, ommelsaumojen pettäminen[12] ja leikkausalueen infektiot, kuten pinnalliset _____infektiot, syvät _____infektiot, leikatun alueen infektiot[19]",digit_in_token|citation_artifact|multiword_vocab_token,legacy,/home/vitus/floently-finnish/apps/backend/practice/data/cards/doctor_cards.json
doctor_3855,doctor,"Leikkausten aiheuttamiin ongelmiin kuuluvat muun muassa kontaminaatio, ommelsaumojen pettäminen[12] ja leikkausalueen infektiot, kuten pinnalliset _____infektiot, syvät _____infektiot, leikatun alueen infektiot[19]",digit_in_token|citation_artifact|multiword_vocab_token,legacy,/home/vitus/floently-finnish/apps/backend/practice/data/cards/doctor_cards.json
doctor_3859,doctor,"Tutkimuksen mukaan voiteella on myönteisiä vaikutuksia haavoihin, _____in ja ihosairauksiin.[8]",digit_in_token|citation_artifact|multiword_vocab_token,legacy,/home/vitus/floently-finnish/apps/backend/practice/data/cards/doctor_cards.json
doctor_3860,doctor,"Tutkimuksen mukaan voiteella on myönteisiä vaikutuksia haavoihin, _____in ja ihosairauksiin.[8]",digit_in_token|citation_artifact|multiword_vocab_token,legacy,/home/vitus/floently-finnish/apps/backend/practice/data/cards/doctor_cards.json
doctor_3867,doctor,Leikkauksen aiheet vaihtelevat _____ henkeäpelastavista toimenpiteistä täysin kiireettömiin elämänlaadun mahdollista parantamista tavoitteleviin leikkauksiin,multiword_vocab_token,legacy,/home/vitus/floently-finnish/apps/backend/practice/data/cards/doctor_cards.json
doctor_3868,doctor,Leikkauksen aiheet vaihtelevat _____ henkeäpelastavista toimenpiteistä täysin kiireettömiin elämänlaadun mahdollista parantamista tavoitteleviin leikkauksiin,multiword_vocab_token,legacy,/home/vitus/floently-finnish/apps/backend/practice/data/cards/doctor_cards.json
doctor_3872,doctor,Leikkauksen aiheet vaihtelevat välittömistä _____ toimenpiteistä täysin kiireettömiin elämänlaadun mahdollista parantamista tavoitteleviin leikkauksiin,multiword_vocab_token,legacy,/home/vitus/floently-finnish/apps/backend/practice/data/cards/doctor_cards.json
doctor_3873,doctor,Leikkauksen aiheet vaihtelevat välittömistä _____ toimenpiteistä täysin kiireettömiin elämänlaadun mahdollista parantamista tavoitteleviin leikkauksiin,multiword_vocab_token,legacy,/home/vitus/floently-finnish/apps/backend/practice/data/cards/doctor_cards.json
doctor_3889,doctor,Matala-asteisen tulehduksen aikaansaama _____n aktivaatio laskee kipukynnystä etenkin naisilla,multiword_vocab_token,legacy,/home/vitus/floently-finnish/apps/backend/practice/data/cards/doctor_cards.json
doctor_3890,doctor,Matala-asteisen tulehduksen aikaansaama _____n aktivaatio laskee kipukynnystä etenkin naisilla,multiword_vocab_token,legacy,/home/vitus/floently-finnish/apps/backend/practice/data/cards/doctor_cards.json
doctor_3894,doctor,Matala-asteisen tulehduksen aikaansaama immuunijärjestelmän _____ laskee kipukynnystä etenkin naisilla,multiword_vocab_token,legacy,/home/vitus/floently-finnish/apps/backend/practice/data/cards/doctor_cards.json
doctor_3895,doctor,Matala-asteisen tulehduksen aikaansaama immuunijärjestelmän _____ laskee kipukynnystä etenkin naisilla,multiword_vocab_token,legacy,/home/vitus/floently-finnish/apps/backend/practice/data/cards/doctor_cards.json
doctor_3899,doctor,Matala-asteisen tulehduksen aikaansaama immuunijärjestelmän aktivaatio laskee _____ etenkin naisilla,multiword_vocab_token,legacy,/home/vitus/floently-finnish/apps/backend/practice/data/cards/doctor_cards.json
doctor_3900,doctor,Matala-asteisen tulehduksen aikaansaama immuunijärjestelmän aktivaatio laskee _____ etenkin naisilla,multiword_vocab_token,legacy,/home/vitus/floently-finnish/apps/backend/practice/data/cards/doctor_cards.json
doctor_3904,doctor,"Riskinä olivat myös päihdeongelmat, joiden esiintyminen korostui _____lla, joilla oli eniten oireita nuorena",multiword_vocab_token,legacy,/home/vitus/floently-finnish/apps/backend/practice/data/cards/doctor_cards.json
doctor_3905,doctor,"Riskinä olivat myös päihdeongelmat, joiden esiintyminen korostui _____lla, joilla oli eniten oireita nuorena",multiword_vocab_token,legacy,/home/vitus/floently-finnish/apps/backend/practice/data/cards/doctor_cards.json
doctor_3912,doctor,Hoitolinjaa valittaessa tulee pohtia ovatko _____lla toimenpiteellä saavutetut tulokset suuremmat kuin toimenpiteeseen liittyvät riskit,multiword_vocab_token,legacy,/home/vitus/floently-finnish/apps/backend/practice/data/cards/doctor_cards.json
doctor_3913,doctor,Hoitolinjaa valittaessa tulee pohtia ovatko _____lla toimenpiteellä saavutetut tulokset suuremmat kuin toimenpiteeseen liittyvät riskit,multiword_vocab_token,legacy,/home/vitus/floently-finnish/apps/backend/practice/data/cards/doctor_cards.json
doctor_3917,doctor,Hoitolinjaa valittaessa tulee pohtia ovatko kirurgisella _____ saavutetut tulokset suuremmat kuin toimenpiteeseen liittyvät riskit,multiword_vocab_token,legacy,/home/vitus/floently-finnish/apps/backend/practice/data/cards/doctor_cards.json
doctor_3918,doctor,Hoitolinjaa valittaessa tulee pohtia ovatko kirurgisella _____ saavutetut tulokset suuremmat kuin toimenpiteeseen liittyvät riskit,multiword_vocab_token,legacy,/home/vitus/floently-finnish/apps/backend/practice/data/cards/doctor_cards.json
doctor_3922,doctor,Hoitolinjaa valittaessa tulee pohtia ovatko kirurgisella toimenpiteellä _____ tulokset suuremmat kuin toimenpiteeseen liittyvät riskit,multiword_vocab_token,legacy,/home/vitus/floently-finnish/apps/backend/practice/data/cards/doctor_cards.json
doctor_3923,doctor,Hoitolinjaa valittaessa tulee pohtia ovatko kirurgisella toimenpiteellä _____ tulokset suuremmat kuin toimenpiteeseen liittyvät riskit,multiword_vocab_token,legacy,/home/vitus/floently-finnish/apps/backend/practice/data/cards/doctor_cards.json
doctor_3927,doctor,Hoitolinjaa valittaessa tulee pohtia ovatko kirurgisella toimenpiteellä saavutetut tulokset _____ kuin toimenpiteeseen liittyvät riskit,multiword_vocab_token,legacy,/home/vitus/floently-finnish/apps/backend/practice/data/cards/doctor_cards.json
doctor_3928,doctor,Hoitolinjaa valittaessa tulee pohtia ovatko kirurgisella toimenpiteellä saavutetut tulokset _____ kuin toimenpiteeseen liittyvät riskit,multiword_vocab_token,legacy,/home/vitus/floently-finnish/apps/backend/practice/data/cards/doctor_cards.json
doctor_3932,doctor,"Syöpäsairauksia hoidetaan muun muassa lääkkein (kemoterapia), _____, sädehoidolla tai poistamalla kasvaimet kirurgisesti",multiword_vocab_token,legacy,/home/vitus/floently-finnish/apps/backend/practice/data/cards/doctor_cards.json
doctor_3933,doctor,"Syöpäsairauksia hoidetaan muun muassa lääkkein (kemoterapia), _____, sädehoidolla tai poistamalla kasvaimet kirurgisesti",multiword_vocab_token,legacy,/home/vitus/floently-finnish/apps/backend/practice/data/cards/doctor_cards.json
doctor_3937,doctor,"Syöpäsairauksia hoidetaan muun muassa lääkkein (kemoterapia), hormonihoidolla, _____ tai poistamalla kasvaimet kirurgisesti",multiword_vocab_token,legacy,/home/vitus/floently-finnish/apps/backend/practice/data/cards/doctor_cards.json
doctor_3938,doctor,"Syöpäsairauksia hoidetaan muun muassa lääkkein (kemoterapia), hormonihoidolla, _____ tai poistamalla kasvaimet kirurgisesti",multiword_vocab_token,legacy,/home/vitus/floently-finnish/apps/backend/practice/data/cards/doctor_cards.json
doctor_3948,doctor,"χειρουργία < χείρ 'käsi + έργον 'työ') on lääketieteen ala, jossa sairauksia, vammoja, kasvaimia tai epämuodostumia hoidetaan _____ avulla",multiword_vocab_token,legacy,/home/vitus/floently-finnish/apps/backend/practice/data/cards/doctor_cards.json
doctor_3949,doctor,"χειρουργία < χείρ 'käsi + έργον 'työ') on lääketieteen ala, jossa sairauksia, vammoja, kasvaimia tai epämuodostumia hoidetaan _____ avulla",multiword_vocab_token,legacy,/home/vitus/floently-finnish/apps/backend/practice/data/cards/doctor_cards.json
doctor_3953,doctor,"Leikkausten _____ ongelmiin kuuluvat muun muassa kontaminaatio, ommelsaumojen pettäminen[12] ja leikkausalueen infektiot, kuten pinnalliset haavainfektiot, syvät haavainfektiot, leikatun alueen infektiot[19]",digit_in_token|citation_artifact|multiword_vocab_token,legacy,/home/vitus/floently-finnish/apps/backend/practice/data/cards/doctor_cards.json
doctor_3954,doctor,"Leikkausten _____ ongelmiin kuuluvat muun muassa kontaminaatio, ommelsaumojen pettäminen[12] ja leikkausalueen infektiot, kuten pinnalliset haavainfektiot, syvät haavainfektiot, leikatun alueen infektiot[19]",digit_in_token|citation_artifact|multiword_vocab_token,legacy,/home/vitus/floently-finnish/apps/backend/practice/data/cards/doctor_cards.json
doctor_3958,doctor,"Leikkausten aiheuttamiin ongelmiin kuuluvat muun muassa _____, ommelsaumojen pettäminen[12] ja leikkausalueen infektiot, kuten pinnalliset haavainfektiot, syvät haavainfektiot, leikatun alueen infektiot[19]",digit_in_token|citation_artifact|multiword_vocab_token,legacy,/home/vitus/floently-finnish/apps/backend/practice/data/cards/doctor_cards.json
doctor_3959,doctor,"Leikkausten aiheuttamiin ongelmiin kuuluvat muun muassa _____, ommelsaumojen pettäminen[12] ja leikkausalueen infektiot, kuten pinnalliset haavainfektiot, syvät haavainfektiot, leikatun alueen infektiot[19]",digit_in_token|citation_artifact|multiword_vocab_token,legacy,/home/vitus/floently-finnish/apps/backend/practice/data/cards/doctor_cards.json
doctor_3966,doctor,"Kirurgiset toimenpiteet luokitellaan puhtaisiin (pl 1), puhtaisiin kontaminoituneisiin (pl 2), kontaminoituneisiin (pl3) ja likaisiin (pl4) riippuen siitä, avataanko kontaminoivia rakenteita, kuten maha-suolikanavaa, virtsateitä ja hengitysteitä, ja onko potilaalla toimenpiteen aikana _____ tai levinnyttä infektiota",digit_in_token|multiword_vocab_token,legacy,/home/vitus/floently-finnish/apps/backend/practice/data/cards/doctor_cards.json
doctor_3967,doctor,"Kirurgiset toimenpiteet luokitellaan puhtaisiin (pl 1), puhtaisiin kontaminoituneisiin (pl 2), kontaminoituneisiin (pl3) ja likaisiin (pl4) riippuen siitä, avataanko kontaminoivia rakenteita, kuten maha-suolikanavaa, virtsateitä ja hengitysteitä, ja onko potilaalla toimenpiteen aikana _____ tai levinnyttä infektiota",digit_in_token|multiword_vocab_token,legacy,/home/vitus/floently-finnish/apps/backend/practice/data/cards/doctor_cards.json
doctor_3974,doctor,"Sairauksia, niiden hoitoa ja ehkäi_____ laajana kokonaisuutena tutkii lääketiede, joka koostuu useista lääketieteen erikoisaloista.",multiword_vocab_token,legacy,/home/vitus/floently-finnish/apps/backend/practice/data/cards/doctor_cards.json
doctor_3975,doctor,"Sairauksia, niiden hoitoa ja ehkäi_____ laajana kokonaisuutena tutkii lääketiede, joka koostuu useista lääketieteen erikoisaloista.",multiword_vocab_token,legacy,/home/vitus/floently-finnish/apps/backend/practice/data/cards/doctor_cards.json
doctor_3982,doctor,Veren _____in vaikuttavat ainakin reniini-angiotensiinijärjestelmä ja antidiureettinen hormoni (ADH) eli vasopressiini.[24],digit_in_token|citation_artifact|multiword_vocab_token,legacy,/home/vitus/floently-finnish/apps/backend/practice/data/cards/doctor_cards.json
doctor_3983,doctor,Veren _____in vaikuttavat ainakin reniini-angiotensiinijärjestelmä ja antidiureettinen hormoni (ADH) eli vasopressiini.[24],digit_in_token|citation_artifact|multiword_vocab_token,legacy,/home/vitus/floently-finnish/apps/backend/practice/data/cards/doctor_cards.json
doctor_3987,doctor,Veren kokonaisvoluumiin vaikuttavat ainakin reniini-angiotensiinijärjestelmä ja _____ hormoni (ADH) eli vasopressiini.[24],digit_in_token|citation_artifact|multiword_vocab_token,legacy,/home/vitus/floently-finnish/apps/backend/practice/data/cards/doctor_cards.json
doctor_3988,doctor,Veren kokonaisvoluumiin vaikuttavat ainakin reniini-angiotensiinijärjestelmä ja _____ hormoni (ADH) eli vasopressiini.[24],digit_in_token|citation_artifact|multiword_vocab_token,legacy,/home/vitus/floently-finnish/apps/backend/practice/data/cards/doctor_cards.json
doctor_3992,doctor,Tutkimuksen aineisto perustuu vanhemmille tehtyyn kyselyyn nuorten _____d-oireista sekä kaksikymmentä vuotta kestäneeseen rekisteriseurantaan nuorten myöhemmistä psykiatrisista diagnooseista.,multiword_vocab_token,legacy,/home/vitus/floently-finnish/apps/backend/practice/data/cards/doctor_cards.json
doctor_3993,doctor,Tutkimuksen aineisto perustuu vanhemmille tehtyyn kyselyyn nuorten _____d-oireista sekä kaksikymmentä vuotta kestäneeseen rekisteriseurantaan nuorten myöhemmistä psykiatrisista diagnooseista.,multiword_vocab_token,legacy,/home/vitus/floently-finnish/apps/backend/practice/data/cards/doctor_cards.json
doctor_4000,doctor,Niiden mukaan lääkärit ovat lähteneet kokeiluun mukaan hyvin _____sti.,multiword_vocab_token,legacy,/home/vitus/floently-finnish/apps/backend/practice/data/cards/doctor_cards.json
doctor_4001,doctor,Niiden mukaan lääkärit ovat lähteneet kokeiluun mukaan hyvin _____sti.,multiword_vocab_token,legacy,/home/vitus/floently-finnish/apps/backend/practice/data/cards/doctor_cards.json
doctor_4005,doctor,Eri maissa on kuitenkin vaihtelevia käytäntöjä esimerkiksi siinä kuinka paljon _____tä tehdään opiskeluaikana.,multiword_vocab_token,legacy,/home/vitus/floently-finnish/apps/backend/practice/data/cards/doctor_cards.json
doctor_4006,doctor,Eri maissa on kuitenkin vaihtelevia käytäntöjä esimerkiksi siinä kuinka paljon _____tä tehdään opiskeluaikana.,multiword_vocab_token,legacy,/home/vitus/floently-finnish/apps/backend/practice/data/cards/doctor_cards.json
doctor_4010,doctor,Eri maissa on kuitenkin vaihtelevia käytäntöjä esimerkiksi siinä kuinka paljon potilastyötä tehdään _____na.,multiword_vocab_token,legacy,/home/vitus/floently-finnish/apps/backend/practice/data/cards/doctor_cards.json
doctor_4011,doctor,Eri maissa on kuitenkin vaihtelevia käytäntöjä esimerkiksi siinä kuinka paljon potilastyötä tehdään _____na.,multiword_vocab_token,legacy,/home/vitus/floently-finnish/apps/backend/practice/data/cards/doctor_cards.json
doctor_4015,doctor,Se voi _____ lääkäreiden työllistämistä varsinkin kun hyvinvointialueilla on jo nyt taloudellisesti tiukkaa.,multiword_vocab_token,legacy,/home/vitus/floently-finnish/apps/backend/practice/data/cards/doctor_cards.json
doctor_4016,doctor,Se voi _____ lääkäreiden työllistämistä varsinkin kun hyvinvointialueilla on jo nyt taloudellisesti tiukkaa.,multiword_vocab_token,legacy,/home/vitus/floently-finnish/apps/backend/practice/data/cards/doctor_cards.json
doctor_4020,doctor,Se voi vaikeuttaa lääkäreiden _____ varsinkin kun hyvinvointialueilla on jo nyt taloudellisesti tiukkaa.,multiword_vocab_token,legacy,/home/vitus/floently-finnish/apps/backend/practice/data/cards/doctor_cards.json
doctor_4021,doctor,Se voi vaikeuttaa lääkäreiden _____ varsinkin kun hyvinvointialueilla on jo nyt taloudellisesti tiukkaa.,multiword_vocab_token,legacy,/home/vitus/floently-finnish/apps/backend/practice/data/cards/doctor_cards.json
doctor_4025,doctor,Se voi vaikeuttaa lääkäreiden työllistämistä varsinkin kun _____lla on jo nyt taloudellisesti tiukkaa.,multiword_vocab_token,legacy,/home/vitus/floently-finnish/apps/backend/practice/data/cards/doctor_cards.json
doctor_4026,doctor,Se voi vaikeuttaa lääkäreiden työllistämistä varsinkin kun _____lla on jo nyt taloudellisesti tiukkaa.,multiword_vocab_token,legacy,/home/vitus/floently-finnish/apps/backend/practice/data/cards/doctor_cards.json
doctor_4030,doctor,Se voi vaikeuttaa lääkäreiden työllistämistä varsinkin kun hyvinvointialueilla on jo nyt taloudellisesti _____a.,multiword_vocab_token,legacy,/home/vitus/floently-finnish/apps/backend/practice/data/cards/doctor_cards.json
doctor_4031,doctor,Se voi vaikeuttaa lääkäreiden työllistämistä varsinkin kun hyvinvointialueilla on jo nyt taloudellisesti _____a.,multiword_vocab_token,legacy,/home/vitus/floently-finnish/apps/backend/practice/data/cards/doctor_cards.json
doctor_4035,doctor,Sädehoitoa käytetään _____ syövän hoidossa myös kipuja lievittämässä.lähde?,multiword_vocab_token,legacy,/home/vitus/floently-finnish/apps/backend/practice/data/cards/doctor_cards.json
doctor_4036,doctor,Sädehoitoa käytetään _____ syövän hoidossa myös kipuja lievittämässä.lähde?,multiword_vocab_token,legacy,/home/vitus/floently-finnish/apps/backend/practice/data/cards/doctor_cards.json
doctor_4040,doctor,Sädehoitoa käytetään loppuvaiheen syövän _____ myös kipuja lievittämässä.lähde?,multiword_vocab_token,legacy,/home/vitus/floently-finnish/apps/backend/practice/data/cards/doctor_cards.json
doctor_4041,doctor,Sädehoitoa käytetään loppuvaiheen syövän _____ myös kipuja lievittämässä.lähde?,multiword_vocab_token,legacy,/home/vitus/floently-finnish/apps/backend/practice/data/cards/doctor_cards.json
doctor_4051,doctor,Hammasperäinen tulehdus lisää valtimokovettumataudin riskiä ja saattaa johtaa _____ eli paiseeseen ja yleisinfektioon bakteereiden levitessä verenkiertoon[32].,digit_in_token|citation_artifact|multiword_vocab_token,legacy,/home/vitus/floently-finnish/apps/backend/practice/data/cards/doctor_cards.json
doctor_4052,doctor,Hammasperäinen tulehdus lisää valtimokovettumataudin riskiä ja saattaa johtaa _____ eli paiseeseen ja yleisinfektioon bakteereiden levitessä verenkiertoon[32].,digit_in_token|citation_artifact|multiword_vocab_token,legacy,/home/vitus/floently-finnish/apps/backend/practice/data/cards/doctor_cards.json
doctor_4059,doctor,Hammasperäinen tulehdus lisää valtimokovettumataudin riskiä ja saattaa johtaa märkäpesäkkeeseen eli paiseeseen ja _____on bakteereiden levitessä verenkiertoon[32].,digit_in_token|citation_artifact|multiword_vocab_token,legacy,/home/vitus/floently-finnish/apps/backend/practice/data/cards/doctor_cards.json
doctor_4060,doctor,Hammasperäinen tulehdus lisää valtimokovettumataudin riskiä ja saattaa johtaa märkäpesäkkeeseen eli paiseeseen ja _____on bakteereiden levitessä verenkiertoon[32].,digit_in_token|citation_artifact|multiword_vocab_token,legacy,/home/vitus/floently-finnish/apps/backend/practice/data/cards/doctor_cards.json
doctor_4067,doctor,Hammasperäinen tulehdus lisää valtimokovettumataudin riskiä ja saattaa johtaa märkäpesäkkeeseen eli paiseeseen ja yleisinfektioon bakteereiden _____ verenkiertoon[32].,digit_in_token|citation_artifact|multiword_vocab_token,legacy,/home/vitus/floently-finnish/apps/backend/practice/data/cards/doctor_cards.json
doctor_4068,doctor,Hammasperäinen tulehdus lisää valtimokovettumataudin riskiä ja saattaa johtaa märkäpesäkkeeseen eli paiseeseen ja yleisinfektioon bakteereiden _____ verenkiertoon[32].,digit_in_token|citation_artifact|multiword_vocab_token,legacy,/home/vitus/floently-finnish/apps/backend/practice/data/cards/doctor_cards.json
doctor_4072,doctor,"Hämeenlinnan _____n terveystarkastaja Sanna Tuomi kertoo sähköpostitse, että raa’assa lihassa voi esiintyä ruokamyrkytyksiä aiheuttavaa salmonellaa ja kampylobakteereita.",multiword_vocab_token,legacy,/home/vitus/floently-finnish/apps/backend/practice/data/cards/doctor_cards.json
doctor_4073,doctor,"Hämeenlinnan _____n terveystarkastaja Sanna Tuomi kertoo sähköpostitse, että raa’assa lihassa voi esiintyä ruokamyrkytyksiä aiheuttavaa salmonellaa ja kampylobakteereita.",multiword_vocab_token,legacy,/home/vitus/floently-finnish/apps/backend/practice/data/cards/doctor_cards.json
doctor_4077,doctor,"Hämeenlinnan terveysvalvonnan _____ Sanna Tuomi kertoo sähköpostitse, että raa’assa lihassa voi esiintyä ruokamyrkytyksiä aiheuttavaa salmonellaa ja kampylobakteereita.",multiword_vocab_token,legacy,/home/vitus/floently-finnish/apps/backend/practice/data/cards/doctor_cards.json
doctor_4078,doctor,"Hämeenlinnan terveysvalvonnan _____ Sanna Tuomi kertoo sähköpostitse, että raa’assa lihassa voi esiintyä ruokamyrkytyksiä aiheuttavaa salmonellaa ja kampylobakteereita.",multiword_vocab_token,legacy,/home/vitus/floently-finnish/apps/backend/practice/data/cards/doctor_cards.json
doctor_4082,doctor,Muutamassa toteutetussa tutkimuksissa on löydetty viitteitä kirurgisiinkin ope_____tioihin liittyvästä plasebovaikutuksesta,multiword_vocab_token,legacy,/home/vitus/floently-finnish/apps/backend/practice/data/cards/doctor_cards.json
doctor_4083,doctor,Muutamassa toteutetussa tutkimuksissa on löydetty viitteitä kirurgisiinkin ope_____tioihin liittyvästä plasebovaikutuksesta,multiword_vocab_token,legacy,/home/vitus/floently-finnish/apps/backend/practice/data/cards/doctor_cards.json
doctor_4087,doctor,"Tämä on länsimaissa vallitseva kehityssuunta, joka lisää lääkinnän ja lääketieteen toiminta-alaa yhteiskunn_____ ja muuttaa terveyden edistämisen ja lääketieteelliset toimenpiteet ihmiselämän keskeiseksi asiaksi.",multiword_vocab_token,legacy,/home/vitus/floently-finnish/apps/backend/practice/data/cards/doctor_cards.json
doctor_4088,doctor,"Tämä on länsimaissa vallitseva kehityssuunta, joka lisää lääkinnän ja lääketieteen toiminta-alaa yhteiskunn_____ ja muuttaa terveyden edistämisen ja lääketieteelliset toimenpiteet ihmiselämän keskeiseksi asiaksi.",multiword_vocab_token,legacy,/home/vitus/floently-finnish/apps/backend/practice/data/cards/doctor_cards.json
doctor_4092,doctor,Myös pitkäkestoinen refluksitauti ja _____vuus lisäävät ruokatorven adenokarsinoomien vaaraa,multiword_vocab_token,legacy,/home/vitus/floently-finnish/apps/backend/practice/data/cards/doctor_cards.json
doctor_4093,doctor,Myös pitkäkestoinen refluksitauti ja _____vuus lisäävät ruokatorven adenokarsinoomien vaaraa,multiword_vocab_token,legacy,/home/vitus/floently-finnish/apps/backend/practice/data/cards/doctor_cards.json
doctor_4103,doctor,"Hämeenlinnan terveysvalvonnan terveystarkastaja Sanna Tuomi kertoo sähköpostitse, että raa’assa lihassa voi esiintyä ruokamyrkytyksiä aiheuttavaa _____a ja kampylobakteereita.",multiword_vocab_token,legacy,/home/vitus/floently-finnish/apps/backend/practice/data/cards/doctor_cards.json
doctor_4104,doctor,"Hämeenlinnan terveysvalvonnan terveystarkastaja Sanna Tuomi kertoo sähköpostitse, että raa’assa lihassa voi esiintyä ruokamyrkytyksiä aiheuttavaa _____a ja kampylobakteereita.",multiword_vocab_token,legacy,/home/vitus/floently-finnish/apps/backend/practice/data/cards/doctor_cards.json
doctor_4108,doctor,"Hämeenlinnan terveysvalvonnan terveystarkastaja Sanna Tuomi kertoo sähköpostitse, että raa’assa lihassa voi esiintyä ruokamyrkytyksiä aiheuttavaa salmonellaa ja _____ita.",multiword_vocab_token,legacy,/home/vitus/floently-finnish/apps/backend/practice/data/cards/doctor_cards.json
doctor_4109,doctor,"Hämeenlinnan terveysvalvonnan terveystarkastaja Sanna Tuomi kertoo sähköpostitse, että raa’assa lihassa voi esiintyä ruokamyrkytyksiä aiheuttavaa salmonellaa ja _____ita.",multiword_vocab_token,legacy,/home/vitus/floently-finnish/apps/backend/practice/data/cards/doctor_cards.json
doctor_4113,doctor,"Yle ei julkaise naisen nimeä, koska jutussa _____llään hänen terveystietojaan",multiword_vocab_token,legacy,/home/vitus/floently-finnish/apps/backend/practice/data/cards/doctor_cards.json
doctor_4114,doctor,"Yle ei julkaise naisen nimeä, koska jutussa _____llään hänen terveystietojaan",multiword_vocab_token,legacy,/home/vitus/floently-finnish/apps/backend/practice/data/cards/doctor_cards.json
doctor_4118,doctor,"Erotusdiagnoosi on käsite, jota käytetään tiettyä tautia _____ssa sisältäen ne vaihtoehdot, jotka voisivat myös samantapaisella oireistolla tulla kyseeseen",multiword_vocab_token,legacy,/home/vitus/floently-finnish/apps/backend/practice/data/cards/doctor_cards.json
doctor_4119,doctor,"Erotusdiagnoosi on käsite, jota käytetään tiettyä tautia _____ssa sisältäen ne vaihtoehdot, jotka voisivat myös samantapaisella oireistolla tulla kyseeseen",multiword_vocab_token,legacy,/home/vitus/floently-finnish/apps/backend/practice/data/cards/doctor_cards.json
doctor_4123,doctor,"Erotusdiagnoosi on käsite, jota käytetään tiettyä tautia haettaessa _____ ne vaihtoehdot, jotka voisivat myös samantapaisella oireistolla tulla kyseeseen",multiword_vocab_token,legacy,/home/vitus/floently-finnish/apps/backend/practice/data/cards/doctor_cards.json
doctor_4124,doctor,"Erotusdiagnoosi on käsite, jota käytetään tiettyä tautia haettaessa _____ ne vaihtoehdot, jotka voisivat myös samantapaisella oireistolla tulla kyseeseen",multiword_vocab_token,legacy,/home/vitus/floently-finnish/apps/backend/practice/data/cards/doctor_cards.json
doctor_4131,doctor,"Erotusdiagnoosi on käsite, jota käytetään tiettyä tautia haettaessa sisältäen ne vaihtoehdot, jotka voisivat myös samantapaisella _____ tulla kyseeseen",multiword_vocab_token,legacy,/home/vitus/floently-finnish/apps/backend/practice/data/cards/doctor_cards.json
doctor_4132,doctor,"Erotusdiagnoosi on käsite, jota käytetään tiettyä tautia haettaessa sisältäen ne vaihtoehdot, jotka voisivat myös samantapaisella _____ tulla kyseeseen",multiword_vocab_token,legacy,/home/vitus/floently-finnish/apps/backend/practice/data/cards/doctor_cards.json
doctor_4139,doctor,Elektiivisiin leikkauksiin kuuluu muun muassa erilaisten _____ vaarantavien terveysongelmien korjaaminen.[5],digit_in_token|citation_artifact|multiword_vocab_token,legacy,/home/vitus/floently-finnish/apps/backend/practice/data/cards/doctor_cards.json
doctor_4140,doctor,Elektiivisiin leikkauksiin kuuluu muun muassa erilaisten _____ vaarantavien terveysongelmien korjaaminen.[5],digit_in_token|citation_artifact|multiword_vocab_token,legacy,/home/vitus/floently-finnish/apps/backend/practice/data/cards/doctor_cards.json
doctor_4144,doctor,Elektiivisiin leikkauksiin kuuluu muun muassa erilaisten ei-henkeä _____en terveysongelmien korjaaminen.[5],digit_in_token|citation_artifact|multiword_vocab_token,legacy,/home/vitus/floently-finnish/apps/backend/practice/data/cards/doctor_cards.json
doctor_4145,doctor,Elektiivisiin leikkauksiin kuuluu muun muassa erilaisten ei-henkeä _____en terveysongelmien korjaaminen.[5],digit_in_token|citation_artifact|multiword_vocab_token,legacy,/home/vitus/floently-finnish/apps/backend/practice/data/cards/doctor_cards.json
doctor_4149,doctor,"Lääkäri _____, että lihavuutta ei pitäisi hoitaa pelkästään lääkekuurilla.",multiword_vocab_token,legacy,/home/vitus/floently-finnish/apps/backend/practice/data/cards/doctor_cards.json
doctor_4150,doctor,"Lääkäri _____, että lihavuutta ei pitäisi hoitaa pelkästään lääkekuurilla.",multiword_vocab_token,legacy,/home/vitus/floently-finnish/apps/backend/practice/data/cards/doctor_cards.json
doctor_4154,doctor,public,english_noise_token,legacy,/home/vitus/floently-finnish/apps/backend/practice/data/cards/doctor_cards.json
doctor_4155,doctor,public,english_noise_token,legacy,/home/vitus/floently-finnish/apps/backend/practice/data/cards/doctor_cards.json
doctor_4156,doctor,public,english_noise_token,legacy,/home/vitus/floently-finnish/apps/backend/practice/data/cards/doctor_cards.json
doctor_4157,doctor,Secondly: _____ health.,multiword_vocab_token,legacy,/home/vitus/floently-finnish/apps/backend/practice/data/cards/doctor_cards.json
doctor_4158,doctor,Secondly: _____ health.,multiword_vocab_token,legacy,/home/vitus/floently-finnish/apps/backend/practice/data/cards/doctor_cards.json
doctor_4159,doctor,health,english_noise_token,legacy,/home/vitus/floently-finnish/apps/backend/practice/data/cards/doctor_cards.json
doctor_4160,doctor,health,english_noise_token,legacy,/home/vitus/floently-finnish/apps/backend/practice/data/cards/doctor_cards.json
doctor_4161,doctor,health,english_noise_token,legacy,/home/vitus/floently-finnish/apps/backend/practice/data/cards/doctor_cards.json
doctor_4162,doctor,Secondly: public _____.,multiword_vocab_token,legacy,/home/vitus/floently-finnish/apps/backend/practice/data/cards/doctor_cards.json
doctor_4163,doctor,Secondly: public _____.,multiword_vocab_token,legacy,/home/vitus/floently-finnish/apps/backend/practice/data/cards/doctor_cards.json
doctor_4170,doctor,Renessanssin aikana lääketieteen edustajat alkoivat hiljalleen tutkia _____ta ruumiinavauksin,multiword_vocab_token,legacy,/home/vitus/floently-finnish/apps/backend/practice/data/cards/doctor_cards.json
doctor_4171,doctor,Renessanssin aikana lääketieteen edustajat alkoivat hiljalleen tutkia _____ta ruumiinavauksin,multiword_vocab_token,legacy,/home/vitus/floently-finnish/apps/backend/practice/data/cards/doctor_cards.json
doctor_4181,doctor,Vuorotyö lisää etenkin _____n riskiä naisilla.[38],digit_in_token|citation_artifact|multiword_vocab_token,legacy,/home/vitus/floently-finnish/apps/backend/practice/data/cards/doctor_cards.json
doctor_4182,doctor,Vuorotyö lisää etenkin _____n riskiä naisilla.[38],digit_in_token|citation_artifact|multiword_vocab_token,legacy,/home/vitus/floently-finnish/apps/backend/practice/data/cards/doctor_cards.json
doctor_4186,doctor,Takapenkillä istuvalle pojalle tuli muun muassa aivojen ruhje_____ ja rintarangan murtuma.,multiword_vocab_token,legacy,/home/vitus/floently-finnish/apps/backend/practice/data/cards/doctor_cards.json
doctor_4187,doctor,Takapenkillä istuvalle pojalle tuli muun muassa aivojen ruhje_____ ja rintarangan murtuma.,multiword_vocab_token,legacy,/home/vitus/floently-finnish/apps/backend/practice/data/cards/doctor_cards.json
doctor_4194,doctor,Suomea vaivannut lääkäripula onkin kääntymässä _____ runsauteen,multiword_vocab_token,legacy,/home/vitus/floently-finnish/apps/backend/practice/data/cards/doctor_cards.json
doctor_4195,doctor,Suomea vaivannut lääkäripula onkin kääntymässä _____ runsauteen,multiword_vocab_token,legacy,/home/vitus/floently-finnish/apps/backend/practice/data/cards/doctor_cards.json
doctor_4211,doctor,"Riski lisääntyy niin paljon, että yli 95 % _____a sairastavista ja noin 80 % reaktiivista niveltulehdusta sairastavista kantaa HLA-B27 kudosantigeenia",digit_in_token|multiword_vocab_token,legacy,/home/vitus/floently-finnish/apps/backend/practice/data/cards/doctor_cards.json
doctor_4212,doctor,"Riski lisääntyy niin paljon, että yli 95 % _____a sairastavista ja noin 80 % reaktiivista niveltulehdusta sairastavista kantaa HLA-B27 kudosantigeenia",digit_in_token|multiword_vocab_token,legacy,/home/vitus/floently-finnish/apps/backend/practice/data/cards/doctor_cards.json
doctor_4216,doctor,"Riski lisääntyy niin paljon, että yli 95 % selkärankareumaa sairastavista ja noin 80 % _____sta niveltulehdusta sairastavista kantaa HLA-B27 kudosantigeenia",digit_in_token|multiword_vocab_token,legacy,/home/vitus/floently-finnish/apps/backend/practice/data/cards/doctor_cards.json
doctor_4217,doctor,"Riski lisääntyy niin paljon, että yli 95 % selkärankareumaa sairastavista ja noin 80 % _____sta niveltulehdusta sairastavista kantaa HLA-B27 kudosantigeenia",digit_in_token|multiword_vocab_token,legacy,/home/vitus/floently-finnish/apps/backend/practice/data/cards/doctor_cards.json
doctor_4224,doctor,"Riski lisääntyy niin paljon, että yli 95 % selkärankareumaa sairastavista ja noin 80 % reaktiivista niveltulehdusta sairastavista kantaa HLA-B27 _____a",digit_in_token|multiword_vocab_token,legacy,/home/vitus/floently-finnish/apps/backend/practice/data/cards/doctor_cards.json
doctor_4225,doctor,"Riski lisääntyy niin paljon, että yli 95 % selkärankareumaa sairastavista ja noin 80 % reaktiivista niveltulehdusta sairastavista kantaa HLA-B27 _____a",digit_in_token|multiword_vocab_token,legacy,/home/vitus/floently-finnish/apps/backend/practice/data/cards/doctor_cards.json
doctor_4232,doctor,"On kuitenkin havaittu, että täsmälleen sama _____ saattaa johtaa miespotilaiden kohdalla naispotilaita useammin oikeaan diagnoosiin",multiword_vocab_token,legacy,/home/vitus/floently-finnish/apps/backend/practice/data/cards/doctor_cards.json
doctor_4233,doctor,"On kuitenkin havaittu, että täsmälleen sama _____ saattaa johtaa miespotilaiden kohdalla naispotilaita useammin oikeaan diagnoosiin",multiword_vocab_token,legacy,/home/vitus/floently-finnish/apps/backend/practice/data/cards/doctor_cards.json
doctor_4243,doctor,Esimerkkinä eräitä nivelreuman erotus_____eja ovat nivelrikko ja reaktiivinen niveltulehdus.,multiword_vocab_token,legacy,/home/vitus/floently-finnish/apps/backend/practice/data/cards/doctor_cards.json
doctor_4244,doctor,Esimerkkinä eräitä nivelreuman erotus_____eja ovat nivelrikko ja reaktiivinen niveltulehdus.,multiword_vocab_token,legacy,/home/vitus/floently-finnish/apps/backend/practice/data/cards/doctor_cards.json
doctor_4251,doctor,Aivotoiminnan _____ johtuu ainakin osaksi taudinaiheuttajien ja tulehdusvasteen aiheuttamista aivovaikutuksista.[36],digit_in_token|citation_artifact|multiword_vocab_token,legacy,/home/vitus/floently-finnish/apps/backend/practice/data/cards/doctor_cards.json
doctor_4252,doctor,Aivotoiminnan _____ johtuu ainakin osaksi taudinaiheuttajien ja tulehdusvasteen aiheuttamista aivovaikutuksista.[36],digit_in_token|citation_artifact|multiword_vocab_token,legacy,/home/vitus/floently-finnish/apps/backend/practice/data/cards/doctor_cards.json
doctor_4256,doctor,"Tulehdus alkaa sen jälkeen, kun elimistön immuunipuolustusjärjestelmä on havainnut solujen vaurioitumisen tai _____a taikka ärsytystä aiheuttavia vierasaineita.[12]",digit_in_token|citation_artifact|multiword_vocab_token,legacy,/home/vitus/floently-finnish/apps/backend/practice/data/cards/doctor_cards.json
doctor_4257,doctor,"Tulehdus alkaa sen jälkeen, kun elimistön immuunipuolustusjärjestelmä on havainnut solujen vaurioitumisen tai _____a taikka ärsytystä aiheuttavia vierasaineita.[12]",digit_in_token|citation_artifact|multiword_vocab_token,legacy,/home/vitus/floently-finnish/apps/backend/practice/data/cards/doctor_cards.json
doctor_4264,doctor,Aivotoiminnan häriintyminen johtuu ainakin osaksi taudinaiheuttajien ja tulehdusvasteen _____ aivovaikutuksista.[36],digit_in_token|citation_artifact|multiword_vocab_token,legacy,/home/vitus/floently-finnish/apps/backend/practice/data/cards/doctor_cards.json
doctor_4265,doctor,Aivotoiminnan häriintyminen johtuu ainakin osaksi taudinaiheuttajien ja tulehdusvasteen _____ aivovaikutuksista.[36],digit_in_token|citation_artifact|multiword_vocab_token,legacy,/home/vitus/floently-finnish/apps/backend/practice/data/cards/doctor_cards.json
doctor_4272,doctor,Paksusuolen syöpä todetaan Yhdysvalloissa vuosittain noin yhdellä _____sta alle 20-vuotiaasta henkilöstä[27].,digit_in_token|citation_artifact|multiword_vocab_token,legacy,/home/vitus/floently-finnish/apps/backend/practice/data/cards/doctor_cards.json
doctor_4273,doctor,Paksusuolen syöpä todetaan Yhdysvalloissa vuosittain noin yhdellä _____sta alle 20-vuotiaasta henkilöstä[27].,digit_in_token|citation_artifact|multiword_vocab_token,legacy,/home/vitus/floently-finnish/apps/backend/practice/data/cards/doctor_cards.json
doctor_4277,doctor,EU:n _____ asettaa ehtoja lääkärikoulutuksen laajuudelle ja sisällölle,multiword_vocab_token,legacy,/home/vitus/floently-finnish/apps/backend/practice/data/cards/doctor_cards.json
doctor_4278,doctor,EU:n _____ asettaa ehtoja lääkärikoulutuksen laajuudelle ja sisällölle,multiword_vocab_token,legacy,/home/vitus/floently-finnish/apps/backend/practice/data/cards/doctor_cards.json
doctor_4282,doctor,EU:n ammattipätevyysdirektiivi _____ ehtoja lääkärikoulutuksen laajuudelle ja sisällölle,multiword_vocab_token,legacy,/home/vitus/floently-finnish/apps/backend/practice/data/cards/doctor_cards.json
doctor_4283,doctor,EU:n ammattipätevyysdirektiivi _____ ehtoja lääkärikoulutuksen laajuudelle ja sisällölle,multiword_vocab_token,legacy,/home/vitus/floently-finnish/apps/backend/practice/data/cards/doctor_cards.json
doctor_4293,doctor,EU:n ammattipätevyysdirektiivi asettaa ehtoja lääkärikoulutuksen laajuudelle ja _____,multiword_vocab_token,legacy,/home/vitus/floently-finnish/apps/backend/practice/data/cards/doctor_cards.json
doctor_4294,doctor,EU:n ammattipätevyysdirektiivi asettaa ehtoja lääkärikoulutuksen laajuudelle ja _____,multiword_vocab_token,legacy,/home/vitus/floently-finnish/apps/backend/practice/data/cards/doctor_cards.json
doctor_4298,doctor,"Myös tutkittavan oma raskaaksituloikä sekä 23-vuotiaana _____ koulutustaso, ammattiasema, aikuisiän mielenterveysongelmat ja päihteiden käyttö otettiin huomioon tuloksessa.[28]",digit_in_token|citation_artifact|multiword_vocab_token,legacy,/home/vitus/floently-finnish/apps/backend/practice/data/cards/doctor_cards.json
doctor_4299,doctor,"Myös tutkittavan oma raskaaksituloikä sekä 23-vuotiaana _____ koulutustaso, ammattiasema, aikuisiän mielenterveysongelmat ja päihteiden käyttö otettiin huomioon tuloksessa.[28]",digit_in_token|citation_artifact|multiword_vocab_token,legacy,/home/vitus/floently-finnish/apps/backend/practice/data/cards/doctor_cards.json
doctor_4309,doctor,Lääkärit pyrkivät rohdoin ja _____valiolla palauttamaan näiden tasapainon,multiword_vocab_token,legacy,/home/vitus/floently-finnish/apps/backend/practice/data/cards/doctor_cards.json
doctor_4310,doctor,Lääkärit pyrkivät rohdoin ja _____valiolla palauttamaan näiden tasapainon,multiword_vocab_token,legacy,/home/vitus/floently-finnish/apps/backend/practice/data/cards/doctor_cards.json
doctor_4314,doctor,Lääkäri voi antaa _____ita myös puhelimitse oireiden hoitoon ilman lääkkeitä,multiword_vocab_token,legacy,/home/vitus/floently-finnish/apps/backend/practice/data/cards/doctor_cards.json
doctor_4315,doctor,Lääkäri voi antaa _____ita myös puhelimitse oireiden hoitoon ilman lääkkeitä,multiword_vocab_token,legacy,/home/vitus/floently-finnish/apps/backend/practice/data/cards/doctor_cards.json
doctor_4319,doctor,"Silloin sitä varten annetut hoitotoimenpiteet ja lääkkeet eivät välttämättä poista _____ aiheuttajaa, ja vakavampia mahdollisesti hengenvaarallisiakin seurauksia voi tulla.",multiword_vocab_token,legacy,/home/vitus/floently-finnish/apps/backend/practice/data/cards/doctor_cards.json
doctor_4320,doctor,"Silloin sitä varten annetut hoitotoimenpiteet ja lääkkeet eivät välttämättä poista _____ aiheuttajaa, ja vakavampia mahdollisesti hengenvaarallisiakin seurauksia voi tulla.",multiword_vocab_token,legacy,/home/vitus/floently-finnish/apps/backend/practice/data/cards/doctor_cards.json
doctor_4330,doctor,"Pääsyynä voivat olla tosin muutkin hormonit, kuten feokromosytoomakasvaimen _____ diabeteksessa ja osin myös raskausdiabeteksessa.[2]",digit_in_token|citation_artifact|multiword_vocab_token,legacy,/home/vitus/floently-finnish/apps/backend/practice/data/cards/doctor_cards.json
doctor_4331,doctor,"Pääsyynä voivat olla tosin muutkin hormonit, kuten feokromosytoomakasvaimen _____ diabeteksessa ja osin myös raskausdiabeteksessa.[2]",digit_in_token|citation_artifact|multiword_vocab_token,legacy,/home/vitus/floently-finnish/apps/backend/practice/data/cards/doctor_cards.json
doctor_4338,doctor,"Jos tätä tapahtuu _____n paljon, kannattaa hakeutua lääkäriin.[8]",digit_in_token|citation_artifact|multiword_vocab_token,legacy,/home/vitus/floently-finnish/apps/backend/practice/data/cards/doctor_cards.json
doctor_4339,doctor,"Jos tätä tapahtuu _____n paljon, kannattaa hakeutua lääkäriin.[8]",digit_in_token|citation_artifact|multiword_vocab_token,legacy,/home/vitus/floently-finnish/apps/backend/practice/data/cards/doctor_cards.json
doctor_4343,doctor,"Jos tätä tapahtuu häiritsevän paljon, _____ hakeutua lääkäriin.[8]",digit_in_token|citation_artifact|multiword_vocab_token,legacy,/home/vitus/floently-finnish/apps/backend/practice/data/cards/doctor_cards.json
doctor_4344,doctor,"Jos tätä tapahtuu häiritsevän paljon, _____ hakeutua lääkäriin.[8]",digit_in_token|citation_artifact|multiword_vocab_token,legacy,/home/vitus/floently-finnish/apps/backend/practice/data/cards/doctor_cards.json
doctor_4348,doctor,"Jos tätä tapahtuu häiritsevän paljon, kannattaa _____ lääkäriin.[8]",digit_in_token|citation_artifact|multiword_vocab_token,legacy,/home/vitus/floently-finnish/apps/backend/practice/data/cards/doctor_cards.json
doctor_4349,doctor,"Jos tätä tapahtuu häiritsevän paljon, kannattaa _____ lääkäriin.[8]",digit_in_token|citation_artifact|multiword_vocab_token,legacy,/home/vitus/floently-finnish/apps/backend/practice/data/cards/doctor_cards.json
doctor_4356,doctor,"Lääkäri voi kirjoittaa laihdutuslääkereseptin _____ssa, puhelimessa tai videovastaanotolla hyvinkin nopeasti.",multiword_vocab_token,legacy,/home/vitus/floently-finnish/apps/backend/practice/data/cards/doctor_cards.json
doctor_4357,doctor,"Lääkäri voi kirjoittaa laihdutuslääkereseptin _____ssa, puhelimessa tai videovastaanotolla hyvinkin nopeasti.",multiword_vocab_token,legacy,/home/vitus/floently-finnish/apps/backend/practice/data/cards/doctor_cards.json
doctor_4364,doctor,"Lääkäri voi kirjoittaa laihdutuslääkereseptin chatissa, puhelimessa tai _____ hyvinkin nopeasti.",multiword_vocab_token,legacy,/home/vitus/floently-finnish/apps/backend/practice/data/cards/doctor_cards.json
doctor_4365,doctor,"Lääkäri voi kirjoittaa laihdutuslääkereseptin chatissa, puhelimessa tai _____ hyvinkin nopeasti.",multiword_vocab_token,legacy,/home/vitus/floently-finnish/apps/backend/practice/data/cards/doctor_cards.json
doctor_4381,doctor,"Tärinän _____ ei ole aina kyse hermovauriosta, vaan myös verisuonistoon ja verenkiertoon liittyvistä haitoista.",multiword_vocab_token,legacy,/home/vitus/floently-finnish/apps/backend/practice/data/cards/doctor_cards.json
doctor_4382,doctor,"Tärinän _____ ei ole aina kyse hermovauriosta, vaan myös verisuonistoon ja verenkiertoon liittyvistä haitoista.",multiword_vocab_token,legacy,/home/vitus/floently-finnish/apps/backend/practice/data/cards/doctor_cards.json
doctor_4386,doctor,"Tärinän terveyshaitassa ei ole aina kyse _____, vaan myös verisuonistoon ja verenkiertoon liittyvistä haitoista.",multiword_vocab_token,legacy,/home/vitus/floently-finnish/apps/backend/practice/data/cards/doctor_cards.json
doctor_4387,doctor,"Tärinän terveyshaitassa ei ole aina kyse _____, vaan myös verisuonistoon ja verenkiertoon liittyvistä haitoista.",multiword_vocab_token,legacy,/home/vitus/floently-finnish/apps/backend/practice/data/cards/doctor_cards.json
doctor_4391,doctor,"Tärinän terveyshaitassa ei ole aina kyse hermovauriosta, vaan myös _____on ja verenkiertoon liittyvistä haitoista.",multiword_vocab_token,legacy,/home/vitus/floently-finnish/apps/backend/practice/data/cards/doctor_cards.json
doctor_4392,doctor,"Tärinän terveyshaitassa ei ole aina kyse hermovauriosta, vaan myös _____on ja verenkiertoon liittyvistä haitoista.",multiword_vocab_token,legacy,/home/vitus/floently-finnish/apps/backend/practice/data/cards/doctor_cards.json
doctor_4396,doctor,"Ylen haastattelemat henkilöt kertovat, että lääkäriasemat ovat yksipuolisesti _____ sopimusten ehtoja ammatinharjoittajille huonompaan suuntaan.",multiword_vocab_token,legacy,/home/vitus/floently-finnish/apps/backend/practice/data/cards/doctor_cards.json
doctor_4397,doctor,"Ylen haastattelemat henkilöt kertovat, että lääkäriasemat ovat yksipuolisesti _____ sopimusten ehtoja ammatinharjoittajille huonompaan suuntaan.",multiword_vocab_token,legacy,/home/vitus/floently-finnish/apps/backend/practice/data/cards/doctor_cards.json
doctor_4401,doctor,"Ylen haastattelemat henkilöt kertovat, että lääkäriasemat ovat yksipuolisesti muuttaneet sopimusten ehtoja ammatinharjoittajille _____an suuntaan.",multiword_vocab_token,legacy,/home/vitus/floently-finnish/apps/backend/practice/data/cards/doctor_cards.json
doctor_4402,doctor,"Ylen haastattelemat henkilöt kertovat, että lääkäriasemat ovat yksipuolisesti muuttaneet sopimusten ehtoja ammatinharjoittajille _____an suuntaan.",multiword_vocab_token,legacy,/home/vitus/floently-finnish/apps/backend/practice/data/cards/doctor_cards.json
doctor_4406,doctor,"Ylen haastattelemat henkilöt kertovat, että lääkäriasemat ovat yksipuolisesti muuttaneet sopimusten ehtoja ammatinharjoittajille huonompaan _____an.",multiword_vocab_token,legacy,/home/vitus/floently-finnish/apps/backend/practice/data/cards/doctor_cards.json
doctor_4407,doctor,"Ylen haastattelemat henkilöt kertovat, että lääkäriasemat ovat yksipuolisesti muuttaneet sopimusten ehtoja ammatinharjoittajille huonompaan _____an.",multiword_vocab_token,legacy,/home/vitus/floently-finnish/apps/backend/practice/data/cards/doctor_cards.json
doctor_4417,doctor,Puutteita saattaa olla lähinnä kliinisissä eli käytännön _____ssa,multiword_vocab_token,legacy,/home/vitus/floently-finnish/apps/backend/practice/data/cards/doctor_cards.json
doctor_4418,doctor,Puutteita saattaa olla lähinnä kliinisissä eli käytännön _____ssa,multiword_vocab_token,legacy,/home/vitus/floently-finnish/apps/backend/practice/data/cards/doctor_cards.json
doctor_4428,doctor,Bipolaarista häiriötä sairastavien _____ löytyy myös merkkejä kroonisesta tulehduksesta,multiword_vocab_token,legacy,/home/vitus/floently-finnish/apps/backend/practice/data/cards/doctor_cards.json
doctor_4429,doctor,Bipolaarista häiriötä sairastavien _____ löytyy myös merkkejä kroonisesta tulehduksesta,multiword_vocab_token,legacy,/home/vitus/floently-finnish/apps/backend/practice/data/cards/doctor_cards.json
doctor_4433,doctor,Ravitsemusterapeutti Reijo Laatikaisen mukaan _____ kertovaa korkeaa CRP-arvoa voi pienentää ruokavaliomuutoksin jopa kolmanneksella,multiword_vocab_token,legacy,/home/vitus/floently-finnish/apps/backend/practice/data/cards/doctor_cards.json
doctor_4434,doctor,Ravitsemusterapeutti Reijo Laatikaisen mukaan _____ kertovaa korkeaa CRP-arvoa voi pienentää ruokavaliomuutoksin jopa kolmanneksella,multiword_vocab_token,legacy,/home/vitus/floently-finnish/apps/backend/practice/data/cards/doctor_cards.json
doctor_4450,doctor,"Yksi vakavimmista melko harvinaisista haitoista on akuutti _____, jota voi esiintyä yhdellä ihmisellä sadasta.",multiword_vocab_token,legacy,/home/vitus/floently-finnish/apps/backend/practice/data/cards/doctor_cards.json
doctor_4451,doctor,"Yksi vakavimmista melko harvinaisista haitoista on akuutti _____, jota voi esiintyä yhdellä ihmisellä sadasta.",multiword_vocab_token,legacy,/home/vitus/floently-finnish/apps/backend/practice/data/cards/doctor_cards.json
doctor_4455,doctor,"Yksi vakavimmista melko harvinaisista haitoista on akuutti haimatulehdus, jota voi esiintyä yhdellä ihmisellä _____.",multiword_vocab_token,legacy,/home/vitus/floently-finnish/apps/backend/practice/data/cards/doctor_cards.json
doctor_4456,doctor,"Yksi vakavimmista melko harvinaisista haitoista on akuutti haimatulehdus, jota voi esiintyä yhdellä ihmisellä _____.",multiword_vocab_token,legacy,/home/vitus/floently-finnish/apps/backend/practice/data/cards/doctor_cards.json
doctor_4460,doctor,Lääkärin _____ kesti reilut viisi minuuttia,multiword_vocab_token,legacy,/home/vitus/floently-finnish/apps/backend/practice/data/cards/doctor_cards.json
doctor_4461,doctor,Lääkärin _____ kesti reilut viisi minuuttia,multiword_vocab_token,legacy,/home/vitus/floently-finnish/apps/backend/practice/data/cards/doctor_cards.json
doctor_4465,doctor,Lääkärin chattivastaanotto kesti _____t viisi minuuttia,multiword_vocab_token,legacy,/home/vitus/floently-finnish/apps/backend/practice/data/cards/doctor_cards.json
doctor_4466,doctor,Lääkärin chattivastaanotto kesti _____t viisi minuuttia,multiword_vocab_token,legacy,/home/vitus/floently-finnish/apps/backend/practice/data/cards/doctor_cards.json
doctor_4476,doctor,Diagnooseja tehdään lääkärin vastaanotolla terveyskeskuksissa ja _____loissa,multiword_vocab_token,legacy,/home/vitus/floently-finnish/apps/backend/practice/data/cards/doctor_cards.json
doctor_4477,doctor,Diagnooseja tehdään lääkärin vastaanotolla terveyskeskuksissa ja _____loissa,multiword_vocab_token,legacy,/home/vitus/floently-finnish/apps/backend/practice/data/cards/doctor_cards.json
doctor_4481,doctor,"Aina on ollut ihmisiä, jotka ovat joutuneet erikoistumaan sairaiden ja heidän _____nsa kohtaamiseen",multiword_vocab_token,legacy,/home/vitus/floently-finnish/apps/backend/practice/data/cards/doctor_cards.json
doctor_4482,doctor,"Aina on ollut ihmisiä, jotka ovat joutuneet erikoistumaan sairaiden ja heidän _____nsa kohtaamiseen",multiword_vocab_token,legacy,/home/vitus/floently-finnish/apps/backend/practice/data/cards/doctor_cards.json
doctor_4486,doctor,"Aina on ollut ihmisiä, jotka ovat joutuneet erikoistumaan sairaiden ja heidän kipujensa _____",multiword_vocab_token,legacy,/home/vitus/floently-finnish/apps/backend/practice/data/cards/doctor_cards.json
doctor_4487,doctor,"Aina on ollut ihmisiä, jotka ovat joutuneet erikoistumaan sairaiden ja heidän kipujensa _____",multiword_vocab_token,legacy,/home/vitus/floently-finnish/apps/backend/practice/data/cards/doctor_cards.json
doctor_4491,doctor,"Vasta 1700-luvulla katsottiin _____ksi, että lääkärienkin oli perehdyttävä kirurgian alkeisiin.",digit_in_token|multiword_vocab_token,legacy,/home/vitus/floently-finnish/apps/backend/practice/data/cards/doctor_cards.json
doctor_4492,doctor,"Vasta 1700-luvulla katsottiin _____ksi, että lääkärienkin oli perehdyttävä kirurgian alkeisiin.",digit_in_token|multiword_vocab_token,legacy,/home/vitus/floently-finnish/apps/backend/practice/data/cards/doctor_cards.json
doctor_4496,doctor,"Vasta 1700-luvulla katsottiin tarpeelliseksi, että _____ oli perehdyttävä kirurgian alkeisiin.",digit_in_token|multiword_vocab_token,legacy,/home/vitus/floently-finnish/apps/backend/practice/data/cards/doctor_cards.json
doctor_4497,doctor,"Vasta 1700-luvulla katsottiin tarpeelliseksi, että _____ oli perehdyttävä kirurgian alkeisiin.",digit_in_token|multiword_vocab_token,legacy,/home/vitus/floently-finnish/apps/backend/practice/data/cards/doctor_cards.json
doctor_4501,doctor,"Vasta 1700-luvulla katsottiin tarpeelliseksi, että lääkärienkin oli _____ kirurgian alkeisiin.",digit_in_token|multiword_vocab_token,legacy,/home/vitus/floently-finnish/apps/backend/practice/data/cards/doctor_cards.json
doctor_4502,doctor,"Vasta 1700-luvulla katsottiin tarpeelliseksi, että lääkärienkin oli _____ kirurgian alkeisiin.",digit_in_token|multiword_vocab_token,legacy,/home/vitus/floently-finnish/apps/backend/practice/data/cards/doctor_cards.json
doctor_4506,doctor,"Vasta 1700-luvulla katsottiin tarpeelliseksi, että lääkärienkin oli perehdyttävä kirurgian _____.",digit_in_token|multiword_vocab_token,legacy,/home/vitus/floently-finnish/apps/backend/practice/data/cards/doctor_cards.json
doctor_4507,doctor,"Vasta 1700-luvulla katsottiin tarpeelliseksi, että lääkärienkin oli perehdyttävä kirurgian _____.",digit_in_token|multiword_vocab_token,legacy,/home/vitus/floently-finnish/apps/backend/practice/data/cards/doctor_cards.json
doctor_4514,doctor,"– Rytmihäiriötä, _____, jopa syöpiä",multiword_vocab_token,legacy,/home/vitus/floently-finnish/apps/backend/practice/data/cards/doctor_cards.json
doctor_4515,doctor,"– Rytmihäiriötä, _____, jopa syöpiä",multiword_vocab_token,legacy,/home/vitus/floently-finnish/apps/backend/practice/data/cards/doctor_cards.json
doctor_4519,doctor,"Erityisesti lääketieteessä keskitytään ihmisen anatomiaan, fysiologiaan ja biokemiaan sekä _____aan ja mikrobiologiaan.",multiword_vocab_token,legacy,/home/vitus/floently-finnish/apps/backend/practice/data/cards/doctor_cards.json
doctor_4520,doctor,"Erityisesti lääketieteessä keskitytään ihmisen anatomiaan, fysiologiaan ja biokemiaan sekä _____aan ja mikrobiologiaan.",multiword_vocab_token,legacy,/home/vitus/floently-finnish/apps/backend/practice/data/cards/doctor_cards.json
doctor_4524,doctor,Patologi tutkii _____lla kudosnäytteen ja diagnoosia voidaan varmentaa erikoisvärjäyksillä ja verikokeilla,multiword_vocab_token,legacy,/home/vitus/floently-finnish/apps/backend/practice/data/cards/doctor_cards.json
doctor_4525,doctor,Patologi tutkii _____lla kudosnäytteen ja diagnoosia voidaan varmentaa erikoisvärjäyksillä ja verikokeilla,multiword_vocab_token,legacy,/home/vitus/floently-finnish/apps/backend/practice/data/cards/doctor_cards.json
doctor_4529,doctor,Patologi tutkii mikroskoopilla _____ ja diagnoosia voidaan varmentaa erikoisvärjäyksillä ja verikokeilla,multiword_vocab_token,legacy,/home/vitus/floently-finnish/apps/backend/practice/data/cards/doctor_cards.json
doctor_4530,doctor,Patologi tutkii mikroskoopilla _____ ja diagnoosia voidaan varmentaa erikoisvärjäyksillä ja verikokeilla,multiword_vocab_token,legacy,/home/vitus/floently-finnish/apps/backend/practice/data/cards/doctor_cards.json
doctor_4534,doctor,Patologi tutkii mikroskoopilla kudosnäytteen ja diagnoosia voidaan _____ erikoisvärjäyksillä ja verikokeilla,multiword_vocab_token,legacy,/home/vitus/floently-finnish/apps/backend/practice/data/cards/doctor_cards.json
doctor_4535,doctor,Patologi tutkii mikroskoopilla kudosnäytteen ja diagnoosia voidaan _____ erikoisvärjäyksillä ja verikokeilla,multiword_vocab_token,legacy,/home/vitus/floently-finnish/apps/backend/practice/data/cards/doctor_cards.json
doctor_4539,doctor,Patologi tutkii mikroskoopilla kudosnäytteen ja diagnoosia voidaan varmentaa erikoisvärjäyksillä ja _____,multiword_vocab_token,legacy,/home/vitus/floently-finnish/apps/backend/practice/data/cards/doctor_cards.json
doctor_4540,doctor,Patologi tutkii mikroskoopilla kudosnäytteen ja diagnoosia voidaan varmentaa erikoisvärjäyksillä ja _____,multiword_vocab_token,legacy,/home/vitus/floently-finnish/apps/backend/practice/data/cards/doctor_cards.json
doctor_4544,doctor,maaliskuuta _____lle on jaettu estolääkityksenä antibioottia.,multiword_vocab_token,legacy,/home/vitus/floently-finnish/apps/backend/practice/data/cards/doctor_cards.json
doctor_4545,doctor,maaliskuuta _____lle on jaettu estolääkityksenä antibioottia.,multiword_vocab_token,legacy,/home/vitus/floently-finnish/apps/backend/practice/data/cards/doctor_cards.json
doctor_4552,doctor,maaliskuuta käyneille on jaettu estolääkityksenä _____.,multiword_vocab_token,legacy,/home/vitus/floently-finnish/apps/backend/practice/data/cards/doctor_cards.json
doctor_4553,doctor,maaliskuuta käyneille on jaettu estolääkityksenä _____.,multiword_vocab_token,legacy,/home/vitus/floently-finnish/apps/backend/practice/data/cards/doctor_cards.json
doctor_4560,doctor,"Osalla ihmisistä on sellaiset geenit, että jokin tartuntatautina alkanut tulehdus aiheuttaa heillä tavallista helpommin _____ nivelsairauksia",multiword_vocab_token,legacy,/home/vitus/floently-finnish/apps/backend/practice/data/cards/doctor_cards.json
doctor_4561,doctor,"Osalla ihmisistä on sellaiset geenit, että jokin tartuntatautina alkanut tulehdus aiheuttaa heillä tavallista helpommin _____ nivelsairauksia",multiword_vocab_token,legacy,/home/vitus/floently-finnish/apps/backend/practice/data/cards/doctor_cards.json
doctor_4568,doctor,"Lääketieteessä tehdään joskus ero sairauden ja sairauden aiheuttavan rakenteen tai toiminnon poikkeavuuden kanssa siten, että englanninkielisillä termeillä illness ja sickness viitataan itse sairauteen ja _____llä disease sairauden taustalta löytyvään rakenteelliseen tai toiminnalliseen poikkeavuuteen, jota ilman eläin tai kasvi ei voisi koskaan sairastua kyseiseen sairauteen[2]",digit_in_token|citation_artifact|multiword_vocab_token,legacy,/home/vitus/floently-finnish/apps/backend/practice/data/cards/doctor_cards.json
doctor_4569,doctor,"Lääketieteessä tehdään joskus ero sairauden ja sairauden aiheuttavan rakenteen tai toiminnon poikkeavuuden kanssa siten, että englanninkielisillä termeillä illness ja sickness viitataan itse sairauteen ja _____llä disease sairauden taustalta löytyvään rakenteelliseen tai toiminnalliseen poikkeavuuteen, jota ilman eläin tai kasvi ei voisi koskaan sairastua kyseiseen sairauteen[2]",digit_in_token|citation_artifact|multiword_vocab_token,legacy,/home/vitus/floently-finnish/apps/backend/practice/data/cards/doctor_cards.json
doctor_4573,doctor,"Kyseinen termi otettiin käyttöön vuonna 1992, jolloin Evidence-Based Medicine Working Group -_____ asiantuntijaryhmä suositteli, että lääkäreiden koulutuksen ja hoitovalintojen pitäisi perustua tieteelliseen tutkimusnäyttöön sen sijaan, että lääkärit luottaisivat vain omaan intuitioonsa, päättelyynsä tai kliiniseen kokemukseensa",digit_in_token|multiword_vocab_token,legacy,/home/vitus/floently-finnish/apps/backend/practice/data/cards/doctor_cards.json
doctor_4574,doctor,"Kyseinen termi otettiin käyttöön vuonna 1992, jolloin Evidence-Based Medicine Working Group -_____ asiantuntijaryhmä suositteli, että lääkäreiden koulutuksen ja hoitovalintojen pitäisi perustua tieteelliseen tutkimusnäyttöön sen sijaan, että lääkärit luottaisivat vain omaan intuitioonsa, päättelyynsä tai kliiniseen kokemukseensa",digit_in_token|multiword_vocab_token,legacy,/home/vitus/floently-finnish/apps/backend/practice/data/cards/doctor_cards.json
doctor_4578,doctor,"Kyseinen termi otettiin käyttöön vuonna 1992, jolloin Evidence-Based Medicine Working Group -niminen _____ suositteli, että lääkäreiden koulutuksen ja hoitovalintojen pitäisi perustua tieteelliseen tutkimusnäyttöön sen sijaan, että lääkärit luottaisivat vain omaan intuitioonsa, päättelyynsä tai kliiniseen kokemukseensa",digit_in_token|multiword_vocab_token,legacy,/home/vitus/floently-finnish/apps/backend/practice/data/cards/doctor_cards.json
doctor_4579,doctor,"Kyseinen termi otettiin käyttöön vuonna 1992, jolloin Evidence-Based Medicine Working Group -niminen _____ suositteli, että lääkäreiden koulutuksen ja hoitovalintojen pitäisi perustua tieteelliseen tutkimusnäyttöön sen sijaan, että lääkärit luottaisivat vain omaan intuitioonsa, päättelyynsä tai kliiniseen kokemukseensa",digit_in_token|multiword_vocab_token,legacy,/home/vitus/floently-finnish/apps/backend/practice/data/cards/doctor_cards.json
doctor_4586,doctor,– Mielestäni _____itä voisi olla enemmänkin,multiword_vocab_token,legacy,/home/vitus/floently-finnish/apps/backend/practice/data/cards/doctor_cards.json
doctor_4587,doctor,– Mielestäni _____itä voisi olla enemmänkin,multiword_vocab_token,legacy,/home/vitus/floently-finnish/apps/backend/practice/data/cards/doctor_cards.json
doctor_4591,doctor,"Kyseinen termi otettiin käyttöön vuonna 1992, jolloin Evidence-Based Medicine Working Group -niminen asiantuntijaryhmä suositteli, että lääkäreiden koulutuksen ja _____jen pitäisi perustua tieteelliseen tutkimusnäyttöön sen sijaan, että lääkärit luottaisivat vain omaan intuitioonsa, päättelyynsä tai kliiniseen kokemukseensa",digit_in_token|multiword_vocab_token,legacy,/home/vitus/floently-finnish/apps/backend/practice/data/cards/doctor_cards.json
doctor_4592,doctor,"Kyseinen termi otettiin käyttöön vuonna 1992, jolloin Evidence-Based Medicine Working Group -niminen asiantuntijaryhmä suositteli, että lääkäreiden koulutuksen ja _____jen pitäisi perustua tieteelliseen tutkimusnäyttöön sen sijaan, että lääkärit luottaisivat vain omaan intuitioonsa, päättelyynsä tai kliiniseen kokemukseensa",digit_in_token|multiword_vocab_token,legacy,/home/vitus/floently-finnish/apps/backend/practice/data/cards/doctor_cards.json
doctor_4599,doctor,"Kyseinen termi otettiin käyttöön vuonna 1992, jolloin Evidence-Based Medicine Working Group -niminen asiantuntijaryhmä suositteli, että lääkäreiden koulutuksen ja hoitovalintojen pitäisi perustua tieteelliseen tutkimusnäyttöön sen sijaan, että lääkärit luottaisivat vain omaan _____, päättelyynsä tai kliiniseen kokemukseensa",digit_in_token|multiword_vocab_token,legacy,/home/vitus/floently-finnish/apps/backend/practice/data/cards/doctor_cards.json
doctor_4600,doctor,"Kyseinen termi otettiin käyttöön vuonna 1992, jolloin Evidence-Based Medicine Working Group -niminen asiantuntijaryhmä suositteli, että lääkäreiden koulutuksen ja hoitovalintojen pitäisi perustua tieteelliseen tutkimusnäyttöön sen sijaan, että lääkärit luottaisivat vain omaan _____, päättelyynsä tai kliiniseen kokemukseensa",digit_in_token|multiword_vocab_token,legacy,/home/vitus/floently-finnish/apps/backend/practice/data/cards/doctor_cards.json
doctor_4604,doctor,"Kyseinen termi otettiin käyttöön vuonna 1992, jolloin Evidence-Based Medicine Working Group -niminen asiantuntijaryhmä suositteli, että lääkäreiden koulutuksen ja hoitovalintojen pitäisi perustua tieteelliseen tutkimusnäyttöön sen sijaan, että lääkärit luottaisivat vain omaan intuitioonsa, _____nsä tai kliiniseen kokemukseensa",digit_in_token|multiword_vocab_token,legacy,/home/vitus/floently-finnish/apps/backend/practice/data/cards/doctor_cards.json
doctor_4605,doctor,"Kyseinen termi otettiin käyttöön vuonna 1992, jolloin Evidence-Based Medicine Working Group -niminen asiantuntijaryhmä suositteli, että lääkäreiden koulutuksen ja hoitovalintojen pitäisi perustua tieteelliseen tutkimusnäyttöön sen sijaan, että lääkärit luottaisivat vain omaan intuitioonsa, _____nsä tai kliiniseen kokemukseensa",digit_in_token|multiword_vocab_token,legacy,/home/vitus/floently-finnish/apps/backend/practice/data/cards/doctor_cards.json
doctor_4609,doctor,"Kyseinen termi otettiin käyttöön vuonna 1992, jolloin Evidence-Based Medicine Working Group -niminen asiantuntijaryhmä suositteli, että lääkäreiden koulutuksen ja hoitovalintojen pitäisi perustua tieteelliseen tutkimusnäyttöön sen sijaan, että lääkärit luottaisivat vain omaan intuitioonsa, päättelyynsä tai kliiniseen _____",digit_in_token|multiword_vocab_token,legacy,/home/vitus/floently-finnish/apps/backend/practice/data/cards/doctor_cards.json
doctor_4610,doctor,"Kyseinen termi otettiin käyttöön vuonna 1992, jolloin Evidence-Based Medicine Working Group -niminen asiantuntijaryhmä suositteli, että lääkäreiden koulutuksen ja hoitovalintojen pitäisi perustua tieteelliseen tutkimusnäyttöön sen sijaan, että lääkärit luottaisivat vain omaan intuitioonsa, päättelyynsä tai kliiniseen _____",digit_in_token|multiword_vocab_token,legacy,/home/vitus/floently-finnish/apps/backend/practice/data/cards/doctor_cards.json
doctor_4614,doctor,"Tulehdus voi johtua myös _____, jolla on suuri glykeeminen kuorma[6], vammasta (esimerkiksi nilkan nyrjähdys) tai tuntemattomasta syystä (esimerkiksi reuma)[27]",digit_in_token|citation_artifact|multiword_vocab_token,legacy,/home/vitus/floently-finnish/apps/backend/practice/data/cards/doctor_cards.json
doctor_4615,doctor,"Tulehdus voi johtua myös _____, jolla on suuri glykeeminen kuorma[6], vammasta (esimerkiksi nilkan nyrjähdys) tai tuntemattomasta syystä (esimerkiksi reuma)[27]",digit_in_token|citation_artifact|multiword_vocab_token,legacy,/home/vitus/floently-finnish/apps/backend/practice/data/cards/doctor_cards.json
doctor_4619,doctor,"Tulehdus voi johtua myös ateriasta, jolla on suuri _____ kuorma[6], vammasta (esimerkiksi nilkan nyrjähdys) tai tuntemattomasta syystä (esimerkiksi reuma)[27]",digit_in_token|citation_artifact|multiword_vocab_token,legacy,/home/vitus/floently-finnish/apps/backend/practice/data/cards/doctor_cards.json
doctor_4620,doctor,"Tulehdus voi johtua myös ateriasta, jolla on suuri _____ kuorma[6], vammasta (esimerkiksi nilkan nyrjähdys) tai tuntemattomasta syystä (esimerkiksi reuma)[27]",digit_in_token|citation_artifact|multiword_vocab_token,legacy,/home/vitus/floently-finnish/apps/backend/practice/data/cards/doctor_cards.json
doctor_4624,doctor,"Tulehdus voi johtua myös ateriasta, jolla on suuri glykeeminen kuorma[6], _____ (esimerkiksi nilkan nyrjähdys) tai tuntemattomasta syystä (esimerkiksi reuma)[27]",digit_in_token|citation_artifact|multiword_vocab_token,legacy,/home/vitus/floently-finnish/apps/backend/practice/data/cards/doctor_cards.json
doctor_4625,doctor,"Tulehdus voi johtua myös ateriasta, jolla on suuri glykeeminen kuorma[6], _____ (esimerkiksi nilkan nyrjähdys) tai tuntemattomasta syystä (esimerkiksi reuma)[27]",digit_in_token|citation_artifact|multiword_vocab_token,legacy,/home/vitus/floently-finnish/apps/backend/practice/data/cards/doctor_cards.json
doctor_4632,doctor,"Tulehdus voi johtua myös ateriasta, jolla on suuri glykeeminen kuorma[6], vammasta (esimerkiksi nilkan _____) tai tuntemattomasta syystä (esimerkiksi reuma)[27]",digit_in_token|citation_artifact|multiword_vocab_token,legacy,/home/vitus/floently-finnish/apps/backend/practice/data/cards/doctor_cards.json
doctor_4633,doctor,"Tulehdus voi johtua myös ateriasta, jolla on suuri glykeeminen kuorma[6], vammasta (esimerkiksi nilkan _____) tai tuntemattomasta syystä (esimerkiksi reuma)[27]",digit_in_token|citation_artifact|multiword_vocab_token,legacy,/home/vitus/floently-finnish/apps/backend/practice/data/cards/doctor_cards.json
doctor_4640,doctor,Naisten oireiden _____ ja niiden väärä tulkinta johtaakin usein siihen etteivät naiset saa diagnoosia ja hoitoa tai ne viivästyvät tarpeettomasti,multiword_vocab_token,legacy,/home/vitus/floently-finnish/apps/backend/practice/data/cards/doctor_cards.json
doctor_4641,doctor,Naisten oireiden _____ ja niiden väärä tulkinta johtaakin usein siihen etteivät naiset saa diagnoosia ja hoitoa tai ne viivästyvät tarpeettomasti,multiword_vocab_token,legacy,/home/vitus/floently-finnish/apps/backend/practice/data/cards/doctor_cards.json
doctor_4645,doctor,Naisten oireiden vähättely ja niiden väärä _____ta johtaakin usein siihen etteivät naiset saa diagnoosia ja hoitoa tai ne viivästyvät tarpeettomasti,multiword_vocab_token,legacy,/home/vitus/floently-finnish/apps/backend/practice/data/cards/doctor_cards.json
doctor_4646,doctor,Naisten oireiden vähättely ja niiden väärä _____ta johtaakin usein siihen etteivät naiset saa diagnoosia ja hoitoa tai ne viivästyvät tarpeettomasti,multiword_vocab_token,legacy,/home/vitus/floently-finnish/apps/backend/practice/data/cards/doctor_cards.json
doctor_4650,doctor,Naisten oireiden vähättely ja niiden väärä tulkinta _____ usein siihen etteivät naiset saa diagnoosia ja hoitoa tai ne viivästyvät tarpeettomasti,multiword_vocab_token,legacy,/home/vitus/floently-finnish/apps/backend/practice/data/cards/doctor_cards.json
doctor_4651,doctor,Naisten oireiden vähättely ja niiden väärä tulkinta _____ usein siihen etteivät naiset saa diagnoosia ja hoitoa tai ne viivästyvät tarpeettomasti,multiword_vocab_token,legacy,/home/vitus/floently-finnish/apps/backend/practice/data/cards/doctor_cards.json
doctor_4661,doctor,MODY-oireyhtymät kattavat maailmanlaajuisesti arviolta noin 3–5 prosenttia kaikista 10–30-vuotiailla _____ diabeteksen eri muodoista,digit_in_token|multiword_vocab_token,legacy,/home/vitus/floently-finnish/apps/backend/practice/data/cards/doctor_cards.json
doctor_4662,doctor,MODY-oireyhtymät kattavat maailmanlaajuisesti arviolta noin 3–5 prosenttia kaikista 10–30-vuotiailla _____ diabeteksen eri muodoista,digit_in_token|multiword_vocab_token,legacy,/home/vitus/floently-finnish/apps/backend/practice/data/cards/doctor_cards.json
doctor_4666,doctor,MODY-oireyhtymät kattavat maailmanlaajuisesti arviolta noin 3–5 prosenttia kaikista 10–30-vuotiailla ilmenevistä diabeteksen eri _____,digit_in_token|multiword_vocab_token,legacy,/home/vitus/floently-finnish/apps/backend/practice/data/cards/doctor_cards.json
doctor_4667,doctor,MODY-oireyhtymät kattavat maailmanlaajuisesti arviolta noin 3–5 prosenttia kaikista 10–30-vuotiailla ilmenevistä diabeteksen eri _____,digit_in_token|multiword_vocab_token,legacy,/home/vitus/floently-finnish/apps/backend/practice/data/cards/doctor_cards.json
doctor_4674,doctor,"Jatkuvan matala-asteisen eli niin sanotun ”hiljaisen” tulehduksen arvioidaan olevan melkein kaikkien _____ kroonisten tautien osatekijä (muun muassa syöpä, diabetes, lihavuus, Alzheimerin tauti, sepelvaltimotauti ja aivoinfarktit)[27]",digit_in_token|citation_artifact|multiword_vocab_token,legacy,/home/vitus/floently-finnish/apps/backend/practice/data/cards/doctor_cards.json
doctor_4675,doctor,"Jatkuvan matala-asteisen eli niin sanotun ”hiljaisen” tulehduksen arvioidaan olevan melkein kaikkien _____ kroonisten tautien osatekijä (muun muassa syöpä, diabetes, lihavuus, Alzheimerin tauti, sepelvaltimotauti ja aivoinfarktit)[27]",digit_in_token|citation_artifact|multiword_vocab_token,legacy,/home/vitus/floently-finnish/apps/backend/practice/data/cards/doctor_cards.json
doctor_4679,doctor,"Jatkuvan matala-asteisen eli niin sanotun ”hiljaisen” tulehduksen arvioidaan olevan melkein kaikkien länsimaiden kroonisten tautien _____ (muun muassa syöpä, diabetes, lihavuus, Alzheimerin tauti, sepelvaltimotauti ja aivoinfarktit)[27]",digit_in_token|citation_artifact|multiword_vocab_token,legacy,/home/vitus/floently-finnish/apps/backend/practice/data/cards/doctor_cards.json
doctor_4680,doctor,"Jatkuvan matala-asteisen eli niin sanotun ”hiljaisen” tulehduksen arvioidaan olevan melkein kaikkien länsimaiden kroonisten tautien _____ (muun muassa syöpä, diabetes, lihavuus, Alzheimerin tauti, sepelvaltimotauti ja aivoinfarktit)[27]",digit_in_token|citation_artifact|multiword_vocab_token,legacy,/home/vitus/floently-finnish/apps/backend/practice/data/cards/doctor_cards.json
doctor_4684,doctor,"Jatkuvan matala-asteisen eli niin sanotun ”hiljaisen” tulehduksen arvioidaan olevan melkein kaikkien länsimaiden kroonisten tautien osatekijä (muun muassa syöpä, diabetes, lihavuus, Alzheimerin tauti, _____ ja aivoinfarktit)[27]",digit_in_token|citation_artifact|multiword_vocab_token,legacy,/home/vitus/floently-finnish/apps/backend/practice/data/cards/doctor_cards.json
doctor_4685,doctor,"Jatkuvan matala-asteisen eli niin sanotun ”hiljaisen” tulehduksen arvioidaan olevan melkein kaikkien länsimaiden kroonisten tautien osatekijä (muun muassa syöpä, diabetes, lihavuus, Alzheimerin tauti, _____ ja aivoinfarktit)[27]",digit_in_token|citation_artifact|multiword_vocab_token,legacy,/home/vitus/floently-finnish/apps/backend/practice/data/cards/doctor_cards.json
doctor_4689,doctor,"Tällainen _____ ei ollut kuitenkaan Suomessa juurikaan aiemmin käytössä, nykyään se tosin lienee huomattavasti lisääntynyt",multiword_vocab_token,legacy,/home/vitus/floently-finnish/apps/backend/practice/data/cards/doctor_cards.json
doctor_4690,doctor,"Tällainen _____ ei ollut kuitenkaan Suomessa juurikaan aiemmin käytössä, nykyään se tosin lienee huomattavasti lisääntynyt",multiword_vocab_token,legacy,/home/vitus/floently-finnish/apps/backend/practice/data/cards/doctor_cards.json
doctor_4694,doctor,"Lapha kiinnostui Elina Hanhivaaran _____n tilanteesta viime kesänä, kun hän joutui tehohoitoon",multiword_vocab_token,legacy,/home/vitus/floently-finnish/apps/backend/practice/data/cards/doctor_cards.json
doctor_4695,doctor,"Lapha kiinnostui Elina Hanhivaaran _____n tilanteesta viime kesänä, kun hän joutui tehohoitoon",multiword_vocab_token,legacy,/home/vitus/floently-finnish/apps/backend/practice/data/cards/doctor_cards.json
doctor_4699,doctor,Lääkärinlausunnon mukaan äidillä epäillään myös _____ta.,multiword_vocab_token,legacy,/home/vitus/floently-finnish/apps/backend/practice/data/cards/doctor_cards.json
doctor_4700,doctor,Lääkärinlausunnon mukaan äidillä epäillään myös _____ta.,multiword_vocab_token,legacy,/home/vitus/floently-finnish/apps/backend/practice/data/cards/doctor_cards.json
doctor_4704,doctor,"Elina Hanhivaaran äidin tilanne _____ pitkälti siihen, onko hänellä oikeus kieltäytyä turhina pitämistään lääkkeistä",multiword_vocab_token,legacy,/home/vitus/floently-finnish/apps/backend/practice/data/cards/doctor_cards.json
doctor_4705,doctor,"Elina Hanhivaaran äidin tilanne _____ pitkälti siihen, onko hänellä oikeus kieltäytyä turhina pitämistään lääkkeistä",multiword_vocab_token,legacy,/home/vitus/floently-finnish/apps/backend/practice/data/cards/doctor_cards.json
doctor_4709,doctor,"Elina Hanhivaaran äidin tilanne kulminoituukin pitkälti siihen, onko hänellä oikeus _____ turhina pitämistään lääkkeistä",multiword_vocab_token,legacy,/home/vitus/floently-finnish/apps/backend/practice/data/cards/doctor_cards.json
doctor_4710,doctor,"Elina Hanhivaaran äidin tilanne kulminoituukin pitkälti siihen, onko hänellä oikeus _____ turhina pitämistään lääkkeistä",multiword_vocab_token,legacy,/home/vitus/floently-finnish/apps/backend/practice/data/cards/doctor_cards.json
doctor_4714,doctor,"Elina Hanhivaaran äidin tilanne kulminoituukin pitkälti siihen, onko hänellä oikeus kieltäytyä _____na pitämistään lääkkeistä",multiword_vocab_token,legacy,/home/vitus/floently-finnish/apps/backend/practice/data/cards/doctor_cards.json
doctor_4715,doctor,"Elina Hanhivaaran äidin tilanne kulminoituukin pitkälti siihen, onko hänellä oikeus kieltäytyä _____na pitämistään lääkkeistä",multiword_vocab_token,legacy,/home/vitus/floently-finnish/apps/backend/practice/data/cards/doctor_cards.json
doctor_4719,doctor,"Elina Hanhivaaran äidin tilanne kulminoituukin pitkälti siihen, onko hänellä oikeus kieltäytyä turhina _____än lääkkeistä",multiword_vocab_token,legacy,/home/vitus/floently-finnish/apps/backend/practice/data/cards/doctor_cards.json
doctor_4720,doctor,"Elina Hanhivaaran äidin tilanne kulminoituukin pitkälti siihen, onko hänellä oikeus kieltäytyä turhina _____än lääkkeistä",multiword_vocab_token,legacy,/home/vitus/floently-finnish/apps/backend/practice/data/cards/doctor_cards.json
doctor_4724,doctor,Ne _____ Maailman terveysjärjestö WHO:n mukaan nyt etenkin teinityttöihin Euroopassa,multiword_vocab_token,legacy,/home/vitus/floently-finnish/apps/backend/practice/data/cards/doctor_cards.json
doctor_4725,doctor,Ne _____ Maailman terveysjärjestö WHO:n mukaan nyt etenkin teinityttöihin Euroopassa,multiword_vocab_token,legacy,/home/vitus/floently-finnish/apps/backend/practice/data/cards/doctor_cards.json
doctor_4729,doctor,Ne vetoavat Maailman _____ WHO:n mukaan nyt etenkin teinityttöihin Euroopassa,multiword_vocab_token,legacy,/home/vitus/floently-finnish/apps/backend/practice/data/cards/doctor_cards.json
doctor_4730,doctor,Ne vetoavat Maailman _____ WHO:n mukaan nyt etenkin teinityttöihin Euroopassa,multiword_vocab_token,legacy,/home/vitus/floently-finnish/apps/backend/practice/data/cards/doctor_cards.json
doctor_4734,doctor,Ne vetoavat Maailman terveysjärjestö WHO:n mukaan nyt etenkin _____ihin Euroopassa,multiword_vocab_token,legacy,/home/vitus/floently-finnish/apps/backend/practice/data/cards/doctor_cards.json
doctor_4735,doctor,Ne vetoavat Maailman terveysjärjestö WHO:n mukaan nyt etenkin _____ihin Euroopassa,multiword_vocab_token,legacy,/home/vitus/floently-finnish/apps/backend/practice/data/cards/doctor_cards.json
doctor_4739,doctor,"Yle ei julkaise naisen nimeä, koska _____ssa käsitellään hänen terveystietojaan",multiword_vocab_token,legacy,/home/vitus/floently-finnish/apps/backend/practice/data/cards/doctor_cards.json
doctor_4740,doctor,"Yle ei julkaise naisen nimeä, koska _____ssa käsitellään hänen terveystietojaan",multiword_vocab_token,legacy,/home/vitus/floently-finnish/apps/backend/practice/data/cards/doctor_cards.json
doctor_4744,doctor,"Hän esiintyy tässä jutussa _____ etunimellään, koska aihe käsittelee arkaluontoisia terveystietoja",multiword_vocab_token,legacy,/home/vitus/floently-finnish/apps/backend/practice/data/cards/doctor_cards.json
doctor_4745,doctor,"Hän esiintyy tässä jutussa _____ etunimellään, koska aihe käsittelee arkaluontoisia terveystietoja",multiword_vocab_token,legacy,/home/vitus/floently-finnish/apps/backend/practice/data/cards/doctor_cards.json
doctor_4749,doctor,"Hän esiintyy tässä jutussa pelkällä _____än, koska aihe käsittelee arkaluontoisia terveystietoja",multiword_vocab_token,legacy,/home/vitus/floently-finnish/apps/backend/practice/data/cards/doctor_cards.json
doctor_4750,doctor,"Hän esiintyy tässä jutussa pelkällä _____än, koska aihe käsittelee arkaluontoisia terveystietoja",multiword_vocab_token,legacy,/home/vitus/floently-finnish/apps/backend/practice/data/cards/doctor_cards.json
doctor_4757,doctor,"Yle ei julkaise naisen nimeä, koska jutussa käsitellään hänen _____jaan",multiword_vocab_token,legacy,/home/vitus/floently-finnish/apps/backend/practice/data/cards/doctor_cards.json
doctor_4758,doctor,"Yle ei julkaise naisen nimeä, koska jutussa käsitellään hänen _____jaan",multiword_vocab_token,legacy,/home/vitus/floently-finnish/apps/backend/practice/data/cards/doctor_cards.json
doctor_4765,doctor,Yleisemmin tunnettujen tulehdusvälittäjäaineiden kohonnut pitosuus veressä korreloi miehillä suuremman kuolleisuuden ja suuremman sydän- ja _____tautien esiintyvyyden kanssa.[55] Matala-asteisen tulehduksen arviointiin voidaan käyttää myös herkän CRP:n tasoa selvittävää laboratoriotutkimusta.[56],digit_in_token|citation_artifact|multiword_vocab_token,legacy,/home/vitus/floently-finnish/apps/backend/practice/data/cards/doctor_cards.json
doctor_4766,doctor,Yleisemmin tunnettujen tulehdusvälittäjäaineiden kohonnut pitosuus veressä korreloi miehillä suuremman kuolleisuuden ja suuremman sydän- ja _____tautien esiintyvyyden kanssa.[55] Matala-asteisen tulehduksen arviointiin voidaan käyttää myös herkän CRP:n tasoa selvittävää laboratoriotutkimusta.[56],digit_in_token|citation_artifact|multiword_vocab_token,legacy,/home/vitus/floently-finnish/apps/backend/practice/data/cards/doctor_cards.json
doctor_4770,doctor,"virtsa, verisuoni, _____), elektronitset laitteet (esim",multiword_vocab_token,legacy,/home/vitus/floently-finnish/apps/backend/practice/data/cards/doctor_cards.json
doctor_4771,doctor,"virtsa, verisuoni, _____), elektronitset laitteet (esim",multiword_vocab_token,legacy,/home/vitus/floently-finnish/apps/backend/practice/data/cards/doctor_cards.json
doctor_4778,doctor,"Jos tälle koko potille _____taan yläraja, joka on sata euroa, ja josta yksityinen terveydenhuollon tarjoaja haluaa saada sen oman pottinsa… laboratoriokokeista saa tietyn summan, mutta miten loppusumma jyvitetään, niin ymmärrän huolen tietyllä tavalla.",multiword_vocab_token,legacy,/home/vitus/floently-finnish/apps/backend/practice/data/cards/doctor_cards.json
doctor_4779,doctor,"Jos tälle koko potille _____taan yläraja, joka on sata euroa, ja josta yksityinen terveydenhuollon tarjoaja haluaa saada sen oman pottinsa… laboratoriokokeista saa tietyn summan, mutta miten loppusumma jyvitetään, niin ymmärrän huolen tietyllä tavalla.",multiword_vocab_token,legacy,/home/vitus/floently-finnish/apps/backend/practice/data/cards/doctor_cards.json
doctor_4795,doctor,"Viivästyneitä haittavaikutuksia ovat muun muassa _____t, laskimotukokset, imunestekertymä, infektio tai vaivan, esimerkiksi tyrän, uusiutuminen.[24]",digit_in_token|citation_artifact|multiword_vocab_token,legacy,/home/vitus/floently-finnish/apps/backend/practice/data/cards/doctor_cards.json
doctor_4796,doctor,"Viivästyneitä haittavaikutuksia ovat muun muassa _____t, laskimotukokset, imunestekertymä, infektio tai vaivan, esimerkiksi tyrän, uusiutuminen.[24]",digit_in_token|citation_artifact|multiword_vocab_token,legacy,/home/vitus/floently-finnish/apps/backend/practice/data/cards/doctor_cards.json
doctor_4803,doctor,"Viivästyneitä haittavaikutuksia ovat muun muassa verenpurkaumat, laskimotukokset, _____, infektio tai vaivan, esimerkiksi tyrän, uusiutuminen.[24]",digit_in_token|citation_artifact|multiword_vocab_token,legacy,/home/vitus/floently-finnish/apps/backend/practice/data/cards/doctor_cards.json
doctor_4804,doctor,"Viivästyneitä haittavaikutuksia ovat muun muassa verenpurkaumat, laskimotukokset, _____, infektio tai vaivan, esimerkiksi tyrän, uusiutuminen.[24]",digit_in_token|citation_artifact|multiword_vocab_token,legacy,/home/vitus/floently-finnish/apps/backend/practice/data/cards/doctor_cards.json
doctor_4808,doctor,Suomea _____nnut lääkäripula onkin kääntymässä lääkärien runsauteen,multiword_vocab_token,legacy,/home/vitus/floently-finnish/apps/backend/practice/data/cards/doctor_cards.json
doctor_4809,doctor,Suomea _____nnut lääkäripula onkin kääntymässä lääkärien runsauteen,multiword_vocab_token,legacy,/home/vitus/floently-finnish/apps/backend/practice/data/cards/doctor_cards.json
doctor_4813,doctor,"Viivästyneitä haittavaikutuksia ovat muun muassa verenpurkaumat, laskimotukokset, imunestekertymä, infektio tai vaivan, esimerkiksi _____n, uusiutuminen.[24]",digit_in_token|citation_artifact|multiword_vocab_token,legacy,/home/vitus/floently-finnish/apps/backend/practice/data/cards/doctor_cards.json
doctor_4814,doctor,"Viivästyneitä haittavaikutuksia ovat muun muassa verenpurkaumat, laskimotukokset, imunestekertymä, infektio tai vaivan, esimerkiksi _____n, uusiutuminen.[24]",digit_in_token|citation_artifact|multiword_vocab_token,legacy,/home/vitus/floently-finnish/apps/backend/practice/data/cards/doctor_cards.json
doctor_4824,doctor,"Vierasesineinfektioita voi syntyä lääkinnällisiin _____, joihin kuuluvat esim",multiword_vocab_token,legacy,/home/vitus/floently-finnish/apps/backend/practice/data/cards/doctor_cards.json
doctor_4825,doctor,"Vierasesineinfektioita voi syntyä lääkinnällisiin _____, joihin kuuluvat esim",multiword_vocab_token,legacy,/home/vitus/floently-finnish/apps/backend/practice/data/cards/doctor_cards.json
doctor_4829,doctor,"Kohonneen _____ syitä ovat perinnölliset tekijät, eräät sairaudet sekä seuraavat:[9]",digit_in_token|citation_artifact|multiword_vocab_token,legacy,/home/vitus/floently-finnish/apps/backend/practice/data/cards/doctor_cards.json
doctor_4830,doctor,"Kohonneen _____ syitä ovat perinnölliset tekijät, eräät sairaudet sekä seuraavat:[9]",digit_in_token|citation_artifact|multiword_vocab_token,legacy,/home/vitus/floently-finnish/apps/backend/practice/data/cards/doctor_cards.json
doctor_4834,doctor,"Kohonneen verenpaineen _____ ovat perinnölliset tekijät, eräät sairaudet sekä seuraavat:[9]",digit_in_token|citation_artifact|multiword_vocab_token,legacy,/home/vitus/floently-finnish/apps/backend/practice/data/cards/doctor_cards.json
doctor_4835,doctor,"Kohonneen verenpaineen _____ ovat perinnölliset tekijät, eräät sairaudet sekä seuraavat:[9]",digit_in_token|citation_artifact|multiword_vocab_token,legacy,/home/vitus/floently-finnish/apps/backend/practice/data/cards/doctor_cards.json
doctor_4842,doctor,"Taskila sanoo, että lääkärin _____ on aina arvioida sitä, onko potilas kyvykäs ilmaisemaan oman tahtonsa",multiword_vocab_token,legacy,/home/vitus/floently-finnish/apps/backend/practice/data/cards/doctor_cards.json
doctor_4843,doctor,"Taskila sanoo, että lääkärin _____ on aina arvioida sitä, onko potilas kyvykäs ilmaisemaan oman tahtonsa",multiword_vocab_token,legacy,/home/vitus/floently-finnish/apps/backend/practice/data/cards/doctor_cards.json
doctor_4847,doctor,"Taskila sanoo, että lääkärin tehtävä on aina arvioida sitä, onko potilas _____ ilmaisemaan oman tahtonsa",multiword_vocab_token,legacy,/home/vitus/floently-finnish/apps/backend/practice/data/cards/doctor_cards.json
doctor_4848,doctor,"Taskila sanoo, että lääkärin tehtävä on aina arvioida sitä, onko potilas _____ ilmaisemaan oman tahtonsa",multiword_vocab_token,legacy,/home/vitus/floently-finnish/apps/backend/practice/data/cards/doctor_cards.json
doctor_4852,doctor,Niiden mukaan hänet oli päätetty viedä hoitolaitokseen arviointijaksolle ”vaikka vasten_____isesti”.,multiword_vocab_token,legacy,/home/vitus/floently-finnish/apps/backend/practice/data/cards/doctor_cards.json
doctor_4853,doctor,Niiden mukaan hänet oli päätetty viedä hoitolaitokseen arviointijaksolle ”vaikka vasten_____isesti”.,multiword_vocab_token,legacy,/home/vitus/floently-finnish/apps/backend/practice/data/cards/doctor_cards.json
doctor_4860,doctor,"Ammatinharjoittajalääkärit ovat yrittäjiä, jotka vuokraavat lääkäriasemilta _____ja ja vastaanottoon tarvittavaa tekniikkaa",multiword_vocab_token,legacy,/home/vitus/floently-finnish/apps/backend/practice/data/cards/doctor_cards.json
doctor_4861,doctor,"Ammatinharjoittajalääkärit ovat yrittäjiä, jotka vuokraavat lääkäriasemilta _____ja ja vastaanottoon tarvittavaa tekniikkaa",multiword_vocab_token,legacy,/home/vitus/floently-finnish/apps/backend/practice/data/cards/doctor_cards.json
doctor_4865,doctor,"Ammatinharjoittajalääkärit ovat yrittäjiä, jotka vuokraavat lääkäriasemilta vastaanottotiloja ja vastaanottoon tarvittavaa _____a",multiword_vocab_token,legacy,/home/vitus/floently-finnish/apps/backend/practice/data/cards/doctor_cards.json
doctor_4866,doctor,"Ammatinharjoittajalääkärit ovat yrittäjiä, jotka vuokraavat lääkäriasemilta vastaanottotiloja ja vastaanottoon tarvittavaa _____a",multiword_vocab_token,legacy,/home/vitus/floently-finnish/apps/backend/practice/data/cards/doctor_cards.json
doctor_4870,doctor,"Yle ei _____ naisen nimeä, koska jutussa käsitellään hänen terveystietojaan",multiword_vocab_token,legacy,/home/vitus/floently-finnish/apps/backend/practice/data/cards/doctor_cards.json
doctor_4871,doctor,"Yle ei _____ naisen nimeä, koska jutussa käsitellään hänen terveystietojaan",multiword_vocab_token,legacy,/home/vitus/floently-finnish/apps/backend/practice/data/cards/doctor_cards.json
doctor_4875,doctor,"Yle ei julkaise naisen nimeä, koska jutussa käsitellään hänen _____aan",multiword_vocab_token,legacy,/home/vitus/floently-finnish/apps/backend/practice/data/cards/doctor_cards.json
doctor_4876,doctor,"Yle ei julkaise naisen nimeä, koska jutussa käsitellään hänen _____aan",multiword_vocab_token,legacy,/home/vitus/floently-finnish/apps/backend/practice/data/cards/doctor_cards.json
doctor_4880,doctor,Hämeenlinnan kaupungin _____n Erja Hirvosen mukaan tapaus on vakava,multiword_vocab_token,legacy,/home/vitus/floently-finnish/apps/backend/practice/data/cards/doctor_cards.json
doctor_4881,doctor,Hämeenlinnan kaupungin _____n Erja Hirvosen mukaan tapaus on vakava,multiword_vocab_token,legacy,/home/vitus/floently-finnish/apps/backend/practice/data/cards/doctor_cards.json
doctor_4885,doctor,Lapsuusiän pahanlaatuisten kasvainten _____ on kuitenkin yleisesti ottaen hyvä.lähde?,multiword_vocab_token,legacy,/home/vitus/floently-finnish/apps/backend/practice/data/cards/doctor_cards.json
doctor_4886,doctor,Lapsuusiän pahanlaatuisten kasvainten _____ on kuitenkin yleisesti ottaen hyvä.lähde?,multiword_vocab_token,legacy,/home/vitus/floently-finnish/apps/backend/practice/data/cards/doctor_cards.json
doctor_4893,doctor,"Englantilainen yleislääketieteen professori Marshall Marinker ehdotti 1990-luvulla, että sairaudet _____ terminologisesti kolmeen ryhmään",digit_in_token|multiword_vocab_token,legacy,/home/vitus/floently-finnish/apps/backend/practice/data/cards/doctor_cards.json
doctor_4894,doctor,"Englantilainen yleislääketieteen professori Marshall Marinker ehdotti 1990-luvulla, että sairaudet _____ terminologisesti kolmeen ryhmään",digit_in_token|multiword_vocab_token,legacy,/home/vitus/floently-finnish/apps/backend/practice/data/cards/doctor_cards.json
doctor_4901,doctor,"Mielenterveyden häiriöt näkyvät _____ kuitenkin vasta siinä vaiheessa, kun ne ovat selvästi edenneet.",multiword_vocab_token,legacy,/home/vitus/floently-finnish/apps/backend/practice/data/cards/doctor_cards.json
doctor_4902,doctor,"Mielenterveyden häiriöt näkyvät _____ kuitenkin vasta siinä vaiheessa, kun ne ovat selvästi edenneet.",multiword_vocab_token,legacy,/home/vitus/floently-finnish/apps/backend/practice/data/cards/doctor_cards.json
doctor_4906,doctor,– Jo hoidon aloitus_____essa pitäisi punnita mahdollisia haittoja ja hyötyjä ja keskustella näistä asioista.,multiword_vocab_token,legacy,/home/vitus/floently-finnish/apps/backend/practice/data/cards/doctor_cards.json
doctor_4907,doctor,– Jo hoidon aloitus_____essa pitäisi punnita mahdollisia haittoja ja hyötyjä ja keskustella näistä asioista.,multiword_vocab_token,legacy,/home/vitus/floently-finnish/apps/backend/practice/data/cards/doctor_cards.json
doctor_4911,doctor,"Vuosittain Suomessa todetaan yli sata uutta syöpätapausta, joissa sairauden ti_____än aiheutuneen jostain työssä ilmenevästä tekijästä.[44] Esimerkiksi asbesti aiheuttaa noin 10 prosenttia todetuista keuhkosyöpätapauksista, radon 20 prosenttia ja tupakointi 70 prosenttia",digit_in_token|citation_artifact|multiword_vocab_token,legacy,/home/vitus/floently-finnish/apps/backend/practice/data/cards/doctor_cards.json
doctor_4912,doctor,"Vuosittain Suomessa todetaan yli sata uutta syöpätapausta, joissa sairauden ti_____än aiheutuneen jostain työssä ilmenevästä tekijästä.[44] Esimerkiksi asbesti aiheuttaa noin 10 prosenttia todetuista keuhkosyöpätapauksista, radon 20 prosenttia ja tupakointi 70 prosenttia",digit_in_token|citation_artifact|multiword_vocab_token,legacy,/home/vitus/floently-finnish/apps/backend/practice/data/cards/doctor_cards.json
doctor_4919,doctor,"Airo arvioi, että _____ määrä on kuitenkin moninkertainen, sillä sairaudet ovat alitunnistettuja.",multiword_vocab_token,legacy,/home/vitus/floently-finnish/apps/backend/practice/data/cards/doctor_cards.json
doctor_4920,doctor,"Airo arvioi, että _____ määrä on kuitenkin moninkertainen, sillä sairaudet ovat alitunnistettuja.",multiword_vocab_token,legacy,/home/vitus/floently-finnish/apps/backend/practice/data/cards/doctor_cards.json
doctor_4924,doctor,"Airo arvioi, että todellinen määrä on kuitenkin _____, sillä sairaudet ovat alitunnistettuja.",multiword_vocab_token,legacy,/home/vitus/floently-finnish/apps/backend/practice/data/cards/doctor_cards.json
doctor_4925,doctor,"Airo arvioi, että todellinen määrä on kuitenkin _____, sillä sairaudet ovat alitunnistettuja.",multiword_vocab_token,legacy,/home/vitus/floently-finnish/apps/backend/practice/data/cards/doctor_cards.json
doctor_4929,doctor,"Airo arvioi, että todellinen määrä on kuitenkin moninkertainen, sillä sairaudet ovat _____ja.",multiword_vocab_token,legacy,/home/vitus/floently-finnish/apps/backend/practice/data/cards/doctor_cards.json
doctor_4930,doctor,"Airo arvioi, että todellinen määrä on kuitenkin moninkertainen, sillä sairaudet ovat _____ja.",multiword_vocab_token,legacy,/home/vitus/floently-finnish/apps/backend/practice/data/cards/doctor_cards.json
doctor_4934,doctor,"Diabetes _____ esimerkiksi infektioalttiutta[2] ja verisuonivaurioita, mikä johtaa esimerkiksi valtimokovettumataudin ja muiden sydän- ja verisuonisairauksien sekä impotenssin riskin _____ntymiseen.[2] Diabetes saattaa aiheuttaa myös Alzheimerin tautia ja muita dementiasairauksia[9].",digit_in_token|citation_artifact|multiword_vocab_token,legacy,/home/vitus/floently-finnish/apps/backend/practice/data/cards/doctor_cards.json
doctor_4935,doctor,"Diabetes _____ esimerkiksi infektioalttiutta[2] ja verisuonivaurioita, mikä johtaa esimerkiksi valtimokovettumataudin ja muiden sydän- ja verisuonisairauksien sekä impotenssin riskin _____ntymiseen.[2] Diabetes saattaa aiheuttaa myös Alzheimerin tautia ja muita dementiasairauksia[9].",digit_in_token|citation_artifact|multiword_vocab_token,legacy,/home/vitus/floently-finnish/apps/backend/practice/data/cards/doctor_cards.json
doctor_4939,doctor,"Endotoksemia lisää etenkin _____n, aivohalvauksen ja muiden veren hyytymiseen liittyvien sairausten riskiä",multiword_vocab_token,legacy,/home/vitus/floently-finnish/apps/backend/practice/data/cards/doctor_cards.json
doctor_4940,doctor,"Endotoksemia lisää etenkin _____n, aivohalvauksen ja muiden veren hyytymiseen liittyvien sairausten riskiä",multiword_vocab_token,legacy,/home/vitus/floently-finnish/apps/backend/practice/data/cards/doctor_cards.json
doctor_4947,doctor,Terveyskirjastossa ohjeistetaan korvaamaan _____ sitä mukaa kun sitä syntyy,multiword_vocab_token,legacy,/home/vitus/floently-finnish/apps/backend/practice/data/cards/doctor_cards.json
doctor_4948,doctor,Terveyskirjastossa ohjeistetaan korvaamaan _____ sitä mukaa kun sitä syntyy,multiword_vocab_token,legacy,/home/vitus/floently-finnish/apps/backend/practice/data/cards/doctor_cards.json
doctor_4955,doctor,"Koronapandemia vaikuttaa olevan _____ z-sukupolvea jakava kokemus, kirjoittaa toimittaja Miika Koskela.",multiword_vocab_token,legacy,/home/vitus/floently-finnish/apps/backend/practice/data/cards/doctor_cards.json
doctor_4956,doctor,"Koronapandemia vaikuttaa olevan _____ z-sukupolvea jakava kokemus, kirjoittaa toimittaja Miika Koskela.",multiword_vocab_token,legacy,/home/vitus/floently-finnish/apps/backend/practice/data/cards/doctor_cards.json
doctor_4960,doctor,"Koronapandemia vaikuttaa olevan merkittävä _____ jakava kokemus, kirjoittaa toimittaja Miika Koskela.",multiword_vocab_token,legacy,/home/vitus/floently-finnish/apps/backend/practice/data/cards/doctor_cards.json
doctor_4961,doctor,"Koronapandemia vaikuttaa olevan merkittävä _____ jakava kokemus, kirjoittaa toimittaja Miika Koskela.",multiword_vocab_token,legacy,/home/vitus/floently-finnish/apps/backend/practice/data/cards/doctor_cards.json
doctor_4977,doctor,Tutkimus toteutettiin Turun yliopiston Lastenpsykiatrian tutkimuskeskuksen ja yhdysvaltalaisen Columbia Universityn _____nä,multiword_vocab_token,legacy,/home/vitus/floently-finnish/apps/backend/practice/data/cards/doctor_cards.json
doctor_4978,doctor,Tutkimus toteutettiin Turun yliopiston Lastenpsykiatrian tutkimuskeskuksen ja yhdysvaltalaisen Columbia Universityn _____nä,multiword_vocab_token,legacy,/home/vitus/floently-finnish/apps/backend/practice/data/cards/doctor_cards.json
doctor_4988,doctor,Onko sinulla kokemuksia lihavuuslääkkeistä? Ole yhteydessä jutun _____ satu.miettinen@yle.fi.,multiword_vocab_token,legacy,/home/vitus/floently-finnish/apps/backend/practice/data/cards/doctor_cards.json
doctor_4989,doctor,Onko sinulla kokemuksia lihavuuslääkkeistä? Ole yhteydessä jutun _____ satu.miettinen@yle.fi.,multiword_vocab_token,legacy,/home/vitus/floently-finnish/apps/backend/practice/data/cards/doctor_cards.json
doctor_4993,doctor,– Kyllä tämä tekee _____ hyvää,multiword_vocab_token,legacy,/home/vitus/floently-finnish/apps/backend/practice/data/cards/doctor_cards.json
doctor_4994,doctor,– Kyllä tämä tekee _____ hyvää,multiword_vocab_token,legacy,/home/vitus/floently-finnish/apps/backend/practice/data/cards/doctor_cards.json
doctor_4998,doctor,Ylen tietojen mukaan osa yksityisistä lääkäriasemista pitää itsellään _____n kokeiluun kuuluvan vastaanoton palkkiosta,multiword_vocab_token,legacy,/home/vitus/floently-finnish/apps/backend/practice/data/cards/doctor_cards.json
doctor_4999,doctor,Ylen tietojen mukaan osa yksityisistä lääkäriasemista pitää itsellään _____n kokeiluun kuuluvan vastaanoton palkkiosta,multiword_vocab_token,legacy,/home/vitus/floently-finnish/apps/backend/practice/data/cards/doctor_cards.json
doctor_5006,doctor,Kuoro_____n tai ylipäätään _____n vaikutuksia terveyteen on aiemmin tutkittu vain vähän.,multiword_vocab_token,legacy,/home/vitus/floently-finnish/apps/backend/practice/data/cards/doctor_cards.json
doctor_5007,doctor,Kuoro_____n tai ylipäätään _____n vaikutuksia terveyteen on aiemmin tutkittu vain vähän.,multiword_vocab_token,legacy,/home/vitus/floently-finnish/apps/backend/practice/data/cards/doctor_cards.json
doctor_5011,doctor,Yle on haastatellut juttua varten _____ ammatinharjoittajina toimivia lääkäreitä ja muita aihetta hyvin tuntevia henkilöitä,multiword_vocab_token,legacy,/home/vitus/floently-finnish/apps/backend/practice/data/cards/doctor_cards.json
doctor_5012,doctor,Yle on haastatellut juttua varten _____ ammatinharjoittajina toimivia lääkäreitä ja muita aihetta hyvin tuntevia henkilöitä,multiword_vocab_token,legacy,/home/vitus/floently-finnish/apps/backend/practice/data/cards/doctor_cards.json
doctor_5016,doctor,Useita _____ altistavia geenejä tunnetaan eli kyse on monigeenisestä sairaudesta,multiword_vocab_token,legacy,/home/vitus/floently-finnish/apps/backend/practice/data/cards/doctor_cards.json
doctor_5017,doctor,Useita _____ altistavia geenejä tunnetaan eli kyse on monigeenisestä sairaudesta,multiword_vocab_token,legacy,/home/vitus/floently-finnish/apps/backend/practice/data/cards/doctor_cards.json
doctor_5021,doctor,Useita sairaudelle altistavia geenejä tunnetaan eli kyse on _____ sairaudesta,multiword_vocab_token,legacy,/home/vitus/floently-finnish/apps/backend/practice/data/cards/doctor_cards.json
doctor_5022,doctor,Useita sairaudelle altistavia geenejä tunnetaan eli kyse on _____ sairaudesta,multiword_vocab_token,legacy,/home/vitus/floently-finnish/apps/backend/practice/data/cards/doctor_cards.json
doctor_5026,doctor,"Myös _____n oma raskaaksituloikä sekä 23-vuotiaana selvitetty koulutustaso, ammattiasema, aikuisiän mielenterveysongelmat ja päihteiden käyttö otettiin huomioon tuloksessa.[28]",digit_in_token|citation_artifact|multiword_vocab_token,legacy,/home/vitus/floently-finnish/apps/backend/practice/data/cards/doctor_cards.json
doctor_5027,doctor,"Myös _____n oma raskaaksituloikä sekä 23-vuotiaana selvitetty koulutustaso, ammattiasema, aikuisiän mielenterveysongelmat ja päihteiden käyttö otettiin huomioon tuloksessa.[28]",digit_in_token|citation_artifact|multiword_vocab_token,legacy,/home/vitus/floently-finnish/apps/backend/practice/data/cards/doctor_cards.json
doctor_5031,doctor,"Myös tutkittavan oma _____ sekä 23-vuotiaana selvitetty koulutustaso, ammattiasema, aikuisiän mielenterveysongelmat ja päihteiden käyttö otettiin huomioon tuloksessa.[28]",digit_in_token|citation_artifact|multiword_vocab_token,legacy,/home/vitus/floently-finnish/apps/backend/practice/data/cards/doctor_cards.json
doctor_5032,doctor,"Myös tutkittavan oma _____ sekä 23-vuotiaana selvitetty koulutustaso, ammattiasema, aikuisiän mielenterveysongelmat ja päihteiden käyttö otettiin huomioon tuloksessa.[28]",digit_in_token|citation_artifact|multiword_vocab_token,legacy,/home/vitus/floently-finnish/apps/backend/practice/data/cards/doctor_cards.json
doctor_5036,doctor,"Suomessa _____än ensimmäistä kertaa, vähentääkö vyöruusurokote muistisairauksia iäkkäillä",multiword_vocab_token,legacy,/home/vitus/floently-finnish/apps/backend/practice/data/cards/doctor_cards.json
doctor_5037,doctor,"Suomessa _____än ensimmäistä kertaa, vähentääkö vyöruusurokote muistisairauksia iäkkäillä",multiword_vocab_token,legacy,/home/vitus/floently-finnish/apps/backend/practice/data/cards/doctor_cards.json
doctor_5041,doctor,"Myös tutkittavan oma raskaaksituloikä sekä 23-vuotiaana selvitetty _____, ammattiasema, aikuisiän mielenterveysongelmat ja päihteiden käyttö otettiin huomioon tuloksessa.[28]",digit_in_token|citation_artifact|multiword_vocab_token,legacy,/home/vitus/floently-finnish/apps/backend/practice/data/cards/doctor_cards.json
doctor_5042,doctor,"Myös tutkittavan oma raskaaksituloikä sekä 23-vuotiaana selvitetty _____, ammattiasema, aikuisiän mielenterveysongelmat ja päihteiden käyttö otettiin huomioon tuloksessa.[28]",digit_in_token|citation_artifact|multiword_vocab_token,legacy,/home/vitus/floently-finnish/apps/backend/practice/data/cards/doctor_cards.json
doctor_5046,doctor,"Myös tutkittavan oma raskaaksituloikä sekä 23-vuotiaana selvitetty koulutustaso, _____, aikuisiän mielenterveysongelmat ja päihteiden käyttö otettiin huomioon tuloksessa.[28]",digit_in_token|citation_artifact|multiword_vocab_token,legacy,/home/vitus/floently-finnish/apps/backend/practice/data/cards/doctor_cards.json
doctor_5047,doctor,"Myös tutkittavan oma raskaaksituloikä sekä 23-vuotiaana selvitetty koulutustaso, _____, aikuisiän mielenterveysongelmat ja päihteiden käyttö otettiin huomioon tuloksessa.[28]",digit_in_token|citation_artifact|multiword_vocab_token,legacy,/home/vitus/floently-finnish/apps/backend/practice/data/cards/doctor_cards.json
doctor_5051,doctor,"Myös tutkittavan oma raskaaksituloikä sekä 23-vuotiaana selvitetty koulutustaso, ammattiasema, aikuisiän _____t ja päihteiden käyttö otettiin huomioon tuloksessa.[28]",digit_in_token|citation_artifact|multiword_vocab_token,legacy,/home/vitus/floently-finnish/apps/backend/practice/data/cards/doctor_cards.json
doctor_5052,doctor,"Myös tutkittavan oma raskaaksituloikä sekä 23-vuotiaana selvitetty koulutustaso, ammattiasema, aikuisiän _____t ja päihteiden käyttö otettiin huomioon tuloksessa.[28]",digit_in_token|citation_artifact|multiword_vocab_token,legacy,/home/vitus/floently-finnish/apps/backend/practice/data/cards/doctor_cards.json
doctor_5056,doctor,"Myös tutkittavan oma raskaaksituloikä sekä 23-vuotiaana selvitetty koulutustaso, ammattiasema, aikuisiän mielenterveysongelmat ja _____ käyttö otettiin huomioon tuloksessa.[28]",digit_in_token|citation_artifact|multiword_vocab_token,legacy,/home/vitus/floently-finnish/apps/backend/practice/data/cards/doctor_cards.json
doctor_5057,doctor,"Myös tutkittavan oma raskaaksituloikä sekä 23-vuotiaana selvitetty koulutustaso, ammattiasema, aikuisiän mielenterveysongelmat ja _____ käyttö otettiin huomioon tuloksessa.[28]",digit_in_token|citation_artifact|multiword_vocab_token,legacy,/home/vitus/floently-finnish/apps/backend/practice/data/cards/doctor_cards.json
doctor_5061,doctor,"Myös tutkittavan oma raskaaksituloikä sekä 23-vuotiaana selvitetty koulutustaso, ammattiasema, aikuisiän mielenterveysongelmat ja päihteiden käyttö otettiin _____on tuloksessa.[28]",digit_in_token|citation_artifact|multiword_vocab_token,legacy,/home/vitus/floently-finnish/apps/backend/practice/data/cards/doctor_cards.json
doctor_5062,doctor,"Myös tutkittavan oma raskaaksituloikä sekä 23-vuotiaana selvitetty koulutustaso, ammattiasema, aikuisiän mielenterveysongelmat ja päihteiden käyttö otettiin _____on tuloksessa.[28]",digit_in_token|citation_artifact|multiword_vocab_token,legacy,/home/vitus/floently-finnish/apps/backend/practice/data/cards/doctor_cards.json
doctor_5075,doctor,"Tutkimuksessa arvioitiin lähes 1,9 miljoonan lonkan tekonivelleikkauksen _____ eri liukupintavaihtoehdoilla rekisterien perusteella",digit_in_token|multiword_vocab_token,legacy,/home/vitus/floently-finnish/apps/backend/practice/data/cards/doctor_cards.json
doctor_5076,doctor,"Tutkimuksessa arvioitiin lähes 1,9 miljoonan lonkan tekonivelleikkauksen _____ eri liukupintavaihtoehdoilla rekisterien perusteella",digit_in_token|multiword_vocab_token,legacy,/home/vitus/floently-finnish/apps/backend/practice/data/cards/doctor_cards.json
doctor_5080,doctor,"Tutkimuksessa arvioitiin lähes 1,9 miljoonan lonkan tekonivelleikkauksen pitkäaikaispysyvyyttä eri _____lla rekisterien perusteella",digit_in_token|multiword_vocab_token,legacy,/home/vitus/floently-finnish/apps/backend/practice/data/cards/doctor_cards.json
doctor_5081,doctor,"Tutkimuksessa arvioitiin lähes 1,9 miljoonan lonkan tekonivelleikkauksen pitkäaikaispysyvyyttä eri _____lla rekisterien perusteella",digit_in_token|multiword_vocab_token,legacy,/home/vitus/floently-finnish/apps/backend/practice/data/cards/doctor_cards.json
doctor_5085,doctor,Tutkimuksen aineisto perustuu vanhemmille tehtyyn kyselyyn nuorten adhd-oireista sekä kaksikymmentä vuotta kestäneeseen _____seurantaan nuorten myöhemmistä psykiatrisista diagnooseista.,multiword_vocab_token,legacy,/home/vitus/floently-finnish/apps/backend/practice/data/cards/doctor_cards.json
doctor_5086,doctor,Tutkimuksen aineisto perustuu vanhemmille tehtyyn kyselyyn nuorten adhd-oireista sekä kaksikymmentä vuotta kestäneeseen _____seurantaan nuorten myöhemmistä psykiatrisista diagnooseista.,multiword_vocab_token,legacy,/home/vitus/floently-finnish/apps/backend/practice/data/cards/doctor_cards.json
doctor_5105,doctor,"Raskauden aikana SSRI-lääkkeitä käyttäneitä äitejä verrattiin masennusdiagnoosin _____in naisiin, jotka eivät käyttäneet masennuslääkkeitä raskauden aikana, sekä naisiin, jotka olivat lopettaneet SSRI-lääkityksen ennen raskautta.",multiword_vocab_token,legacy,/home/vitus/floently-finnish/apps/backend/practice/data/cards/doctor_cards.json
doctor_5106,doctor,"Raskauden aikana SSRI-lääkkeitä käyttäneitä äitejä verrattiin masennusdiagnoosin _____in naisiin, jotka eivät käyttäneet masennuslääkkeitä raskauden aikana, sekä naisiin, jotka olivat lopettaneet SSRI-lääkityksen ennen raskautta.",multiword_vocab_token,legacy,/home/vitus/floently-finnish/apps/backend/practice/data/cards/doctor_cards.json
doctor_5110,doctor,"Raskauden aikana SSRI-lääkkeitä käyttäneitä äitejä verrattiin masennusdiagnoosin saaneisiin naisiin, jotka eivät käyttäneet _____itä raskauden aikana, sekä naisiin, jotka olivat lopettaneet SSRI-lääkityksen ennen raskautta.",multiword_vocab_token,legacy,/home/vitus/floently-finnish/apps/backend/practice/data/cards/doctor_cards.json
doctor_5111,doctor,"Raskauden aikana SSRI-lääkkeitä käyttäneitä äitejä verrattiin masennusdiagnoosin saaneisiin naisiin, jotka eivät käyttäneet _____itä raskauden aikana, sekä naisiin, jotka olivat lopettaneet SSRI-lääkityksen ennen raskautta.",multiword_vocab_token,legacy,/home/vitus/floently-finnish/apps/backend/practice/data/cards/doctor_cards.json
doctor_5121,doctor,"Raskauden aikana SSRI-lääkkeitä käyttäneitä äitejä verrattiin masennusdiagnoosin saaneisiin naisiin, jotka eivät käyttäneet masennuslääkkeitä _____den aikana, sekä naisiin, jotka olivat lopettaneet SSRI-lääkityksen ennen _____tta.",multiword_vocab_token,legacy,/home/vitus/floently-finnish/apps/backend/practice/data/cards/doctor_cards.json
doctor_5122,doctor,"Raskauden aikana SSRI-lääkkeitä käyttäneitä äitejä verrattiin masennusdiagnoosin saaneisiin naisiin, jotka eivät käyttäneet masennuslääkkeitä _____den aikana, sekä naisiin, jotka olivat lopettaneet SSRI-lääkityksen ennen _____tta.",multiword_vocab_token,legacy,/home/vitus/floently-finnish/apps/backend/practice/data/cards/doctor_cards.json
doctor_5129,doctor,"Hän kuvailee tautia ”ihan kamalaksi” ja arvioi, ettei koskaan aiemmin ole sairastanut yhtä pahaa _____tautia ja ripulia.",multiword_vocab_token,legacy,/home/vitus/floently-finnish/apps/backend/practice/data/cards/doctor_cards.json
doctor_5130,doctor,"Hän kuvailee tautia ”ihan kamalaksi” ja arvioi, ettei koskaan aiemmin ole sairastanut yhtä pahaa _____tautia ja ripulia.",multiword_vocab_token,legacy,/home/vitus/floently-finnish/apps/backend/practice/data/cards/doctor_cards.json
doctor_5134,doctor,"Yleisimpiä haittavaikutuksia ovat muun muassa pahoinvointi, oksennus, ripuli ja _____",multiword_vocab_token,legacy,/home/vitus/floently-finnish/apps/backend/practice/data/cards/doctor_cards.json
doctor_5135,doctor,"Yleisimpiä haittavaikutuksia ovat muun muassa pahoinvointi, oksennus, ripuli ja _____",multiword_vocab_token,legacy,/home/vitus/floently-finnish/apps/backend/practice/data/cards/doctor_cards.json
doctor_5139,doctor,Osa _____sta taas johtuu lääkkeistä,multiword_vocab_token,legacy,/home/vitus/floently-finnish/apps/backend/practice/data/cards/doctor_cards.json
doctor_5140,doctor,Osa _____sta taas johtuu lääkkeistä,multiword_vocab_token,legacy,/home/vitus/floently-finnish/apps/backend/practice/data/cards/doctor_cards.json
doctor_5144,doctor,"– Se on _____, netissä voi varata lääkäriaikoja aamukahdeksasta iltakahdeksaan, sanoo Mika.",multiword_vocab_token,legacy,/home/vitus/floently-finnish/apps/backend/practice/data/cards/doctor_cards.json
doctor_5145,doctor,"– Se on _____, netissä voi varata lääkäriaikoja aamukahdeksasta iltakahdeksaan, sanoo Mika.",multiword_vocab_token,legacy,/home/vitus/floently-finnish/apps/backend/practice/data/cards/doctor_cards.json
doctor_5149,doctor,"Ei siis ole ihme, että _____klinikoiden määrä kasvaa nopeasti",multiword_vocab_token,legacy,/home/vitus/floently-finnish/apps/backend/practice/data/cards/doctor_cards.json
doctor_5150,doctor,"Ei siis ole ihme, että _____klinikoiden määrä kasvaa nopeasti",multiword_vocab_token,legacy,/home/vitus/floently-finnish/apps/backend/practice/data/cards/doctor_cards.json
doctor_5154,doctor,"– Se on liukuhihna, netissä voi _____ lääkäriaikoja aamukahdeksasta iltakahdeksaan, sanoo Mika.",multiword_vocab_token,legacy,/home/vitus/floently-finnish/apps/backend/practice/data/cards/doctor_cards.json
doctor_5155,doctor,"– Se on liukuhihna, netissä voi _____ lääkäriaikoja aamukahdeksasta iltakahdeksaan, sanoo Mika.",multiword_vocab_token,legacy,/home/vitus/floently-finnish/apps/backend/practice/data/cards/doctor_cards.json
doctor_5162,doctor,"– Se on liukuhihna, netissä voi varata lääkäriaikoja _____ iltakahdeksaan, sanoo Mika.",multiword_vocab_token,legacy,/home/vitus/floently-finnish/apps/backend/practice/data/cards/doctor_cards.json
doctor_5163,doctor,"– Se on liukuhihna, netissä voi varata lääkäriaikoja _____ iltakahdeksaan, sanoo Mika.",multiword_vocab_token,legacy,/home/vitus/floently-finnish/apps/backend/practice/data/cards/doctor_cards.json
doctor_5167,doctor,"– Se on liukuhihna, netissä voi varata lääkäriaikoja aamukahdeksasta _____, sanoo Mika.",multiword_vocab_token,legacy,/home/vitus/floently-finnish/apps/backend/practice/data/cards/doctor_cards.json
doctor_5168,doctor,"– Se on liukuhihna, netissä voi varata lääkäriaikoja aamukahdeksasta _____, sanoo Mika.",multiword_vocab_token,legacy,/home/vitus/floently-finnish/apps/backend/practice/data/cards/doctor_cards.json
doctor_5172,doctor,Endotoksemian katsotaan _____sti johtuvan suoliston lisääntyneestä läpäisevyydestä,multiword_vocab_token,legacy,/home/vitus/floently-finnish/apps/backend/practice/data/cards/doctor_cards.json
doctor_5173,doctor,Endotoksemian katsotaan _____sti johtuvan suoliston lisääntyneestä läpäisevyydestä,multiword_vocab_token,legacy,/home/vitus/floently-finnish/apps/backend/practice/data/cards/doctor_cards.json
doctor_5183,doctor,Lihavuuslääkettä _____än Pietiläinen on löytänyt vakaviakin sairauksia.,multiword_vocab_token,legacy,/home/vitus/floently-finnish/apps/backend/practice/data/cards/doctor_cards.json
doctor_5184,doctor,Lihavuuslääkettä _____än Pietiläinen on löytänyt vakaviakin sairauksia.,multiword_vocab_token,legacy,/home/vitus/floently-finnish/apps/backend/practice/data/cards/doctor_cards.json
doctor_5188,doctor,Lihavuuslääkettä määrätessään Pietiläinen on löytänyt _____ sairauksia.,multiword_vocab_token,legacy,/home/vitus/floently-finnish/apps/backend/practice/data/cards/doctor_cards.json
doctor_5189,doctor,Lihavuuslääkettä määrätessään Pietiläinen on löytänyt _____ sairauksia.,multiword_vocab_token,legacy,/home/vitus/floently-finnish/apps/backend/practice/data/cards/doctor_cards.json
doctor_5193,doctor,"Tämä on länsimaissa _____ kehityssuunta, joka lisää lääkinnän ja lääketieteen toiminta-alaa yhteiskunnassa ja muuttaa terveyden edistämisen ja lääketieteelliset toimenpiteet ihmiselämän keskeiseksi asiaksi.",multiword_vocab_token,legacy,/home/vitus/floently-finnish/apps/backend/practice/data/cards/doctor_cards.json
doctor_5194,doctor,"Tämä on länsimaissa _____ kehityssuunta, joka lisää lääkinnän ja lääketieteen toiminta-alaa yhteiskunnassa ja muuttaa terveyden edistämisen ja lääketieteelliset toimenpiteet ihmiselämän keskeiseksi asiaksi.",multiword_vocab_token,legacy,/home/vitus/floently-finnish/apps/backend/practice/data/cards/doctor_cards.json
doctor_5198,doctor,"Miehillä noin 127/79 mmHg ja naisilla noin 122/77 mmHg, vaikkakin nämä keskiarvot peittävät niistä eriävät melko suuret alueelliset _____ukset.[1] Vuonna 2017 tehdyn FinTerveys-tutkimuksen mukaan kaikkien 30 vuotta täyttäneiden suomalaisten miesten verenpaineen keskiarvo oli",digit_in_token|citation_artifact|multiword_vocab_token,legacy,/home/vitus/floently-finnish/apps/backend/practice/data/cards/doctor_cards.json
doctor_5199,doctor,"Miehillä noin 127/79 mmHg ja naisilla noin 122/77 mmHg, vaikkakin nämä keskiarvot peittävät niistä eriävät melko suuret alueelliset _____ukset.[1] Vuonna 2017 tehdyn FinTerveys-tutkimuksen mukaan kaikkien 30 vuotta täyttäneiden suomalaisten miesten verenpaineen keskiarvo oli",digit_in_token|citation_artifact|multiword_vocab_token,legacy,/home/vitus/floently-finnish/apps/backend/practice/data/cards/doctor_cards.json
doctor_5203,doctor,"Tämä on länsimaissa vallitseva kehityssuunta, joka lisää lääkinnän ja lääketieteen _____ yhteiskunnassa ja muuttaa terveyden edistämisen ja lääketieteelliset toimenpiteet ihmiselämän keskeiseksi asiaksi.",multiword_vocab_token,legacy,/home/vitus/floently-finnish/apps/backend/practice/data/cards/doctor_cards.json
doctor_5204,doctor,"Tämä on länsimaissa vallitseva kehityssuunta, joka lisää lääkinnän ja lääketieteen _____ yhteiskunnassa ja muuttaa terveyden edistämisen ja lääketieteelliset toimenpiteet ihmiselämän keskeiseksi asiaksi.",multiword_vocab_token,legacy,/home/vitus/floently-finnish/apps/backend/practice/data/cards/doctor_cards.json
doctor_5214,doctor,"Tämä on länsimaissa vallitseva kehityssuunta, joka lisää lääkinnän ja lääketieteen toiminta-alaa yhteiskunnassa ja muuttaa terveyden edistämisen ja lääketieteelliset toimenpiteet _____ keskeiseksi asiaksi.",multiword_vocab_token,legacy,/home/vitus/floently-finnish/apps/backend/practice/data/cards/doctor_cards.json
doctor_5215,doctor,"Tämä on länsimaissa vallitseva kehityssuunta, joka lisää lääkinnän ja lääketieteen toiminta-alaa yhteiskunnassa ja muuttaa terveyden edistämisen ja lääketieteelliset toimenpiteet _____ keskeiseksi asiaksi.",multiword_vocab_token,legacy,/home/vitus/floently-finnish/apps/backend/practice/data/cards/doctor_cards.json
doctor_5219,doctor,"Tämä on länsimaissa vallitseva kehityssuunta, joka lisää lääkinnän ja lääketieteen toiminta-alaa yhteiskunnassa ja muuttaa terveyden edistämisen ja lääketieteelliset toimenpiteet ihmiselämän _____ksi asiaksi.",multiword_vocab_token,legacy,/home/vitus/floently-finnish/apps/backend/practice/data/cards/doctor_cards.json
doctor_5220,doctor,"Tämä on länsimaissa vallitseva kehityssuunta, joka lisää lääkinnän ja lääketieteen toiminta-alaa yhteiskunnassa ja muuttaa terveyden edistämisen ja lääketieteelliset toimenpiteet ihmiselämän _____ksi asiaksi.",multiword_vocab_token,legacy,/home/vitus/floently-finnish/apps/backend/practice/data/cards/doctor_cards.json
doctor_5224,doctor,"Tämä on länsimaissa vallitseva kehityssuunta, joka lisää lääkinnän ja lääketieteen toiminta-alaa yhteiskunnassa ja muuttaa terveyden edistämisen ja lääketieteelliset toimenpiteet ihmiselämän keskeiseksi _____.",multiword_vocab_token,legacy,/home/vitus/floently-finnish/apps/backend/practice/data/cards/doctor_cards.json
doctor_5225,doctor,"Tämä on länsimaissa vallitseva kehityssuunta, joka lisää lääkinnän ja lääketieteen toiminta-alaa yhteiskunnassa ja muuttaa terveyden edistämisen ja lääketieteelliset toimenpiteet ihmiselämän keskeiseksi _____.",multiword_vocab_token,legacy,/home/vitus/floently-finnish/apps/backend/practice/data/cards/doctor_cards.json
doctor_5235,doctor,"Lääkehoidoissa on löydetty ensimmäiset täsmälääkkeet, jotka _____ kasvaimen mutta aiheuttavat vähemmän sivuvaikutuksia kuin ennen",multiword_vocab_token,legacy,/home/vitus/floently-finnish/apps/backend/practice/data/cards/doctor_cards.json
doctor_5236,doctor,"Lääkehoidoissa on löydetty ensimmäiset täsmälääkkeet, jotka _____ kasvaimen mutta aiheuttavat vähemmän sivuvaikutuksia kuin ennen",multiword_vocab_token,legacy,/home/vitus/floently-finnish/apps/backend/practice/data/cards/doctor_cards.json
doctor_5240,doctor,"Diabetesdiagnoosin _____ ja niiden eri muotojen erottaminen toisistaan vaatii lisäksi oireiden tulkitsemista, potilaan sukulaisten sairauksien selvittämistä tai mahdollisesti geenitestejä.[2]",digit_in_token|citation_artifact|multiword_vocab_token,legacy,/home/vitus/floently-finnish/apps/backend/practice/data/cards/doctor_cards.json
doctor_5241,doctor,"Diabetesdiagnoosin _____ ja niiden eri muotojen erottaminen toisistaan vaatii lisäksi oireiden tulkitsemista, potilaan sukulaisten sairauksien selvittämistä tai mahdollisesti geenitestejä.[2]",digit_in_token|citation_artifact|multiword_vocab_token,legacy,/home/vitus/floently-finnish/apps/backend/practice/data/cards/doctor_cards.json
doctor_5245,doctor,"Diabetesdiagnoosin varmentaminen ja niiden eri muotojen _____ toisistaan vaatii lisäksi oireiden tulkitsemista, potilaan sukulaisten sairauksien selvittämistä tai mahdollisesti geenitestejä.[2]",digit_in_token|citation_artifact|multiword_vocab_token,legacy,/home/vitus/floently-finnish/apps/backend/practice/data/cards/doctor_cards.json
doctor_5246,doctor,"Diabetesdiagnoosin varmentaminen ja niiden eri muotojen _____ toisistaan vaatii lisäksi oireiden tulkitsemista, potilaan sukulaisten sairauksien selvittämistä tai mahdollisesti geenitestejä.[2]",digit_in_token|citation_artifact|multiword_vocab_token,legacy,/home/vitus/floently-finnish/apps/backend/practice/data/cards/doctor_cards.json
doctor_5256,doctor,"Diabetesdiagnoosin varmentaminen ja niiden eri muotojen erottaminen toisistaan vaatii lisäksi oireiden tulkitsemista, potilaan sukulaisten sairauksien _____ tai mahdollisesti geenitestejä.[2]",digit_in_token|citation_artifact|multiword_vocab_token,legacy,/home/vitus/floently-finnish/apps/backend/practice/data/cards/doctor_cards.json
doctor_5257,doctor,"Diabetesdiagnoosin varmentaminen ja niiden eri muotojen erottaminen toisistaan vaatii lisäksi oireiden tulkitsemista, potilaan sukulaisten sairauksien _____ tai mahdollisesti geenitestejä.[2]",digit_in_token|citation_artifact|multiword_vocab_token,legacy,/home/vitus/floently-finnish/apps/backend/practice/data/cards/doctor_cards.json
doctor_5264,doctor,"Malmin mukaan yhteys raskausdiabetekseen vaatii vielä lisää tutkimuksia, jotta _____ ja taustalla olevat biologiset mekanismit ymmärrettäsiin paremmin.",multiword_vocab_token,legacy,/home/vitus/floently-finnish/apps/backend/practice/data/cards/doctor_cards.json
doctor_5265,doctor,"Malmin mukaan yhteys raskausdiabetekseen vaatii vielä lisää tutkimuksia, jotta _____ ja taustalla olevat biologiset mekanismit ymmärrettäsiin paremmin.",multiword_vocab_token,legacy,/home/vitus/floently-finnish/apps/backend/practice/data/cards/doctor_cards.json
doctor_5269,doctor,"Malmin mukaan yhteys raskausdiabetekseen vaatii vielä lisää tutkimuksia, jotta syy-seuraussuhteet ja taustalla olevat _____ mekanismit ymmärrettäsiin paremmin.",multiword_vocab_token,legacy,/home/vitus/floently-finnish/apps/backend/practice/data/cards/doctor_cards.json
doctor_5270,doctor,"Malmin mukaan yhteys raskausdiabetekseen vaatii vielä lisää tutkimuksia, jotta syy-seuraussuhteet ja taustalla olevat _____ mekanismit ymmärrettäsiin paremmin.",multiword_vocab_token,legacy,/home/vitus/floently-finnish/apps/backend/practice/data/cards/doctor_cards.json
doctor_5274,doctor,"Malmin mukaan yhteys raskausdiabetekseen vaatii vielä lisää tutkimuksia, jotta syy-seuraussuhteet ja taustalla olevat biologiset _____t ymmärrettäsiin paremmin.",multiword_vocab_token,legacy,/home/vitus/floently-finnish/apps/backend/practice/data/cards/doctor_cards.json
doctor_5275,doctor,"Malmin mukaan yhteys raskausdiabetekseen vaatii vielä lisää tutkimuksia, jotta syy-seuraussuhteet ja taustalla olevat biologiset _____t ymmärrettäsiin paremmin.",multiword_vocab_token,legacy,/home/vitus/floently-finnish/apps/backend/practice/data/cards/doctor_cards.json
doctor_5279,doctor,"Malmin mukaan yhteys raskausdiabetekseen vaatii vielä lisää tutkimuksia, jotta syy-seuraussuhteet ja taustalla olevat biologiset mekanismit _____ paremmin.",multiword_vocab_token,legacy,/home/vitus/floently-finnish/apps/backend/practice/data/cards/doctor_cards.json
doctor_5280,doctor,"Malmin mukaan yhteys raskausdiabetekseen vaatii vielä lisää tutkimuksia, jotta syy-seuraussuhteet ja taustalla olevat biologiset mekanismit _____ paremmin.",multiword_vocab_token,legacy,/home/vitus/floently-finnish/apps/backend/practice/data/cards/doctor_cards.json
doctor_5284,doctor,Yleisemmin tunnettujen tulehdusvälittäjäaineiden kohonnut pitosuus veressä korreloi _____llä suuremman kuolleisuuden ja suuremman sydän- ja verisuonitautien esiintyvyyden kanssa.[55] Matala-asteisen tulehduksen arviointiin voidaan käyttää myös herkän CRP:n tasoa selvittävää laboratoriotutkimusta.[56],digit_in_token|citation_artifact|multiword_vocab_token,legacy,/home/vitus/floently-finnish/apps/backend/practice/data/cards/doctor_cards.json
doctor_5285,doctor,Yleisemmin tunnettujen tulehdusvälittäjäaineiden kohonnut pitosuus veressä korreloi _____llä suuremman kuolleisuuden ja suuremman sydän- ja verisuonitautien esiintyvyyden kanssa.[55] Matala-asteisen tulehduksen arviointiin voidaan käyttää myös herkän CRP:n tasoa selvittävää laboratoriotutkimusta.[56],digit_in_token|citation_artifact|multiword_vocab_token,legacy,/home/vitus/floently-finnish/apps/backend/practice/data/cards/doctor_cards.json
doctor_5298,doctor,"Nämä sairaudet ovat yleistyneet lähes kaikissa maissa, mutta suhteessa enemmän _____ssä ja keskituloisemmissa maissa, kuin rikkaammissa maissa.[22]",digit_in_token|citation_artifact|multiword_vocab_token,legacy,/home/vitus/floently-finnish/apps/backend/practice/data/cards/doctor_cards.json
doctor_5299,doctor,"Nämä sairaudet ovat yleistyneet lähes kaikissa maissa, mutta suhteessa enemmän _____ssä ja keskituloisemmissa maissa, kuin rikkaammissa maissa.[22]",digit_in_token|citation_artifact|multiword_vocab_token,legacy,/home/vitus/floently-finnish/apps/backend/practice/data/cards/doctor_cards.json
doctor_5303,doctor,"Nämä sairaudet ovat yleistyneet lähes kaikissa maissa, mutta suhteessa enemmän köyhemmissä ja _____ maissa, kuin rikkaammissa maissa.[22]",digit_in_token|citation_artifact|multiword_vocab_token,legacy,/home/vitus/floently-finnish/apps/backend/practice/data/cards/doctor_cards.json
doctor_5304,doctor,"Nämä sairaudet ovat yleistyneet lähes kaikissa maissa, mutta suhteessa enemmän köyhemmissä ja _____ maissa, kuin rikkaammissa maissa.[22]",digit_in_token|citation_artifact|multiword_vocab_token,legacy,/home/vitus/floently-finnish/apps/backend/practice/data/cards/doctor_cards.json
doctor_5308,doctor,"Nämä sairaudet ovat yleistyneet lähes kaikissa maissa, mutta suhteessa enemmän köyhemmissä ja keskituloisemmissa maissa, kuin _____ maissa.[22]",digit_in_token|citation_artifact|multiword_vocab_token,legacy,/home/vitus/floently-finnish/apps/backend/practice/data/cards/doctor_cards.json
doctor_5309,doctor,"Nämä sairaudet ovat yleistyneet lähes kaikissa maissa, mutta suhteessa enemmän köyhemmissä ja keskituloisemmissa maissa, kuin _____ maissa.[22]",digit_in_token|citation_artifact|multiword_vocab_token,legacy,/home/vitus/floently-finnish/apps/backend/practice/data/cards/doctor_cards.json
doctor_5316,doctor,"– Oireina ovat erittäin kova päänsärky, korkea kuume, jatkuva _____ ja kova yskä, jossa lima ei kunnolla irtoa",multiword_vocab_token,legacy,/home/vitus/floently-finnish/apps/backend/practice/data/cards/doctor_cards.json
doctor_5317,doctor,"– Oireina ovat erittäin kova päänsärky, korkea kuume, jatkuva _____ ja kova yskä, jossa lima ei kunnolla irtoa",multiword_vocab_token,legacy,/home/vitus/floently-finnish/apps/backend/practice/data/cards/doctor_cards.json
doctor_5321,doctor,Moni influenssaa sairastanut kertoi korkeasta kuumeesta ja sitkeästä _____stä,multiword_vocab_token,legacy,/home/vitus/floently-finnish/apps/backend/practice/data/cards/doctor_cards.json
doctor_5322,doctor,Moni influenssaa sairastanut kertoi korkeasta kuumeesta ja sitkeästä _____stä,multiword_vocab_token,legacy,/home/vitus/floently-finnish/apps/backend/practice/data/cards/doctor_cards.json
doctor_5326,doctor,"– Oireina ovat erittäin kova päänsärky, korkea kuume, jatkuva niistäminen ja kova yskä, jossa _____ ei kunnolla irtoa",multiword_vocab_token,legacy,/home/vitus/floently-finnish/apps/backend/practice/data/cards/doctor_cards.json
doctor_5327,doctor,"– Oireina ovat erittäin kova päänsärky, korkea kuume, jatkuva niistäminen ja kova yskä, jossa _____ ei kunnolla irtoa",multiword_vocab_token,legacy,/home/vitus/floently-finnish/apps/backend/practice/data/cards/doctor_cards.json
doctor_5331,doctor,"reikä, tukos, kudostuho, kasvain, tulehdus, poisto ja si_____",multiword_vocab_token,legacy,/home/vitus/floently-finnish/apps/backend/practice/data/cards/doctor_cards.json
doctor_5332,doctor,"reikä, tukos, kudostuho, kasvain, tulehdus, poisto ja si_____",multiword_vocab_token,legacy,/home/vitus/floently-finnish/apps/backend/practice/data/cards/doctor_cards.json
doctor_5342,doctor,Muutamassa toteutetussa tutkimuksissa on löydetty viitteitä _____ operaatioihin liittyvästä plasebovaikutuksesta,multiword_vocab_token,legacy,/home/vitus/floently-finnish/apps/backend/practice/data/cards/doctor_cards.json
doctor_5343,doctor,Muutamassa toteutetussa tutkimuksissa on löydetty viitteitä _____ operaatioihin liittyvästä plasebovaikutuksesta,multiword_vocab_token,legacy,/home/vitus/floently-finnish/apps/backend/practice/data/cards/doctor_cards.json
doctor_5347,doctor,Muutamassa toteutetussa tutkimuksissa on löydetty viitteitä kirurgisiinkin _____ liittyvästä plasebovaikutuksesta,multiword_vocab_token,legacy,/home/vitus/floently-finnish/apps/backend/practice/data/cards/doctor_cards.json
doctor_5348,doctor,Muutamassa toteutetussa tutkimuksissa on löydetty viitteitä kirurgisiinkin _____ liittyvästä plasebovaikutuksesta,multiword_vocab_token,legacy,/home/vitus/floently-finnish/apps/backend/practice/data/cards/doctor_cards.json
doctor_5352,doctor,Muutamassa toteutetussa tutkimuksissa on löydetty viitteitä kirurgisiinkin operaatioihin liittyvästä _____,multiword_vocab_token,legacy,/home/vitus/floently-finnish/apps/backend/practice/data/cards/doctor_cards.json
doctor_5353,doctor,Muutamassa toteutetussa tutkimuksissa on löydetty viitteitä kirurgisiinkin operaatioihin liittyvästä _____,multiword_vocab_token,legacy,/home/vitus/floently-finnish/apps/backend/practice/data/cards/doctor_cards.json
doctor_5366,doctor,"– Lyhyellä aikavälillä ihmisillä on päänsärkyä, pahoinvointia, hengitysvaikeuksia ja palamisen _____tta silmissä, kasvoissa ja kurkussa",multiword_vocab_token,legacy,/home/vitus/floently-finnish/apps/backend/practice/data/cards/doctor_cards.json
doctor_5367,doctor,"– Lyhyellä aikavälillä ihmisillä on päänsärkyä, pahoinvointia, hengitysvaikeuksia ja palamisen _____tta silmissä, kasvoissa ja kurkussa",multiword_vocab_token,legacy,/home/vitus/floently-finnish/apps/backend/practice/data/cards/doctor_cards.json
doctor_5371,doctor,"Vaikea _____sairaus NAION hyvin harvinainen haittavaikutus, jota voi esiintyä yhdellä ihmisellä kymmenestä tuhannesta.",multiword_vocab_token,legacy,/home/vitus/floently-finnish/apps/backend/practice/data/cards/doctor_cards.json
doctor_5372,doctor,"Vaikea _____sairaus NAION hyvin harvinainen haittavaikutus, jota voi esiintyä yhdellä ihmisellä kymmenestä tuhannesta.",multiword_vocab_token,legacy,/home/vitus/floently-finnish/apps/backend/practice/data/cards/doctor_cards.json
doctor_5376,doctor,"– Lyhyellä aikavälillä ihmisillä on päänsärkyä, pahoinvointia, hengitysvaikeuksia ja palamisen tunnetta silmissä, _____issa ja kurkussa",multiword_vocab_token,legacy,/home/vitus/floently-finnish/apps/backend/practice/data/cards/doctor_cards.json
doctor_5377,doctor,"– Lyhyellä aikavälillä ihmisillä on päänsärkyä, pahoinvointia, hengitysvaikeuksia ja palamisen tunnetta silmissä, _____issa ja kurkussa",multiword_vocab_token,legacy,/home/vitus/floently-finnish/apps/backend/practice/data/cards/doctor_cards.json
doctor_5381,doctor,"Leikkauksia suoritetaan myös muilla erikoisaloilla, kuten gynekologian, silmätautien ja korva-, nenä- ja _____tautien aloilla",multiword_vocab_token,legacy,/home/vitus/floently-finnish/apps/backend/practice/data/cards/doctor_cards.json
doctor_5382,doctor,"Leikkauksia suoritetaan myös muilla erikoisaloilla, kuten gynekologian, silmätautien ja korva-, nenä- ja _____tautien aloilla",multiword_vocab_token,legacy,/home/vitus/floently-finnish/apps/backend/practice/data/cards/doctor_cards.json
doctor_5386,doctor,"Julkinen _____, mielipiteet, kulttuuriset normit ja taloudelliset intressit vaikuttavat siihen, mitä kulloinkin pidetään sairautena",multiword_vocab_token,legacy,/home/vitus/floently-finnish/apps/backend/practice/data/cards/doctor_cards.json
doctor_5387,doctor,"Julkinen _____, mielipiteet, kulttuuriset normit ja taloudelliset intressit vaikuttavat siihen, mitä kulloinkin pidetään sairautena",multiword_vocab_token,legacy,/home/vitus/floently-finnish/apps/backend/practice/data/cards/doctor_cards.json
doctor_5397,doctor,"Julkinen keskustelu, mielipiteet, kulttuuriset _____t ja taloudelliset intressit vaikuttavat siihen, mitä kulloinkin pidetään sairautena",multiword_vocab_token,legacy,/home/vitus/floently-finnish/apps/backend/practice/data/cards/doctor_cards.json
doctor_5398,doctor,"Julkinen keskustelu, mielipiteet, kulttuuriset _____t ja taloudelliset intressit vaikuttavat siihen, mitä kulloinkin pidetään sairautena",multiword_vocab_token,legacy,/home/vitus/floently-finnish/apps/backend/practice/data/cards/doctor_cards.json
doctor_5405,doctor,"Julkinen keskustelu, mielipiteet, kulttuuriset normit ja taloudelliset _____ vaikuttavat siihen, mitä kulloinkin pidetään sairautena",multiword_vocab_token,legacy,/home/vitus/floently-finnish/apps/backend/practice/data/cards/doctor_cards.json
doctor_5406,doctor,"Julkinen keskustelu, mielipiteet, kulttuuriset normit ja taloudelliset _____ vaikuttavat siihen, mitä kulloinkin pidetään sairautena",multiword_vocab_token,legacy,/home/vitus/floently-finnish/apps/backend/practice/data/cards/doctor_cards.json
doctor_5410,doctor,"Julkinen keskustelu, mielipiteet, kulttuuriset normit ja taloudelliset intressit vaikuttavat siihen, mitä kulloinkin pidetään _____",multiword_vocab_token,legacy,/home/vitus/floently-finnish/apps/backend/practice/data/cards/doctor_cards.json
doctor_5411,doctor,"Julkinen keskustelu, mielipiteet, kulttuuriset normit ja taloudelliset intressit vaikuttavat siihen, mitä kulloinkin pidetään _____",multiword_vocab_token,legacy,/home/vitus/floently-finnish/apps/backend/practice/data/cards/doctor_cards.json
doctor_5418,doctor,Seuraavassa on diabetes mellitus -sairauksien ICD-10 _____:,digit_in_token|multiword_vocab_token,legacy,/home/vitus/floently-finnish/apps/backend/practice/data/cards/doctor_cards.json
doctor_5419,doctor,Seuraavassa on diabetes mellitus -sairauksien ICD-10 _____:,digit_in_token|multiword_vocab_token,legacy,/home/vitus/floently-finnish/apps/backend/practice/data/cards/doctor_cards.json
doctor_5426,doctor,Potilas _____an tällöin leikkaamaan uudelleen,multiword_vocab_token,legacy,/home/vitus/floently-finnish/apps/backend/practice/data/cards/doctor_cards.json
doctor_5427,doctor,Potilas _____an tällöin leikkaamaan uudelleen,multiword_vocab_token,legacy,/home/vitus/floently-finnish/apps/backend/practice/data/cards/doctor_cards.json
doctor_5431,doctor,Potilas joudutaan tällöin _____ uudelleen,multiword_vocab_token,legacy,/home/vitus/floently-finnish/apps/backend/practice/data/cards/doctor_cards.json
doctor_5432,doctor,Potilas joudutaan tällöin _____ uudelleen,multiword_vocab_token,legacy,/home/vitus/floently-finnish/apps/backend/practice/data/cards/doctor_cards.json
doctor_5442,doctor,"Jotta tutkimukseen saataisiin _____ verrokkiryhmä, pitäisi siihen kuuluvillekin tehdä jonkinlainen ""lumeleikkaus""",multiword_vocab_token,legacy,/home/vitus/floently-finnish/apps/backend/practice/data/cards/doctor_cards.json
doctor_5443,doctor,"Jotta tutkimukseen saataisiin _____ verrokkiryhmä, pitäisi siihen kuuluvillekin tehdä jonkinlainen ""lumeleikkaus""",multiword_vocab_token,legacy,/home/vitus/floently-finnish/apps/backend/practice/data/cards/doctor_cards.json
doctor_5447,doctor,"Jotta tutkimukseen saataisiin vertailukelpoinen _____, pitäisi siihen kuuluvillekin tehdä jonkinlainen ""lumeleikkaus""",multiword_vocab_token,legacy,/home/vitus/floently-finnish/apps/backend/practice/data/cards/doctor_cards.json
doctor_5448,doctor,"Jotta tutkimukseen saataisiin vertailukelpoinen _____, pitäisi siihen kuuluvillekin tehdä jonkinlainen ""lumeleikkaus""",multiword_vocab_token,legacy,/home/vitus/floently-finnish/apps/backend/practice/data/cards/doctor_cards.json
doctor_5452,doctor,"Jotta tutkimukseen saataisiin vertailukelpoinen verrokkiryhmä, pitäisi siihen kuuluvillekin tehdä jonkinlainen ""_____""",multiword_vocab_token,legacy,/home/vitus/floently-finnish/apps/backend/practice/data/cards/doctor_cards.json
doctor_5453,doctor,"Jotta tutkimukseen saataisiin vertailukelpoinen verrokkiryhmä, pitäisi siihen kuuluvillekin tehdä jonkinlainen ""_____""",multiword_vocab_token,legacy,/home/vitus/floently-finnish/apps/backend/practice/data/cards/doctor_cards.json
doctor_5457,doctor,Erotetaan _____ akanoista ja terveet sairaista.”,multiword_vocab_token,legacy,/home/vitus/floently-finnish/apps/backend/practice/data/cards/doctor_cards.json
doctor_5458,doctor,Erotetaan _____ akanoista ja terveet sairaista.”,multiword_vocab_token,legacy,/home/vitus/floently-finnish/apps/backend/practice/data/cards/doctor_cards.json
doctor_5462,doctor,Erotetaan jyvät _____ta ja terveet sairaista.”,multiword_vocab_token,legacy,/home/vitus/floently-finnish/apps/backend/practice/data/cards/doctor_cards.json
doctor_5463,doctor,Erotetaan jyvät _____ta ja terveet sairaista.”,multiword_vocab_token,legacy,/home/vitus/floently-finnish/apps/backend/practice/data/cards/doctor_cards.json
doctor_5467,doctor,Erotetaan jyvät akanoista ja _____ sairaista.”,multiword_vocab_token,legacy,/home/vitus/floently-finnish/apps/backend/practice/data/cards/doctor_cards.json
doctor_5468,doctor,Erotetaan jyvät akanoista ja _____ sairaista.”,multiword_vocab_token,legacy,/home/vitus/floently-finnish/apps/backend/practice/data/cards/doctor_cards.json
doctor_5472,doctor,"Yleiskunto romahtaa päivän tai kahden aikana varsinkin, jos _____us johtuu meningokokki- tai pneumokokki-bakteerista.",multiword_vocab_token,legacy,/home/vitus/floently-finnish/apps/backend/practice/data/cards/doctor_cards.json
doctor_5473,doctor,"Yleiskunto romahtaa päivän tai kahden aikana varsinkin, jos _____us johtuu meningokokki- tai pneumokokki-bakteerista.",multiword_vocab_token,legacy,/home/vitus/floently-finnish/apps/backend/practice/data/cards/doctor_cards.json
doctor_5477,doctor,"Samalla on kuitenkin tarpeen seurata tarkasti sekä raskauden _____a että vastasyntyneen vointia, kertoo tiedotteessa tutkimuksen pääkirjoittaja, Turun yliopiston Lastenpsykiatrian tutkimuskeskuksen dosentti, Heli Malm.",multiword_vocab_token,legacy,/home/vitus/floently-finnish/apps/backend/practice/data/cards/doctor_cards.json
doctor_5478,doctor,"Samalla on kuitenkin tarpeen seurata tarkasti sekä raskauden _____a että vastasyntyneen vointia, kertoo tiedotteessa tutkimuksen pääkirjoittaja, Turun yliopiston Lastenpsykiatrian tutkimuskeskuksen dosentti, Heli Malm.",multiword_vocab_token,legacy,/home/vitus/floently-finnish/apps/backend/practice/data/cards/doctor_cards.json
doctor_5482,doctor,"Samalla on kuitenkin tarpeen seurata tarkasti sekä raskauden kulkua että _____ vointia, kertoo tiedotteessa tutkimuksen pääkirjoittaja, Turun yliopiston Lastenpsykiatrian tutkimuskeskuksen dosentti, Heli Malm.",multiword_vocab_token,legacy,/home/vitus/floently-finnish/apps/backend/practice/data/cards/doctor_cards.json
doctor_5483,doctor,"Samalla on kuitenkin tarpeen seurata tarkasti sekä raskauden kulkua että _____ vointia, kertoo tiedotteessa tutkimuksen pääkirjoittaja, Turun yliopiston Lastenpsykiatrian tutkimuskeskuksen dosentti, Heli Malm.",multiword_vocab_token,legacy,/home/vitus/floently-finnish/apps/backend/practice/data/cards/doctor_cards.json
doctor_5487,doctor,"– Lyhyellä aikavälillä ihmisillä on päänsärkyä, pahoin_____a, hengitysvaikeuksia ja palamisen tunnetta silmissä, kasvoissa ja kurkussa",multiword_vocab_token,legacy,/home/vitus/floently-finnish/apps/backend/practice/data/cards/doctor_cards.json
doctor_5488,doctor,"– Lyhyellä aikavälillä ihmisillä on päänsärkyä, pahoin_____a, hengitysvaikeuksia ja palamisen tunnetta silmissä, kasvoissa ja kurkussa",multiword_vocab_token,legacy,/home/vitus/floently-finnish/apps/backend/practice/data/cards/doctor_cards.json
doctor_5492,doctor,"Samalla on kuitenkin tarpeen seurata tarkasti sekä raskauden kulkua että vastasyntyneen vointia, kertoo tiedotteessa tutkimuksen _____, Turun yliopiston Lastenpsykiatrian tutkimuskeskuksen dosentti, Heli Malm.",multiword_vocab_token,legacy,/home/vitus/floently-finnish/apps/backend/practice/data/cards/doctor_cards.json
doctor_5493,doctor,"Samalla on kuitenkin tarpeen seurata tarkasti sekä raskauden kulkua että vastasyntyneen vointia, kertoo tiedotteessa tutkimuksen _____, Turun yliopiston Lastenpsykiatrian tutkimuskeskuksen dosentti, Heli Malm.",multiword_vocab_token,legacy,/home/vitus/floently-finnish/apps/backend/practice/data/cards/doctor_cards.json
doctor_5497,doctor,"Samalla on kuitenkin tarpeen seurata tarkasti sekä raskauden kulkua että vastasyntyneen vointia, kertoo tiedotteessa tutkimuksen pääkirjoittaja, Turun yliopiston Lastenpsykiatrian tutkimuskeskuksen _____, Heli Malm.",multiword_vocab_token,legacy,/home/vitus/floently-finnish/apps/backend/practice/data/cards/doctor_cards.json
doctor_5498,doctor,"Samalla on kuitenkin tarpeen seurata tarkasti sekä raskauden kulkua että vastasyntyneen vointia, kertoo tiedotteessa tutkimuksen pääkirjoittaja, Turun yliopiston Lastenpsykiatrian tutkimuskeskuksen _____, Heli Malm.",multiword_vocab_token,legacy,/home/vitus/floently-finnish/apps/backend/practice/data/cards/doctor_cards.json
doctor_5502,doctor,"Bernin ja Minnesotan yliopistojen yhteisessä tutkimuksessa löydettiin perinnöllinen yhteys sairauteen, jossa _____lle kehittyy hermostollisia häiriöitä",multiword_vocab_token,legacy,/home/vitus/floently-finnish/apps/backend/practice/data/cards/doctor_cards.json
doctor_5503,doctor,"Bernin ja Minnesotan yliopistojen yhteisessä tutkimuksessa löydettiin perinnöllinen yhteys sairauteen, jossa _____lle kehittyy hermostollisia häiriöitä",multiword_vocab_token,legacy,/home/vitus/floently-finnish/apps/backend/practice/data/cards/doctor_cards.json
doctor_5510,doctor,"Yhdysvaltalaistutkimuksen mukaan _____itä unohtuu vuosittain noin 1500 sikäläisen potilaan sisään.[26] Suomessa sisään jää yleisimmin harsoinen leikkausliina, joka aiheuttaa tulehduksen",digit_in_token|citation_artifact|multiword_vocab_token,legacy,/home/vitus/floently-finnish/apps/backend/practice/data/cards/doctor_cards.json
doctor_5511,doctor,"Yhdysvaltalaistutkimuksen mukaan _____itä unohtuu vuosittain noin 1500 sikäläisen potilaan sisään.[26] Suomessa sisään jää yleisimmin harsoinen leikkausliina, joka aiheuttaa tulehduksen",digit_in_token|citation_artifact|multiword_vocab_token,legacy,/home/vitus/floently-finnish/apps/backend/practice/data/cards/doctor_cards.json
doctor_5521,doctor,"Yhdysvaltalaistutkimuksen mukaan välineitä unohtuu vuosittain noin 1500 sikäläisen potilaan sisään.[26] Suomessa sisään jää yleisimmin _____ leikkausliina, joka aiheuttaa tulehduksen",digit_in_token|citation_artifact|multiword_vocab_token,legacy,/home/vitus/floently-finnish/apps/backend/practice/data/cards/doctor_cards.json
doctor_5522,doctor,"Yhdysvaltalaistutkimuksen mukaan välineitä unohtuu vuosittain noin 1500 sikäläisen potilaan sisään.[26] Suomessa sisään jää yleisimmin _____ leikkausliina, joka aiheuttaa tulehduksen",digit_in_token|citation_artifact|multiword_vocab_token,legacy,/home/vitus/floently-finnish/apps/backend/practice/data/cards/doctor_cards.json
doctor_5526,doctor,"Yhdysvaltalaistutkimuksen mukaan välineitä unohtuu vuosittain noin 1500 sikäläisen potilaan sisään.[26] Suomessa sisään jää yleisimmin harsoinen _____na, joka aiheuttaa tulehduksen",digit_in_token|citation_artifact|multiword_vocab_token,legacy,/home/vitus/floently-finnish/apps/backend/practice/data/cards/doctor_cards.json
doctor_5527,doctor,"Yhdysvaltalaistutkimuksen mukaan välineitä unohtuu vuosittain noin 1500 sikäläisen potilaan sisään.[26] Suomessa sisään jää yleisimmin harsoinen _____na, joka aiheuttaa tulehduksen",digit_in_token|citation_artifact|multiword_vocab_token,legacy,/home/vitus/floently-finnish/apps/backend/practice/data/cards/doctor_cards.json
doctor_5531,doctor,Tulehduksen sivuvaikutuksena syntyy myös _____en kudosten vaurioita.[15] Immuunijärjestelmän toiminnan sivutuotteena syntyy joskus yhtä paljon kudosvaurioita kuin mitä patogeenit ehtivät aiheuttaa.[16] Elimistön tuottama tulehdusvaste saattaa jopa tappaa potilaan.[17],digit_in_token|citation_artifact|multiword_vocab_token,legacy,/home/vitus/floently-finnish/apps/backend/practice/data/cards/doctor_cards.json
doctor_5532,doctor,Tulehduksen sivuvaikutuksena syntyy myös _____en kudosten vaurioita.[15] Immuunijärjestelmän toiminnan sivutuotteena syntyy joskus yhtä paljon kudosvaurioita kuin mitä patogeenit ehtivät aiheuttaa.[16] Elimistön tuottama tulehdusvaste saattaa jopa tappaa potilaan.[17],digit_in_token|citation_artifact|multiword_vocab_token,legacy,/home/vitus/floently-finnish/apps/backend/practice/data/cards/doctor_cards.json
doctor_5536,doctor,Matala-asteisen tulehduksen aikaansaama _____ aktivaatio laskee kipukynnystä etenkin naisilla,multiword_vocab_token,legacy,/home/vitus/floently-finnish/apps/backend/practice/data/cards/doctor_cards.json
doctor_5537,doctor,Matala-asteisen tulehduksen aikaansaama _____ aktivaatio laskee kipukynnystä etenkin naisilla,multiword_vocab_token,legacy,/home/vitus/floently-finnish/apps/backend/practice/data/cards/doctor_cards.json
doctor_5541,doctor,"Potilaaseen liittyvistä tekijöistä leikkausinfektion riskiä lisäävät muun muassa ikä, yleistila, suorituskyky, lihavuus ja aliravitsemus; sairaudet kuten infektiot, diabetes, munuaisten vajaa_____ ja syövät; päihteet kuten tupakointi ja alkoholismi; sekä hoidot kuten sairaalahoitojaksot, sädehoito ja immunosuppressiiviset hoidot.[20]",digit_in_token|citation_artifact|multiword_vocab_token,legacy,/home/vitus/floently-finnish/apps/backend/practice/data/cards/doctor_cards.json
doctor_5542,doctor,"Potilaaseen liittyvistä tekijöistä leikkausinfektion riskiä lisäävät muun muassa ikä, yleistila, suorituskyky, lihavuus ja aliravitsemus; sairaudet kuten infektiot, diabetes, munuaisten vajaa_____ ja syövät; päihteet kuten tupakointi ja alkoholismi; sekä hoidot kuten sairaalahoitojaksot, sädehoito ja immunosuppressiiviset hoidot.[20]",digit_in_token|citation_artifact|multiword_vocab_token,legacy,/home/vitus/floently-finnish/apps/backend/practice/data/cards/doctor_cards.json
doctor_5546,doctor,Tulehduksen sivuvaikutuksena syntyy myös ympäröivien kudosten vaurioita.[15] Immuunijärjestelmän toiminnan _____ syntyy joskus yhtä paljon kudosvaurioita kuin mitä patogeenit ehtivät aiheuttaa.[16] Elimistön tuottama tulehdusvaste saattaa jopa tappaa potilaan.[17],digit_in_token|citation_artifact|multiword_vocab_token,legacy,/home/vitus/floently-finnish/apps/backend/practice/data/cards/doctor_cards.json
doctor_5547,doctor,Tulehduksen sivuvaikutuksena syntyy myös ympäröivien kudosten vaurioita.[15] Immuunijärjestelmän toiminnan _____ syntyy joskus yhtä paljon kudosvaurioita kuin mitä patogeenit ehtivät aiheuttaa.[16] Elimistön tuottama tulehdusvaste saattaa jopa tappaa potilaan.[17],digit_in_token|citation_artifact|multiword_vocab_token,legacy,/home/vitus/floently-finnish/apps/backend/practice/data/cards/doctor_cards.json
doctor_5557,doctor,Tulehduksen sivuvaikutuksena syntyy myös ympäröivien kudosten vaurioita.[15] Immuunijärjestelmän toiminnan sivutuotteena syntyy joskus yhtä paljon kudosvaurioita kuin mitä patogeenit _____ aiheuttaa.[16] Elimistön tuottama tulehdusvaste saattaa jopa tappaa potilaan.[17],digit_in_token|citation_artifact|multiword_vocab_token,legacy,/home/vitus/floently-finnish/apps/backend/practice/data/cards/doctor_cards.json
doctor_5558,doctor,Tulehduksen sivuvaikutuksena syntyy myös ympäröivien kudosten vaurioita.[15] Immuunijärjestelmän toiminnan sivutuotteena syntyy joskus yhtä paljon kudosvaurioita kuin mitä patogeenit _____ aiheuttaa.[16] Elimistön tuottama tulehdusvaste saattaa jopa tappaa potilaan.[17],digit_in_token|citation_artifact|multiword_vocab_token,legacy,/home/vitus/floently-finnish/apps/backend/practice/data/cards/doctor_cards.json
doctor_5562,doctor,Tulehduksen sivuvaikutuksena syntyy myös ympäröivien kudosten vaurioita.[15] Immuunijärjestelmän toiminnan sivutuotteena syntyy joskus yhtä paljon kudosvaurioita kuin mitä patogeenit ehtivät aiheuttaa.[16] Elimistön tuottama _____ saattaa jopa tappaa potilaan.[17],digit_in_token|citation_artifact|multiword_vocab_token,legacy,/home/vitus/floently-finnish/apps/backend/practice/data/cards/doctor_cards.json
doctor_5563,doctor,Tulehduksen sivuvaikutuksena syntyy myös ympäröivien kudosten vaurioita.[15] Immuunijärjestelmän toiminnan sivutuotteena syntyy joskus yhtä paljon kudosvaurioita kuin mitä patogeenit ehtivät aiheuttaa.[16] Elimistön tuottama _____ saattaa jopa tappaa potilaan.[17],digit_in_token|citation_artifact|multiword_vocab_token,legacy,/home/vitus/floently-finnish/apps/backend/practice/data/cards/doctor_cards.json
doctor_5567,doctor,Tulehduksen sivuvaikutuksena syntyy myös ympäröivien kudosten vaurioita.[15] Immuunijärjestelmän toiminnan sivutuotteena syntyy joskus yhtä paljon kudosvaurioita kuin mitä patogeenit ehtivät aiheuttaa.[16] Elimistön tuottama tulehdusvaste saattaa jopa _____ potilaan.[17],digit_in_token|citation_artifact|multiword_vocab_token,legacy,/home/vitus/floently-finnish/apps/backend/practice/data/cards/doctor_cards.json
doctor_5568,doctor,Tulehduksen sivuvaikutuksena syntyy myös ympäröivien kudosten vaurioita.[15] Immuunijärjestelmän toiminnan sivutuotteena syntyy joskus yhtä paljon kudosvaurioita kuin mitä patogeenit ehtivät aiheuttaa.[16] Elimistön tuottama tulehdusvaste saattaa jopa _____ potilaan.[17],digit_in_token|citation_artifact|multiword_vocab_token,legacy,/home/vitus/floently-finnish/apps/backend/practice/data/cards/doctor_cards.json
doctor_5572,doctor,Näyttöön perustuvan lääketieteen harjoittaminen vaatii _____ muun muassa kykyä arvioida tutkimusten luotettavuutta.[9],digit_in_token|citation_artifact|multiword_vocab_token,legacy,/home/vitus/floently-finnish/apps/backend/practice/data/cards/doctor_cards.json
doctor_5573,doctor,Näyttöön perustuvan lääketieteen harjoittaminen vaatii _____ muun muassa kykyä arvioida tutkimusten luotettavuutta.[9],digit_in_token|citation_artifact|multiword_vocab_token,legacy,/home/vitus/floently-finnish/apps/backend/practice/data/cards/doctor_cards.json
doctor_5577,doctor,"Kirurgiset toimenpiteet luokitellaan _____ (pl 1), _____ kontaminoituneisiin (pl 2), kontaminoituneisiin (pl3) ja likaisiin (pl4) riippuen siitä, avataanko kontaminoivia rakenteita, kuten maha-suolikanavaa, virtsateitä ja hengitysteitä, ja onko potilaalla toimenpiteen aikana leikkausalueen tai levinnyttä infektiota",digit_in_token|multiword_vocab_token,legacy,/home/vitus/floently-finnish/apps/backend/practice/data/cards/doctor_cards.json
doctor_5578,doctor,"Kirurgiset toimenpiteet luokitellaan _____ (pl 1), _____ kontaminoituneisiin (pl 2), kontaminoituneisiin (pl3) ja likaisiin (pl4) riippuen siitä, avataanko kontaminoivia rakenteita, kuten maha-suolikanavaa, virtsateitä ja hengitysteitä, ja onko potilaalla toimenpiteen aikana leikkausalueen tai levinnyttä infektiota",digit_in_token|multiword_vocab_token,legacy,/home/vitus/floently-finnish/apps/backend/practice/data/cards/doctor_cards.json
doctor_5585,doctor,"Kirurgiset toimenpiteet luokitellaan puhtaisiin (pl 1), puhtaisiin _____ (pl 2), _____ (pl3) ja likaisiin (pl4) riippuen siitä, avataanko kontaminoivia rakenteita, kuten maha-suolikanavaa, virtsateitä ja hengitysteitä, ja onko potilaalla toimenpiteen aikana leikkausalueen tai levinnyttä infektiota",digit_in_token|multiword_vocab_token,legacy,/home/vitus/floently-finnish/apps/backend/practice/data/cards/doctor_cards.json
doctor_5586,doctor,"Kirurgiset toimenpiteet luokitellaan puhtaisiin (pl 1), puhtaisiin _____ (pl 2), _____ (pl3) ja likaisiin (pl4) riippuen siitä, avataanko kontaminoivia rakenteita, kuten maha-suolikanavaa, virtsateitä ja hengitysteitä, ja onko potilaalla toimenpiteen aikana leikkausalueen tai levinnyttä infektiota",digit_in_token|multiword_vocab_token,legacy,/home/vitus/floently-finnish/apps/backend/practice/data/cards/doctor_cards.json
doctor_5590,doctor,"Kirurgiset toimenpiteet luokitellaan puhtaisiin (pl 1), puhtaisiin _____in (pl 2), _____in (pl3) ja likaisiin (pl4) riippuen siitä, avataanko kontaminoivia rakenteita, kuten maha-suolikanavaa, virtsateitä ja hengitysteitä, ja onko potilaalla toimenpiteen aikana leikkausalueen tai levinnyttä infektiota",digit_in_token|multiword_vocab_token,legacy,/home/vitus/floently-finnish/apps/backend/practice/data/cards/doctor_cards.json
doctor_5591,doctor,"Kirurgiset toimenpiteet luokitellaan puhtaisiin (pl 1), puhtaisiin _____in (pl 2), _____in (pl3) ja likaisiin (pl4) riippuen siitä, avataanko kontaminoivia rakenteita, kuten maha-suolikanavaa, virtsateitä ja hengitysteitä, ja onko potilaalla toimenpiteen aikana leikkausalueen tai levinnyttä infektiota",digit_in_token|multiword_vocab_token,legacy,/home/vitus/floently-finnish/apps/backend/practice/data/cards/doctor_cards.json
doctor_5595,doctor,"Kirurgiset toimenpiteet luokitellaan puhtaisiin (pl 1), puhtaisiin kontaminoituneisiin (pl 2), kontaminoituneisiin (pl3) ja likaisiin (pl4) riippuen siitä, _____ko kontaminoivia rakenteita, kuten maha-suolikanavaa, virtsateitä ja hengitysteitä, ja onko potilaalla toimenpiteen aikana leikkausalueen tai levinnyttä infektiota",digit_in_token|multiword_vocab_token,legacy,/home/vitus/floently-finnish/apps/backend/practice/data/cards/doctor_cards.json
doctor_5596,doctor,"Kirurgiset toimenpiteet luokitellaan puhtaisiin (pl 1), puhtaisiin kontaminoituneisiin (pl 2), kontaminoituneisiin (pl3) ja likaisiin (pl4) riippuen siitä, _____ko kontaminoivia rakenteita, kuten maha-suolikanavaa, virtsateitä ja hengitysteitä, ja onko potilaalla toimenpiteen aikana leikkausalueen tai levinnyttä infektiota",digit_in_token|multiword_vocab_token,legacy,/home/vitus/floently-finnish/apps/backend/practice/data/cards/doctor_cards.json
doctor_5603,doctor,"Kirurgiset toimenpiteet luokitellaan puhtaisiin (pl 1), puhtaisiin kontaminoituneisiin (pl 2), kontaminoituneisiin (pl3) ja likaisiin (pl4) riippuen siitä, avataanko kontaminoivia _____ita, kuten maha-suolikanavaa, virtsateitä ja hengitysteitä, ja onko potilaalla toimenpiteen aikana leikkausalueen tai levinnyttä infektiota",digit_in_token|multiword_vocab_token,legacy,/home/vitus/floently-finnish/apps/backend/practice/data/cards/doctor_cards.json
doctor_5604,doctor,"Kirurgiset toimenpiteet luokitellaan puhtaisiin (pl 1), puhtaisiin kontaminoituneisiin (pl 2), kontaminoituneisiin (pl3) ja likaisiin (pl4) riippuen siitä, avataanko kontaminoivia _____ita, kuten maha-suolikanavaa, virtsateitä ja hengitysteitä, ja onko potilaalla toimenpiteen aikana leikkausalueen tai levinnyttä infektiota",digit_in_token|multiword_vocab_token,legacy,/home/vitus/floently-finnish/apps/backend/practice/data/cards/doctor_cards.json
doctor_5608,doctor,"Kirurgiset toimenpiteet luokitellaan puhtaisiin (pl 1), puhtaisiin kontaminoituneisiin (pl 2), kontaminoituneisiin (pl3) ja likaisiin (pl4) riippuen siitä, avataanko kontaminoivia rakenteita, kuten _____, virtsateitä ja hengitysteitä, ja onko potilaalla toimenpiteen aikana leikkausalueen tai levinnyttä infektiota",digit_in_token|multiword_vocab_token,legacy,/home/vitus/floently-finnish/apps/backend/practice/data/cards/doctor_cards.json
doctor_5609,doctor,"Kirurgiset toimenpiteet luokitellaan puhtaisiin (pl 1), puhtaisiin kontaminoituneisiin (pl 2), kontaminoituneisiin (pl3) ja likaisiin (pl4) riippuen siitä, avataanko kontaminoivia rakenteita, kuten _____, virtsateitä ja hengitysteitä, ja onko potilaalla toimenpiteen aikana leikkausalueen tai levinnyttä infektiota",digit_in_token|multiword_vocab_token,legacy,/home/vitus/floently-finnish/apps/backend/practice/data/cards/doctor_cards.json
doctor_5613,doctor,"Kirurgiset toimenpiteet luokitellaan puhtaisiin (pl 1), puhtaisiin kontaminoituneisiin (pl 2), kontaminoituneisiin (pl3) ja likaisiin (pl4) riippuen siitä, avataanko kontaminoivia rakenteita, kuten maha-suolikanavaa, _____ ja hengitysteitä, ja onko potilaalla toimenpiteen aikana leikkausalueen tai levinnyttä infektiota",digit_in_token|multiword_vocab_token,legacy,/home/vitus/floently-finnish/apps/backend/practice/data/cards/doctor_cards.json
doctor_5614,doctor,"Kirurgiset toimenpiteet luokitellaan puhtaisiin (pl 1), puhtaisiin kontaminoituneisiin (pl 2), kontaminoituneisiin (pl3) ja likaisiin (pl4) riippuen siitä, avataanko kontaminoivia rakenteita, kuten maha-suolikanavaa, _____ ja hengitysteitä, ja onko potilaalla toimenpiteen aikana leikkausalueen tai levinnyttä infektiota",digit_in_token|multiword_vocab_token,legacy,/home/vitus/floently-finnish/apps/backend/practice/data/cards/doctor_cards.json
doctor_5618,doctor,"Kirurgiset toimenpiteet luokitellaan puhtaisiin (pl 1), puhtaisiin kontaminoituneisiin (pl 2), kontaminoituneisiin (pl3) ja likaisiin (pl4) riippuen siitä, avataanko kontaminoivia rakenteita, kuten maha-suolikanavaa, virtsateitä ja _____itä, ja onko potilaalla toimenpiteen aikana leikkausalueen tai levinnyttä infektiota",digit_in_token|multiword_vocab_token,legacy,/home/vitus/floently-finnish/apps/backend/practice/data/cards/doctor_cards.json
doctor_5619,doctor,"Kirurgiset toimenpiteet luokitellaan puhtaisiin (pl 1), puhtaisiin kontaminoituneisiin (pl 2), kontaminoituneisiin (pl3) ja likaisiin (pl4) riippuen siitä, avataanko kontaminoivia rakenteita, kuten maha-suolikanavaa, virtsateitä ja _____itä, ja onko potilaalla toimenpiteen aikana leikkausalueen tai levinnyttä infektiota",digit_in_token|multiword_vocab_token,legacy,/home/vitus/floently-finnish/apps/backend/practice/data/cards/doctor_cards.json
doctor_5623,doctor,"Kirurgiset toimenpiteet luokitellaan puhtaisiin (pl 1), puhtaisiin kontaminoituneisiin (pl 2), kontaminoituneisiin (pl3) ja likaisiin (pl4) riippuen siitä, avataanko kontaminoivia rakenteita, kuten maha-suolikanavaa, virtsateitä ja hengitysteitä, ja onko potilaalla toimenpiteen aikana _____en tai levinnyttä infektiota",digit_in_token|multiword_vocab_token,legacy,/home/vitus/floently-finnish/apps/backend/practice/data/cards/doctor_cards.json
doctor_5624,doctor,"Kirurgiset toimenpiteet luokitellaan puhtaisiin (pl 1), puhtaisiin kontaminoituneisiin (pl 2), kontaminoituneisiin (pl3) ja likaisiin (pl4) riippuen siitä, avataanko kontaminoivia rakenteita, kuten maha-suolikanavaa, virtsateitä ja hengitysteitä, ja onko potilaalla toimenpiteen aikana _____en tai levinnyttä infektiota",digit_in_token|multiword_vocab_token,legacy,/home/vitus/floently-finnish/apps/backend/practice/data/cards/doctor_cards.json
doctor_5628,doctor,"Kirurgiset toimenpiteet luokitellaan puhtaisiin (pl 1), puhtaisiin kontaminoituneisiin (pl 2), kontaminoituneisiin (pl3) ja likaisiin (pl4) riippuen siitä, avataanko kontaminoivia rakenteita, kuten maha-suolikanavaa, virtsateitä ja hengitysteitä, ja onko potilaalla toimenpiteen aikana leikkausalueen tai _____ infektiota",digit_in_token|multiword_vocab_token,legacy,/home/vitus/floently-finnish/apps/backend/practice/data/cards/doctor_cards.json
doctor_5629,doctor,"Kirurgiset toimenpiteet luokitellaan puhtaisiin (pl 1), puhtaisiin kontaminoituneisiin (pl 2), kontaminoituneisiin (pl3) ja likaisiin (pl4) riippuen siitä, avataanko kontaminoivia rakenteita, kuten maha-suolikanavaa, virtsateitä ja hengitysteitä, ja onko potilaalla toimenpiteen aikana leikkausalueen tai _____ infektiota",digit_in_token|multiword_vocab_token,legacy,/home/vitus/floently-finnish/apps/backend/practice/data/cards/doctor_cards.json
doctor_5633,doctor,Joidenkin mielestä alkiodiagnostiikka on _____ leikkimistä.,multiword_vocab_token,legacy,/home/vitus/floently-finnish/apps/backend/practice/data/cards/doctor_cards.json
doctor_5634,doctor,Joidenkin mielestä alkiodiagnostiikka on _____ leikkimistä.,multiword_vocab_token,legacy,/home/vitus/floently-finnish/apps/backend/practice/data/cards/doctor_cards.json
doctor_5644,doctor,Antiikin lääketieteellisen tiedon kodifioi puolestaan Klaudios Galenos 100-luvun _____lla,digit_in_token|multiword_vocab_token,legacy,/home/vitus/floently-finnish/apps/backend/practice/data/cards/doctor_cards.json
doctor_5645,doctor,Antiikin lääketieteellisen tiedon kodifioi puolestaan Klaudios Galenos 100-luvun _____lla,digit_in_token|multiword_vocab_token,legacy,/home/vitus/floently-finnish/apps/backend/practice/data/cards/doctor_cards.json
doctor_5649,doctor,"Lääketieteellinen diagnoosi on lääketieteelliseen tietoon perustuva _____ terveysongelman, sairauden tai tautitilan syistä ja pohjana lääketieteeseen pohjaavalle hoidolle",multiword_vocab_token,legacy,/home/vitus/floently-finnish/apps/backend/practice/data/cards/doctor_cards.json
doctor_5650,doctor,"Lääketieteellinen diagnoosi on lääketieteelliseen tietoon perustuva _____ terveysongelman, sairauden tai tautitilan syistä ja pohjana lääketieteeseen pohjaavalle hoidolle",multiword_vocab_token,legacy,/home/vitus/floently-finnish/apps/backend/practice/data/cards/doctor_cards.json
doctor_5654,doctor,"Lääketieteellinen diagnoosi on lääketieteelliseen tietoon perustuva käsitys terveysongelman, sairauden tai _____n syistä ja pohjana lääketieteeseen pohjaavalle hoidolle",multiword_vocab_token,legacy,/home/vitus/floently-finnish/apps/backend/practice/data/cards/doctor_cards.json
doctor_5655,doctor,"Lääketieteellinen diagnoosi on lääketieteelliseen tietoon perustuva käsitys terveysongelman, sairauden tai _____n syistä ja pohjana lääketieteeseen pohjaavalle hoidolle",multiword_vocab_token,legacy,/home/vitus/floently-finnish/apps/backend/practice/data/cards/doctor_cards.json
doctor_5659,doctor,"Lääketieteellinen diagnoosi on lääketieteelliseen tietoon perustuva käsitys terveysongelman, sairauden tai tautitilan syistä ja _____na lääketieteeseen _____avalle hoidolle",multiword_vocab_token,legacy,/home/vitus/floently-finnish/apps/backend/practice/data/cards/doctor_cards.json
doctor_5660,doctor,"Lääketieteellinen diagnoosi on lääketieteelliseen tietoon perustuva käsitys terveysongelman, sairauden tai tautitilan syistä ja _____na lääketieteeseen _____avalle hoidolle",multiword_vocab_token,legacy,/home/vitus/floently-finnish/apps/backend/practice/data/cards/doctor_cards.json
doctor_5664,doctor,"Lääketieteellinen diagnoosi on lääketieteelliseen tietoon perustuva käsitys terveysongelman, sairauden tai tautitilan syistä ja pohjana _____ pohjaavalle hoidolle",multiword_vocab_token,legacy,/home/vitus/floently-finnish/apps/backend/practice/data/cards/doctor_cards.json
doctor_5665,doctor,"Lääketieteellinen diagnoosi on lääketieteelliseen tietoon perustuva käsitys terveysongelman, sairauden tai tautitilan syistä ja pohjana _____ pohjaavalle hoidolle",multiword_vocab_token,legacy,/home/vitus/floently-finnish/apps/backend/practice/data/cards/doctor_cards.json
doctor_5672,doctor,Niiden mukaan hänet oli päätetty _____ hoitolaitokseen arviointijaksolle ”vaikka vastentahtoisesti”.,multiword_vocab_token,legacy,/home/vitus/floently-finnish/apps/backend/practice/data/cards/doctor_cards.json
doctor_5673,doctor,Niiden mukaan hänet oli päätetty _____ hoitolaitokseen arviointijaksolle ”vaikka vastentahtoisesti”.,multiword_vocab_token,legacy,/home/vitus/floently-finnish/apps/backend/practice/data/cards/doctor_cards.json
doctor_5677,doctor,Niiden mukaan hänet oli päätetty viedä _____ arviointijaksolle ”vaikka vastentahtoisesti”.,multiword_vocab_token,legacy,/home/vitus/floently-finnish/apps/backend/practice/data/cards/doctor_cards.json
doctor_5678,doctor,Niiden mukaan hänet oli päätetty viedä _____ arviointijaksolle ”vaikka vastentahtoisesti”.,multiword_vocab_token,legacy,/home/vitus/floently-finnish/apps/backend/practice/data/cards/doctor_cards.json
doctor_5682,doctor,Niiden mukaan hänet oli päätetty viedä hoitolaitokseen _____ ”vaikka vastentahtoisesti”.,multiword_vocab_token,legacy,/home/vitus/floently-finnish/apps/backend/practice/data/cards/doctor_cards.json
doctor_5683,doctor,Niiden mukaan hänet oli päätetty viedä hoitolaitokseen _____ ”vaikka vastentahtoisesti”.,multiword_vocab_token,legacy,/home/vitus/floently-finnish/apps/backend/practice/data/cards/doctor_cards.json
doctor_5687,doctor,– Jo hoidon _____ pitäisi punnita mahdollisia haittoja ja hyötyjä ja keskustella näistä asioista.,multiword_vocab_token,legacy,/home/vitus/floently-finnish/apps/backend/practice/data/cards/doctor_cards.json
doctor_5688,doctor,– Jo hoidon _____ pitäisi punnita mahdollisia haittoja ja hyötyjä ja keskustella näistä asioista.,multiword_vocab_token,legacy,/home/vitus/floently-finnish/apps/backend/practice/data/cards/doctor_cards.json
doctor_5692,doctor,– Jo hoidon aloitusvaiheessa pitäisi _____ mahdollisia haittoja ja hyötyjä ja keskustella näistä asioista.,multiword_vocab_token,legacy,/home/vitus/floently-finnish/apps/backend/practice/data/cards/doctor_cards.json
doctor_5693,doctor,– Jo hoidon aloitusvaiheessa pitäisi _____ mahdollisia haittoja ja hyötyjä ja keskustella näistä asioista.,multiword_vocab_token,legacy,/home/vitus/floently-finnish/apps/backend/practice/data/cards/doctor_cards.json
doctor_5697,doctor,– Jo hoidon aloitusvaiheessa pitäisi punnita mahdollisia _____ja ja hyötyjä ja keskustella näistä asioista.,multiword_vocab_token,legacy,/home/vitus/floently-finnish/apps/backend/practice/data/cards/doctor_cards.json
doctor_5698,doctor,– Jo hoidon aloitusvaiheessa pitäisi punnita mahdollisia _____ja ja hyötyjä ja keskustella näistä asioista.,multiword_vocab_token,legacy,/home/vitus/floently-finnish/apps/backend/practice/data/cards/doctor_cards.json
doctor_5705,doctor,"Kuinka paljon silloin pystymme sijoittamaan _____- ja terveydenhuollon palvelujärjestelmään tulevaisuudessa, kun potilaiden tarpeisiin on kuitenkin pystyttävä vastaamaan, Heistaro pohtii.",multiword_vocab_token,legacy,/home/vitus/floently-finnish/apps/backend/practice/data/cards/doctor_cards.json
doctor_5706,doctor,"Kuinka paljon silloin pystymme sijoittamaan _____- ja terveydenhuollon palvelujärjestelmään tulevaisuudessa, kun potilaiden tarpeisiin on kuitenkin pystyttävä vastaamaan, Heistaro pohtii.",multiword_vocab_token,legacy,/home/vitus/floently-finnish/apps/backend/practice/data/cards/doctor_cards.json
doctor_5710,doctor,"Kuinka paljon silloin pystymme sijoittamaan sosiaali- ja terveydenhuollon _____ tulevaisuudessa, kun potilaiden tarpeisiin on kuitenkin pystyttävä vastaamaan, Heistaro pohtii.",multiword_vocab_token,legacy,/home/vitus/floently-finnish/apps/backend/practice/data/cards/doctor_cards.json
doctor_5711,doctor,"Kuinka paljon silloin pystymme sijoittamaan sosiaali- ja terveydenhuollon _____ tulevaisuudessa, kun potilaiden tarpeisiin on kuitenkin pystyttävä vastaamaan, Heistaro pohtii.",multiword_vocab_token,legacy,/home/vitus/floently-finnish/apps/backend/practice/data/cards/doctor_cards.json
doctor_5715,doctor,"Kuinka paljon silloin pystymme sijoittamaan sosiaali- ja terveydenhuollon palvelujärjestelmään tulevaisuudessa, kun potilaiden _____ on kuitenkin pystyttävä vastaamaan, Heistaro pohtii.",multiword_vocab_token,legacy,/home/vitus/floently-finnish/apps/backend/practice/data/cards/doctor_cards.json
doctor_5716,doctor,"Kuinka paljon silloin pystymme sijoittamaan sosiaali- ja terveydenhuollon palvelujärjestelmään tulevaisuudessa, kun potilaiden _____ on kuitenkin pystyttävä vastaamaan, Heistaro pohtii.",multiword_vocab_token,legacy,/home/vitus/floently-finnish/apps/backend/practice/data/cards/doctor_cards.json
doctor_5720,doctor,"– Jos lihavuutta hoidetaan _____ pitkäaikaisesti, niin kyllä paino pitää voida mitata vastaanotolla.",multiword_vocab_token,legacy,/home/vitus/floently-finnish/apps/backend/practice/data/cards/doctor_cards.json
doctor_5721,doctor,"– Jos lihavuutta hoidetaan _____ pitkäaikaisesti, niin kyllä paino pitää voida mitata vastaanotolla.",multiword_vocab_token,legacy,/home/vitus/floently-finnish/apps/backend/practice/data/cards/doctor_cards.json
doctor_5725,doctor,"Lääkkeillä huomattiin myös myönteisiä vaikutuksia: Ne _____ keisarileikkauksen, hyvin ennenaikaisen synnytyksen sekä matalan ja erittäin matalan syntymäpainon riskiä.",multiword_vocab_token,legacy,/home/vitus/floently-finnish/apps/backend/practice/data/cards/doctor_cards.json
doctor_5726,doctor,"Lääkkeillä huomattiin myös myönteisiä vaikutuksia: Ne _____ keisarileikkauksen, hyvin ennenaikaisen synnytyksen sekä matalan ja erittäin matalan syntymäpainon riskiä.",multiword_vocab_token,legacy,/home/vitus/floently-finnish/apps/backend/practice/data/cards/doctor_cards.json
doctor_5742,doctor,Epävarmoissa tapauksissa potilas röntgen_____an.[27],digit_in_token|citation_artifact|multiword_vocab_token,legacy,/home/vitus/floently-finnish/apps/backend/practice/data/cards/doctor_cards.json
doctor_5743,doctor,Epävarmoissa tapauksissa potilas röntgen_____an.[27],digit_in_token|citation_artifact|multiword_vocab_token,legacy,/home/vitus/floently-finnish/apps/backend/practice/data/cards/doctor_cards.json
doctor_5747,doctor,Bipolaarista häiriötä sairastavien aivoista löytyy myös merkkejä _____ tulehduksesta,multiword_vocab_token,legacy,/home/vitus/floently-finnish/apps/backend/practice/data/cards/doctor_cards.json
doctor_5748,doctor,Bipolaarista häiriötä sairastavien aivoista löytyy myös merkkejä _____ tulehduksesta,multiword_vocab_token,legacy,/home/vitus/floently-finnish/apps/backend/practice/data/cards/doctor_cards.json
doctor_5758,doctor,"Vuodesta 1997 alkaen käyttöön on tullut useita syövän immuunihoitoja (myös nimellä IO-hoito, _____ hoito ja syövän immunoterapia), joissa valjastetaan potilaan oma keho taistelemaan syöpää vastaan",digit_in_token|multiword_vocab_token,legacy,/home/vitus/floently-finnish/apps/backend/practice/data/cards/doctor_cards.json
doctor_5759,doctor,"Vuodesta 1997 alkaen käyttöön on tullut useita syövän immuunihoitoja (myös nimellä IO-hoito, _____ hoito ja syövän immunoterapia), joissa valjastetaan potilaan oma keho taistelemaan syöpää vastaan",digit_in_token|multiword_vocab_token,legacy,/home/vitus/floently-finnish/apps/backend/practice/data/cards/doctor_cards.json
doctor_5763,doctor,"Vuodesta 1997 alkaen käyttöön on tullut useita syövän immuunihoitoja (myös nimellä IO-hoito, immuno-onkologinen hoito ja syövän _____), joissa valjastetaan potilaan oma keho taistelemaan syöpää vastaan",digit_in_token|multiword_vocab_token,legacy,/home/vitus/floently-finnish/apps/backend/practice/data/cards/doctor_cards.json
doctor_5764,doctor,"Vuodesta 1997 alkaen käyttöön on tullut useita syövän immuunihoitoja (myös nimellä IO-hoito, immuno-onkologinen hoito ja syövän _____), joissa valjastetaan potilaan oma keho taistelemaan syöpää vastaan",digit_in_token|multiword_vocab_token,legacy,/home/vitus/floently-finnish/apps/backend/practice/data/cards/doctor_cards.json
doctor_5768,doctor,"Vuodesta 1997 alkaen käyttöön on tullut useita syövän immuunihoitoja (myös nimellä IO-hoito, immuno-onkologinen hoito ja syövän immunoterapia), joissa _____an potilaan oma keho taistelemaan syöpää vastaan",digit_in_token|multiword_vocab_token,legacy,/home/vitus/floently-finnish/apps/backend/practice/data/cards/doctor_cards.json
doctor_5769,doctor,"Vuodesta 1997 alkaen käyttöön on tullut useita syövän immuunihoitoja (myös nimellä IO-hoito, immuno-onkologinen hoito ja syövän immunoterapia), joissa _____an potilaan oma keho taistelemaan syöpää vastaan",digit_in_token|multiword_vocab_token,legacy,/home/vitus/floently-finnish/apps/backend/practice/data/cards/doctor_cards.json
doctor_5773,doctor,"Vuodesta 1997 alkaen käyttöön on tullut useita syövän immuunihoitoja (myös nimellä IO-hoito, immuno-onkologinen hoito ja syövän immunoterapia), joissa valjastetaan potilaan oma keho _____an syöpää vastaan",digit_in_token|multiword_vocab_token,legacy,/home/vitus/floently-finnish/apps/backend/practice/data/cards/doctor_cards.json
doctor_5774,doctor,"Vuodesta 1997 alkaen käyttöön on tullut useita syövän immuunihoitoja (myös nimellä IO-hoito, immuno-onkologinen hoito ja syövän immunoterapia), joissa valjastetaan potilaan oma keho _____an syöpää vastaan",digit_in_token|multiword_vocab_token,legacy,/home/vitus/floently-finnish/apps/backend/practice/data/cards/doctor_cards.json
doctor_5784,doctor,Ennen nykyisiä _____ja oli hyvin suuri vaara että potilas vuosi kuiviin ennen hoitoa tai leikkauksen aikana,multiword_vocab_token,legacy,/home/vitus/floently-finnish/apps/backend/practice/data/cards/doctor_cards.json
doctor_5785,doctor,Ennen nykyisiä _____ja oli hyvin suuri vaara että potilas vuosi kuiviin ennen hoitoa tai leikkauksen aikana,multiword_vocab_token,legacy,/home/vitus/floently-finnish/apps/backend/practice/data/cards/doctor_cards.json
doctor_5792,doctor,"Syövän hoito perustuu leikkaukseen, lääkehoitoon ja sädehoitoon sekä kaikkien hoitojen _____in",multiword_vocab_token,legacy,/home/vitus/floently-finnish/apps/backend/practice/data/cards/doctor_cards.json
doctor_5793,doctor,"Syövän hoito perustuu leikkaukseen, lääkehoitoon ja sädehoitoon sekä kaikkien hoitojen _____in",multiword_vocab_token,legacy,/home/vitus/floently-finnish/apps/backend/practice/data/cards/doctor_cards.json
doctor_5797,doctor,"Jos tätä tapahtuu häiritsevän paljon, kannattaa hakeutua _____.[8]",digit_in_token|citation_artifact|multiword_vocab_token,legacy,/home/vitus/floently-finnish/apps/backend/practice/data/cards/doctor_cards.json
doctor_5798,doctor,"Jos tätä tapahtuu häiritsevän paljon, kannattaa hakeutua _____.[8]",digit_in_token|citation_artifact|multiword_vocab_token,legacy,/home/vitus/floently-finnish/apps/backend/practice/data/cards/doctor_cards.json
doctor_5805,doctor,"Vuosittain Suomessa todetaan yli sata uutta syöpätapausta, joissa sairauden tiedetään aiheutuneen jostain työssä ilmenevästä tekijästä.[44] Esimerkiksi asbesti aiheuttaa noin 10 prosenttia tod_____ista keuhkosyöpätapauksista, radon 20 prosenttia ja tupakointi 70 prosenttia",digit_in_token|citation_artifact|multiword_vocab_token,legacy,/home/vitus/floently-finnish/apps/backend/practice/data/cards/doctor_cards.json
doctor_5806,doctor,"Vuosittain Suomessa todetaan yli sata uutta syöpätapausta, joissa sairauden tiedetään aiheutuneen jostain työssä ilmenevästä tekijästä.[44] Esimerkiksi asbesti aiheuttaa noin 10 prosenttia tod_____ista keuhkosyöpätapauksista, radon 20 prosenttia ja tupakointi 70 prosenttia",digit_in_token|citation_artifact|multiword_vocab_token,legacy,/home/vitus/floently-finnish/apps/backend/practice/data/cards/doctor_cards.json
doctor_5813,doctor,"– Diagnoosiin kuuluu myös jonkinlainen _____, aivan kuin se olisi omaa syytä",multiword_vocab_token,legacy,/home/vitus/floently-finnish/apps/backend/practice/data/cards/doctor_cards.json
doctor_5814,doctor,"– Diagnoosiin kuuluu myös jonkinlainen _____, aivan kuin se olisi omaa syytä",multiword_vocab_token,legacy,/home/vitus/floently-finnish/apps/backend/practice/data/cards/doctor_cards.json
doctor_5818,doctor,"Osalla ihmisistä on sellaiset geenit, että jokin _____tatautina alkanut tulehdus aiheuttaa heillä tavallista helpommin kivuliaita nivelsairauksia",multiword_vocab_token,legacy,/home/vitus/floently-finnish/apps/backend/practice/data/cards/doctor_cards.json
doctor_5819,doctor,"Osalla ihmisistä on sellaiset geenit, että jokin _____tatautina alkanut tulehdus aiheuttaa heillä tavallista helpommin kivuliaita nivelsairauksia",multiword_vocab_token,legacy,/home/vitus/floently-finnish/apps/backend/practice/data/cards/doctor_cards.json
doctor_5823,doctor,"Infektio eli tartunta tarkoittaa tautia aiheuttavan bakteerin, viruksen, _____, loisen tai muun patogeenin[1] tunkeutumista isäntälajin elimistöön ulkoa käsin tai siirtymistä isännän elimistön osasta toiseen niin runsain mitoin, että se kykenee vaurioittamaan isännän tervettä kudosta",digit_in_token|citation_artifact|multiword_vocab_token,legacy,/home/vitus/floently-finnish/apps/backend/practice/data/cards/doctor_cards.json
doctor_5824,doctor,"Infektio eli tartunta tarkoittaa tautia aiheuttavan bakteerin, viruksen, _____, loisen tai muun patogeenin[1] tunkeutumista isäntälajin elimistöön ulkoa käsin tai siirtymistä isännän elimistön osasta toiseen niin runsain mitoin, että se kykenee vaurioittamaan isännän tervettä kudosta",digit_in_token|citation_artifact|multiword_vocab_token,legacy,/home/vitus/floently-finnish/apps/backend/practice/data/cards/doctor_cards.json
doctor_5831,doctor,"Infektio eli tartunta tarkoittaa tautia aiheuttavan bakteerin, viruksen, sienen, loisen tai muun patogeenin[1] _____sta isäntälajin elimistöön ulkoa käsin tai siirtymistä isännän elimistön osasta toiseen niin runsain mitoin, että se kykenee vaurioittamaan isännän tervettä kudosta",digit_in_token|citation_artifact|multiword_vocab_token,legacy,/home/vitus/floently-finnish/apps/backend/practice/data/cards/doctor_cards.json
doctor_5832,doctor,"Infektio eli tartunta tarkoittaa tautia aiheuttavan bakteerin, viruksen, sienen, loisen tai muun patogeenin[1] _____sta isäntälajin elimistöön ulkoa käsin tai siirtymistä isännän elimistön osasta toiseen niin runsain mitoin, että se kykenee vaurioittamaan isännän tervettä kudosta",digit_in_token|citation_artifact|multiword_vocab_token,legacy,/home/vitus/floently-finnish/apps/backend/practice/data/cards/doctor_cards.json
doctor_5839,doctor,Lääkäriliitto käy _____mailla kouluttamassa opiskelijoille käytännön työtä tukevia taitoja kuten todistusten ja lausuntojen laatimista.,multiword_vocab_token,legacy,/home/vitus/floently-finnish/apps/backend/practice/data/cards/doctor_cards.json
doctor_5840,doctor,Lääkäriliitto käy _____mailla kouluttamassa opiskelijoille käytännön työtä tukevia taitoja kuten todistusten ja lausuntojen laatimista.,multiword_vocab_token,legacy,/home/vitus/floently-finnish/apps/backend/practice/data/cards/doctor_cards.json
doctor_5847,doctor,"Infektio eli tartunta tarkoittaa tautia aiheuttavan bakteerin, viruksen, sienen, loisen tai muun patogeenin[1] tunkeutumista isäntälajin elimistöön ulkoa käsin tai siirtymistä isännän elimistön osasta toiseen niin runsain _____, että se kykenee vaurioittamaan isännän tervettä kudosta",digit_in_token|citation_artifact|multiword_vocab_token,legacy,/home/vitus/floently-finnish/apps/backend/practice/data/cards/doctor_cards.json
doctor_5848,doctor,"Infektio eli tartunta tarkoittaa tautia aiheuttavan bakteerin, viruksen, sienen, loisen tai muun patogeenin[1] tunkeutumista isäntälajin elimistöön ulkoa käsin tai siirtymistä isännän elimistön osasta toiseen niin runsain _____, että se kykenee vaurioittamaan isännän tervettä kudosta",digit_in_token|citation_artifact|multiword_vocab_token,legacy,/home/vitus/floently-finnish/apps/backend/practice/data/cards/doctor_cards.json
doctor_5852,doctor,"Infektio eli tartunta tarkoittaa tautia aiheuttavan bakteerin, viruksen, sienen, loisen tai muun patogeenin[1] tunkeutumista isäntälajin elimistöön ulkoa käsin tai siirtymistä isännän elimistön osasta toiseen niin runsain mitoin, että se _____ vaurioittamaan isännän tervettä kudosta",digit_in_token|citation_artifact|multiword_vocab_token,legacy,/home/vitus/floently-finnish/apps/backend/practice/data/cards/doctor_cards.json
doctor_5853,doctor,"Infektio eli tartunta tarkoittaa tautia aiheuttavan bakteerin, viruksen, sienen, loisen tai muun patogeenin[1] tunkeutumista isäntälajin elimistöön ulkoa käsin tai siirtymistä isännän elimistön osasta toiseen niin runsain mitoin, että se _____ vaurioittamaan isännän tervettä kudosta",digit_in_token|citation_artifact|multiword_vocab_token,legacy,/home/vitus/floently-finnish/apps/backend/practice/data/cards/doctor_cards.json
doctor_5857,doctor,"Infektio eli tartunta tarkoittaa tautia aiheuttavan bakteerin, viruksen, sienen, loisen tai muun patogeenin[1] tunkeutumista isäntälajin elimistöön ulkoa käsin tai siirtymistä isännän elimistön osasta toiseen niin runsain mitoin, että se kykenee _____ isännän tervettä kudosta",digit_in_token|citation_artifact|multiword_vocab_token,legacy,/home/vitus/floently-finnish/apps/backend/practice/data/cards/doctor_cards.json
doctor_5858,doctor,"Infektio eli tartunta tarkoittaa tautia aiheuttavan bakteerin, viruksen, sienen, loisen tai muun patogeenin[1] tunkeutumista isäntälajin elimistöön ulkoa käsin tai siirtymistä isännän elimistön osasta toiseen niin runsain mitoin, että se kykenee _____ isännän tervettä kudosta",digit_in_token|citation_artifact|multiword_vocab_token,legacy,/home/vitus/floently-finnish/apps/backend/practice/data/cards/doctor_cards.json
doctor_5865,doctor,"Infektio eli tartunta tarkoittaa tautia aiheuttavan bakteerin, viruksen, sienen, loisen tai muun patogeenin[1] tunkeutumista isäntälajin elimistöön ulkoa käsin tai siirtymistä isännän elimistön osasta toiseen niin runsain mitoin, että se kykenee vaurioittamaan isännän tervettä _____",digit_in_token|citation_artifact|multiword_vocab_token,legacy,/home/vitus/floently-finnish/apps/backend/practice/data/cards/doctor_cards.json
doctor_5866,doctor,"Infektio eli tartunta tarkoittaa tautia aiheuttavan bakteerin, viruksen, sienen, loisen tai muun patogeenin[1] tunkeutumista isäntälajin elimistöön ulkoa käsin tai siirtymistä isännän elimistön osasta toiseen niin runsain mitoin, että se kykenee vaurioittamaan isännän tervettä _____",digit_in_token|citation_artifact|multiword_vocab_token,legacy,/home/vitus/floently-finnish/apps/backend/practice/data/cards/doctor_cards.json
doctor_5873,doctor,"tahdistin, _____), endoproteesit (esim",multiword_vocab_token,legacy,/home/vitus/floently-finnish/apps/backend/practice/data/cards/doctor_cards.json
doctor_5874,doctor,"tahdistin, _____), endoproteesit (esim",multiword_vocab_token,legacy,/home/vitus/floently-finnish/apps/backend/practice/data/cards/doctor_cards.json
doctor_5878,doctor,Lääkehoito annetaan usein _____ (sytostaatit) sekä hormonihoitoina,multiword_vocab_token,legacy,/home/vitus/floently-finnish/apps/backend/practice/data/cards/doctor_cards.json
doctor_5879,doctor,Lääkehoito annetaan usein _____ (sytostaatit) sekä hormonihoitoina,multiword_vocab_token,legacy,/home/vitus/floently-finnish/apps/backend/practice/data/cards/doctor_cards.json
doctor_5886,doctor,Lääkehoito annetaan usein solunsalpaajina (sytostaatit) sekä _____,multiword_vocab_token,legacy,/home/vitus/floently-finnish/apps/backend/practice/data/cards/doctor_cards.json
doctor_5887,doctor,Lääkehoito annetaan usein solunsalpaajina (sytostaatit) sekä _____,multiword_vocab_token,legacy,/home/vitus/floently-finnish/apps/backend/practice/data/cards/doctor_cards.json
doctor_5891,doctor,Lisäksi potilaan virtsassa voi olla tavallista enemmän _____,multiword_vocab_token,legacy,/home/vitus/floently-finnish/apps/backend/practice/data/cards/doctor_cards.json
doctor_5892,doctor,Lisäksi potilaan virtsassa voi olla tavallista enemmän _____,multiword_vocab_token,legacy,/home/vitus/floently-finnish/apps/backend/practice/data/cards/doctor_cards.json
doctor_5899,doctor,Niittyvuopiolle on ollut tärkeää olla _____ kokemistaan hoidoista ja taudin kuvasta,multiword_vocab_token,legacy,/home/vitus/floently-finnish/apps/backend/practice/data/cards/doctor_cards.json
doctor_5900,doctor,Niittyvuopiolle on ollut tärkeää olla _____ kokemistaan hoidoista ja taudin kuvasta,multiword_vocab_token,legacy,/home/vitus/floently-finnish/apps/backend/practice/data/cards/doctor_cards.json
doctor_5904,doctor,Niittyvuopiolle on ollut tärkeää olla avoin _____ hoidoista ja taudin kuvasta,multiword_vocab_token,legacy,/home/vitus/floently-finnish/apps/backend/practice/data/cards/doctor_cards.json
doctor_5905,doctor,Niittyvuopiolle on ollut tärkeää olla avoin _____ hoidoista ja taudin kuvasta,multiword_vocab_token,legacy,/home/vitus/floently-finnish/apps/backend/practice/data/cards/doctor_cards.json
doctor_5909,doctor,Niittyvuopiolle on ollut tärkeää olla avoin kokemistaan _____ ja taudin kuvasta,multiword_vocab_token,legacy,/home/vitus/floently-finnish/apps/backend/practice/data/cards/doctor_cards.json
doctor_5910,doctor,Niittyvuopiolle on ollut tärkeää olla avoin kokemistaan _____ ja taudin kuvasta,multiword_vocab_token,legacy,/home/vitus/floently-finnish/apps/backend/practice/data/cards/doctor_cards.json
doctor_5914,doctor,Niittyvuopiolle on ollut tärkeää olla avoin kokemistaan hoidoista ja taudin _____,multiword_vocab_token,legacy,/home/vitus/floently-finnish/apps/backend/practice/data/cards/doctor_cards.json
doctor_5915,doctor,Niittyvuopiolle on ollut tärkeää olla avoin kokemistaan hoidoista ja taudin _____,multiword_vocab_token,legacy,/home/vitus/floently-finnish/apps/backend/practice/data/cards/doctor_cards.json
doctor_5922,doctor,"Isossa-Britanniassa hoitosuositukset _____an puolestaan terveydenhuoltoviranomaisen asettamissa riippumattomissa komiteoissa, joiden jäseninä on sekä ammattilaisten että potilaiden edustajia",multiword_vocab_token,legacy,/home/vitus/floently-finnish/apps/backend/practice/data/cards/doctor_cards.json
doctor_5923,doctor,"Isossa-Britanniassa hoitosuositukset _____an puolestaan terveydenhuoltoviranomaisen asettamissa riippumattomissa komiteoissa, joiden jäseninä on sekä ammattilaisten että potilaiden edustajia",multiword_vocab_token,legacy,/home/vitus/floently-finnish/apps/backend/practice/data/cards/doctor_cards.json
doctor_5927,doctor,"Isossa-Britanniassa hoitosuositukset laaditaan puolestaan terveydenhuoltoviranomaisen _____ riippumattomissa komiteoissa, joiden jäseninä on sekä ammattilaisten että potilaiden edustajia",multiword_vocab_token,legacy,/home/vitus/floently-finnish/apps/backend/practice/data/cards/doctor_cards.json
doctor_5928,doctor,"Isossa-Britanniassa hoitosuositukset laaditaan puolestaan terveydenhuoltoviranomaisen _____ riippumattomissa komiteoissa, joiden jäseninä on sekä ammattilaisten että potilaiden edustajia",multiword_vocab_token,legacy,/home/vitus/floently-finnish/apps/backend/practice/data/cards/doctor_cards.json
doctor_5932,doctor,"Isossa-Britanniassa hoitosuositukset laaditaan puolestaan terveydenhuoltoviranomaisen asettamissa _____ssa komiteoissa, joiden jäseninä on sekä ammattilaisten että potilaiden edustajia",multiword_vocab_token,legacy,/home/vitus/floently-finnish/apps/backend/practice/data/cards/doctor_cards.json
doctor_5933,doctor,"Isossa-Britanniassa hoitosuositukset laaditaan puolestaan terveydenhuoltoviranomaisen asettamissa _____ssa komiteoissa, joiden jäseninä on sekä ammattilaisten että potilaiden edustajia",multiword_vocab_token,legacy,/home/vitus/floently-finnish/apps/backend/practice/data/cards/doctor_cards.json
doctor_5937,doctor,"Isossa-Britanniassa hoitosuositukset laaditaan puolestaan terveydenhuoltoviranomaisen asettamissa riippumattomissa _____, joiden jäseninä on sekä ammattilaisten että potilaiden edustajia",multiword_vocab_token,legacy,/home/vitus/floently-finnish/apps/backend/practice/data/cards/doctor_cards.json
doctor_5938,doctor,"Isossa-Britanniassa hoitosuositukset laaditaan puolestaan terveydenhuoltoviranomaisen asettamissa riippumattomissa _____, joiden jäseninä on sekä ammattilaisten että potilaiden edustajia",multiword_vocab_token,legacy,/home/vitus/floently-finnish/apps/backend/practice/data/cards/doctor_cards.json
doctor_5942,doctor,"Isossa-Britanniassa hoitosuositukset laaditaan puolestaan terveydenhuoltoviranomaisen asettamissa riippumattomissa komiteoissa, joiden _____nä on sekä ammattilaisten että potilaiden edustajia",multiword_vocab_token,legacy,/home/vitus/floently-finnish/apps/backend/practice/data/cards/doctor_cards.json
doctor_5943,doctor,"Isossa-Britanniassa hoitosuositukset laaditaan puolestaan terveydenhuoltoviranomaisen asettamissa riippumattomissa komiteoissa, joiden _____nä on sekä ammattilaisten että potilaiden edustajia",multiword_vocab_token,legacy,/home/vitus/floently-finnish/apps/backend/practice/data/cards/doctor_cards.json
doctor_5947,doctor,"These _____ are, in themselves, medical.",multiword_vocab_token,legacy,/home/vitus/floently-finnish/apps/backend/practice/data/cards/doctor_cards.json
doctor_5948,doctor,"These _____ are, in themselves, medical.",multiword_vocab_token,legacy,/home/vitus/floently-finnish/apps/backend/practice/data/cards/doctor_cards.json
doctor_5952,doctor,"These implications are, in _____, medical.",multiword_vocab_token,legacy,/home/vitus/floently-finnish/apps/backend/practice/data/cards/doctor_cards.json
doctor_5953,doctor,"These implications are, in _____, medical.",multiword_vocab_token,legacy,/home/vitus/floently-finnish/apps/backend/practice/data/cards/doctor_cards.json
doctor_5960,doctor,"Silloin sitä varten annetut hoitotoimenpiteet ja lääkkeet eivät välttämättä poista oireiden aiheutt_____, ja vakavampia mahdollisesti hengenvaarallisiakin seurauksia voi tulla.",multiword_vocab_token,legacy,/home/vitus/floently-finnish/apps/backend/practice/data/cards/doctor_cards.json
doctor_5961,doctor,"Silloin sitä varten annetut hoitotoimenpiteet ja lääkkeet eivät välttämättä poista oireiden aiheutt_____, ja vakavampia mahdollisesti hengenvaarallisiakin seurauksia voi tulla.",multiword_vocab_token,legacy,/home/vitus/floently-finnish/apps/backend/practice/data/cards/doctor_cards.json
doctor_5965,doctor,"Eräs Ylen haastattelema yksityisellä _____lla työskentelevä ammatinharjoittajalääkäri pitää huonoa palkkiota syynä sille, että valinnanvapauskokeilun aikoja on huonosti saatavilla",multiword_vocab_token,legacy,/home/vitus/floently-finnish/apps/backend/practice/data/cards/doctor_cards.json
doctor_5966,doctor,"Eräs Ylen haastattelema yksityisellä _____lla työskentelevä ammatinharjoittajalääkäri pitää huonoa palkkiota syynä sille, että valinnanvapauskokeilun aikoja on huonosti saatavilla",multiword_vocab_token,legacy,/home/vitus/floently-finnish/apps/backend/practice/data/cards/doctor_cards.json
doctor_5970,doctor,"Eräs Ylen haastattelema yksityisellä sektorilla _____ ammatinharjoittajalääkäri pitää huonoa palkkiota syynä sille, että valinnanvapauskokeilun aikoja on huonosti saatavilla",multiword_vocab_token,legacy,/home/vitus/floently-finnish/apps/backend/practice/data/cards/doctor_cards.json
doctor_5971,doctor,"Eräs Ylen haastattelema yksityisellä sektorilla _____ ammatinharjoittajalääkäri pitää huonoa palkkiota syynä sille, että valinnanvapauskokeilun aikoja on huonosti saatavilla",multiword_vocab_token,legacy,/home/vitus/floently-finnish/apps/backend/practice/data/cards/doctor_cards.json
doctor_5975,doctor,"Eräs Ylen haastattelema yksityisellä sektorilla työskentelevä ammatinharjoittajalääkäri pitää huonoa _____ syynä sille, että valinnanvapauskokeilun aikoja on huonosti saatavilla",multiword_vocab_token,legacy,/home/vitus/floently-finnish/apps/backend/practice/data/cards/doctor_cards.json
doctor_5976,doctor,"Eräs Ylen haastattelema yksityisellä sektorilla työskentelevä ammatinharjoittajalääkäri pitää huonoa _____ syynä sille, että valinnanvapauskokeilun aikoja on huonosti saatavilla",multiword_vocab_token,legacy,/home/vitus/floently-finnish/apps/backend/practice/data/cards/doctor_cards.json
doctor_5980,doctor,Endotoksemia on yleistä esimerkiksi _____ yhteydessä ja se lisää riskiä sairastua diabetekseen ja sydän- ja verisuonisairauksiin,multiword_vocab_token,legacy,/home/vitus/floently-finnish/apps/backend/practice/data/cards/doctor_cards.json
doctor_5981,doctor,Endotoksemia on yleistä esimerkiksi _____ yhteydessä ja se lisää riskiä sairastua diabetekseen ja sydän- ja verisuonisairauksiin,multiword_vocab_token,legacy,/home/vitus/floently-finnish/apps/backend/practice/data/cards/doctor_cards.json
doctor_5988,doctor,"Tuomi kertoo, että kaupungin _____ on ollut yhteydessä Compass Groupiin ja Iittalan keittiöön",multiword_vocab_token,legacy,/home/vitus/floently-finnish/apps/backend/practice/data/cards/doctor_cards.json
doctor_5989,doctor,"Tuomi kertoo, että kaupungin _____ on ollut yhteydessä Compass Groupiin ja Iittalan keittiöön",multiword_vocab_token,legacy,/home/vitus/floently-finnish/apps/backend/practice/data/cards/doctor_cards.json
doctor_5993,doctor,"Tuomi kertoo, että kaupungin terveysvalvonta on ollut yhteydessä Compass Groupiin ja Iittalan _____ön",multiword_vocab_token,legacy,/home/vitus/floently-finnish/apps/backend/practice/data/cards/doctor_cards.json
doctor_5994,doctor,"Tuomi kertoo, että kaupungin terveysvalvonta on ollut yhteydessä Compass Groupiin ja Iittalan _____ön",multiword_vocab_token,legacy,/home/vitus/floently-finnish/apps/backend/practice/data/cards/doctor_cards.json
doctor_6001,doctor,"Potilaan oikeuksien kunnioitusta on korostanut myös korkein oikeus _____ tapauksesta, jossa nainen pakotettiin syömään lääkkeitä tahdonvastaisessa psykiatrisessa hoidossa.",multiword_vocab_token,legacy,/home/vitus/floently-finnish/apps/backend/practice/data/cards/doctor_cards.json
doctor_6002,doctor,"Potilaan oikeuksien kunnioitusta on korostanut myös korkein oikeus _____ tapauksesta, jossa nainen pakotettiin syömään lääkkeitä tahdonvastaisessa psykiatrisessa hoidossa.",multiword_vocab_token,legacy,/home/vitus/floently-finnish/apps/backend/practice/data/cards/doctor_cards.json
doctor_6006,doctor,"Potilaan oikeuksien kunnioitusta on korostanut myös korkein oikeus päätöksessään tapauksesta, jossa nainen _____ syömään lääkkeitä tahdonvastaisessa psykiatrisessa hoidossa.",multiword_vocab_token,legacy,/home/vitus/floently-finnish/apps/backend/practice/data/cards/doctor_cards.json
doctor_6007,doctor,"Potilaan oikeuksien kunnioitusta on korostanut myös korkein oikeus päätöksessään tapauksesta, jossa nainen _____ syömään lääkkeitä tahdonvastaisessa psykiatrisessa hoidossa.",multiword_vocab_token,legacy,/home/vitus/floently-finnish/apps/backend/practice/data/cards/doctor_cards.json
doctor_6011,doctor,"Potilaan oikeuksien kunnioitusta on korostanut myös korkein oikeus päätöksessään tapauksesta, jossa nainen pakotettiin syömään lääkkeitä _____ psykiatrisessa hoidossa.",multiword_vocab_token,legacy,/home/vitus/floently-finnish/apps/backend/practice/data/cards/doctor_cards.json
doctor_6012,doctor,"Potilaan oikeuksien kunnioitusta on korostanut myös korkein oikeus päätöksessään tapauksesta, jossa nainen pakotettiin syömään lääkkeitä _____ psykiatrisessa hoidossa.",multiword_vocab_token,legacy,/home/vitus/floently-finnish/apps/backend/practice/data/cards/doctor_cards.json
doctor_6019,doctor,Ylen tietojen mukaan osa yksityisistä lääkäriasemista pitää itsellään leijonanosan kokeiluun kuuluvan vastaanoton _____ta,multiword_vocab_token,legacy,/home/vitus/floently-finnish/apps/backend/practice/data/cards/doctor_cards.json
doctor_6020,doctor,Ylen tietojen mukaan osa yksityisistä lääkäriasemista pitää itsellään leijonanosan kokeiluun kuuluvan vastaanoton _____ta,multiword_vocab_token,legacy,/home/vitus/floently-finnish/apps/backend/practice/data/cards/doctor_cards.json
doctor_6036,doctor,"Ammatinharjoittajalääkärit ovat yrittäjiä, jotka _____avat lääkäriasemilta vastaanottotiloja ja vastaanottoon tarvittavaa tekniikkaa",multiword_vocab_token,legacy,/home/vitus/floently-finnish/apps/backend/practice/data/cards/doctor_cards.json
doctor_6037,doctor,"Ammatinharjoittajalääkärit ovat yrittäjiä, jotka _____avat lääkäriasemilta vastaanottotiloja ja vastaanottoon tarvittavaa tekniikkaa",multiword_vocab_token,legacy,/home/vitus/floently-finnish/apps/backend/practice/data/cards/doctor_cards.json
doctor_6047,doctor,"Näiden keskiarvon perusteella diagnosoidaan kohonnut verenpaine.[9] Jos potilaalla epäillään olevan kohonnut verenpaine, tehdään mittaukset lääkärin tai _____n luona useana eri päivänä lyhyehkön ajanjakson sisällä",digit_in_token|citation_artifact|multiword_vocab_token,legacy,/home/vitus/floently-finnish/apps/backend/practice/data/cards/doctor_cards.json
doctor_6048,doctor,"Näiden keskiarvon perusteella diagnosoidaan kohonnut verenpaine.[9] Jos potilaalla epäillään olevan kohonnut verenpaine, tehdään mittaukset lääkärin tai _____n luona useana eri päivänä lyhyehkön ajanjakson sisällä",digit_in_token|citation_artifact|multiword_vocab_token,legacy,/home/vitus/floently-finnish/apps/backend/practice/data/cards/doctor_cards.json
doctor_6055,doctor,"Näiden keskiarvon perusteella diagnosoidaan kohonnut verenpaine.[9] Jos potilaalla epäillään olevan kohonnut verenpaine, tehdään mittaukset lääkärin tai terveydenhoitajan luona useana eri päivänä lyhyehkön _____n sisällä",digit_in_token|citation_artifact|multiword_vocab_token,legacy,/home/vitus/floently-finnish/apps/backend/practice/data/cards/doctor_cards.json
doctor_6056,doctor,"Näiden keskiarvon perusteella diagnosoidaan kohonnut verenpaine.[9] Jos potilaalla epäillään olevan kohonnut verenpaine, tehdään mittaukset lääkärin tai terveydenhoitajan luona useana eri päivänä lyhyehkön _____n sisällä",digit_in_token|citation_artifact|multiword_vocab_token,legacy,/home/vitus/floently-finnish/apps/backend/practice/data/cards/doctor_cards.json
doctor_6060,doctor,Syöpä_____ käsittelevä lääketieteen osa-alue on onkologia.lähde?,multiword_vocab_token,legacy,/home/vitus/floently-finnish/apps/backend/practice/data/cards/doctor_cards.json
doctor_6061,doctor,Syöpä_____ käsittelevä lääketieteen osa-alue on onkologia.lähde?,multiword_vocab_token,legacy,/home/vitus/floently-finnish/apps/backend/practice/data/cards/doctor_cards.json
doctor_6065,doctor,"Sairauksia, niiden hoitoa ja _____ laajana kokonaisuutena tutkii lääketiede, joka koostuu useista lääketieteen erikoisaloista.",multiword_vocab_token,legacy,/home/vitus/floently-finnish/apps/backend/practice/data/cards/doctor_cards.json
doctor_6066,doctor,"Sairauksia, niiden hoitoa ja _____ laajana kokonaisuutena tutkii lääketiede, joka koostuu useista lääketieteen erikoisaloista.",multiword_vocab_token,legacy,/home/vitus/floently-finnish/apps/backend/practice/data/cards/doctor_cards.json
doctor_6070,doctor,"Sairauksia, niiden hoitoa ja ehkäisyä laajana _____ tutkii lääketiede, joka koostuu useista lääketieteen erikoisaloista.",multiword_vocab_token,legacy,/home/vitus/floently-finnish/apps/backend/practice/data/cards/doctor_cards.json
doctor_6071,doctor,"Sairauksia, niiden hoitoa ja ehkäisyä laajana _____ tutkii lääketiede, joka koostuu useista lääketieteen erikoisaloista.",multiword_vocab_token,legacy,/home/vitus/floently-finnish/apps/backend/practice/data/cards/doctor_cards.json
doctor_6078,doctor,"Ei siis ole _____, että nettiklinikoiden määrä kasvaa nopeasti",multiword_vocab_token,legacy,/home/vitus/floently-finnish/apps/backend/practice/data/cards/doctor_cards.json
doctor_6079,doctor,"Ei siis ole _____, että nettiklinikoiden määrä kasvaa nopeasti",multiword_vocab_token,legacy,/home/vitus/floently-finnish/apps/backend/practice/data/cards/doctor_cards.json
doctor_6083,doctor,"Ei siis ole ihme, että _____iden määrä kasvaa nopeasti",multiword_vocab_token,legacy,/home/vitus/floently-finnish/apps/backend/practice/data/cards/doctor_cards.json
doctor_6084,doctor,"Ei siis ole ihme, että _____iden määrä kasvaa nopeasti",multiword_vocab_token,legacy,/home/vitus/floently-finnish/apps/backend/practice/data/cards/doctor_cards.json
doctor_6088,doctor,"Taskilan mukaan _____en puolelle ei voida mennä, jos potilas pystyy selkeästi ilmaisemaan oman kantansa ja perustelemaan sen järkevällä tavalla – ellei sitten ole kyse tilapäisen sairaudentilan aiheuttamasta ongelmasta henkilön ajattelussa.",multiword_vocab_token,legacy,/home/vitus/floently-finnish/apps/backend/practice/data/cards/doctor_cards.json
doctor_6089,doctor,"Taskilan mukaan _____en puolelle ei voida mennä, jos potilas pystyy selkeästi ilmaisemaan oman kantansa ja perustelemaan sen järkevällä tavalla – ellei sitten ole kyse tilapäisen sairaudentilan aiheuttamasta ongelmasta henkilön ajattelussa.",multiword_vocab_token,legacy,/home/vitus/floently-finnish/apps/backend/practice/data/cards/doctor_cards.json
doctor_6096,doctor,"Taskilan mukaan pakkotoimien puolelle ei voida mennä, jos potilas pystyy selkeästi ilmaisemaan oman kantansa ja perustelemaan sen _____ tavalla – ellei sitten ole kyse tilapäisen sairaudentilan aiheuttamasta ongelmasta henkilön ajattelussa.",multiword_vocab_token,legacy,/home/vitus/floently-finnish/apps/backend/practice/data/cards/doctor_cards.json
doctor_6097,doctor,"Taskilan mukaan pakkotoimien puolelle ei voida mennä, jos potilas pystyy selkeästi ilmaisemaan oman kantansa ja perustelemaan sen _____ tavalla – ellei sitten ole kyse tilapäisen sairaudentilan aiheuttamasta ongelmasta henkilön ajattelussa.",multiword_vocab_token,legacy,/home/vitus/floently-finnish/apps/backend/practice/data/cards/doctor_cards.json
doctor_6104,doctor,"Taskilan mukaan pakkotoimien puolelle ei voida mennä, jos potilas pystyy selkeästi ilmaisemaan oman kantansa ja perustelemaan sen järkevällä tavalla – ellei sitten ole kyse tilapäisen _____n aiheuttamasta ongelmasta henkilön ajattelussa.",multiword_vocab_token,legacy,/home/vitus/floently-finnish/apps/backend/practice/data/cards/doctor_cards.json
doctor_6105,doctor,"Taskilan mukaan pakkotoimien puolelle ei voida mennä, jos potilas pystyy selkeästi ilmaisemaan oman kantansa ja perustelemaan sen järkevällä tavalla – ellei sitten ole kyse tilapäisen _____n aiheuttamasta ongelmasta henkilön ajattelussa.",multiword_vocab_token,legacy,/home/vitus/floently-finnish/apps/backend/practice/data/cards/doctor_cards.json
doctor_6109,doctor,"Taskilan mukaan pakkotoimien puolelle ei voida mennä, jos potilas pystyy selkeästi ilmaisemaan oman kantansa ja perustelemaan sen järkevällä tavalla – ellei sitten ole kyse tilapäisen sairaudentilan aiheuttamasta ongelmasta henkilön _____ssa.",multiword_vocab_token,legacy,/home/vitus/floently-finnish/apps/backend/practice/data/cards/doctor_cards.json
